#
# There is insufficient memory for the Java Runtime Environment to continue.
# Native memory allocation (malloc) failed to allocate 1087216 bytes. Error detail: Chunk::new
# Possible reasons:
#   The system is out of physical RAM or swap space
#   This process is running with CompressedOops enabled, and the Java Heap may be blocking the growth of the native heap
# Possible solutions:
#   Reduce memory load on the system
#   Increase physical memory or swap space
#   Check if swap backing store is full
#   Decrease Java heap size (-Xmx/-Xms)
#   Decrease number of Java threads
#   Decrease Java thread stack sizes (-Xss)
#   Set larger code cache with -XX:ReservedCodeCacheSize=
#   JVM is running with Unscaled Compressed Oops mode in which the Java heap is
#     placed in the first 4GB address space. The Java Heap base address is the
#     maximum limit for the native heap growth. Please use -XX:HeapBaseMinAddress
#     to set the Java Heap base and to place the Java Heap above 4GB virtual address.
# This output file may be truncated or incomplete.
#
#  Out of Memory Error (arena.cpp:168), pid=17124, tid=17792
#
# JRE version: OpenJDK Runtime Environment (21.0.10) (build 21.0.10+-14961533-b1163.108)
# Java VM: OpenJDK 64-Bit Server VM (21.0.10+-14961533-b1163.108, mixed mode, tiered, compressed oops, compressed class ptrs, g1 gc, windows-amd64)
# No core dump will be written. Minidumps are not enabled by default on client versions of Windows
#

---------------  S U M M A R Y ------------

Command Line: -XX:MaxMetaspaceSize=512m -XX:+HeapDumpOnOutOfMemoryError --add-opens=java.base/java.util=ALL-UNNAMED --add-opens=java.base/java.lang=ALL-UNNAMED --add-opens=java.base/java.lang.invoke=ALL-UNNAMED --add-opens=java.prefs/java.util.prefs=ALL-UNNAMED --add-exports=jdk.compiler/com.sun.tools.javac.api=ALL-UNNAMED --add-exports=jdk.compiler/com.sun.tools.javac.util=ALL-UNNAMED --add-opens=java.base/java.nio.charset=ALL-UNNAMED --add-opens=java.base/java.net=ALL-UNNAMED --add-opens=java.base/java.util.concurrent.atomic=ALL-UNNAMED -Xmx768m -Dfile.encoding=UTF-8 -Duser.country=US -Duser.language=en -Duser.variant -javaagent:C:\Users\gyral\.gradle\wrapper\dists\gradle-8.9-bin\90cnw93cvbtalezasaz0blq0a\gradle-8.9\lib\agents\gradle-instrumentation-agent-8.9.jar org.gradle.launcher.daemon.bootstrap.GradleDaemon 8.9

Host: Intel(R) Core(TM) i7-10510U CPU @ 1.80GHz, 8 cores, 3G,  Windows 11 , 64 bit Build 26100 (10.0.26100.8328)
Time: Wed May 27 17:50:12 2026 Malay Peninsula Standard Time elapsed time: 27.250272 seconds (0d 0h 0m 27s)

---------------  T H R E A D  ---------------

Current thread (0x000001f1f73b4640):  JavaThread "C2 CompilerThread0" daemon [_thread_in_native, id=17792, stack(0x0000009603f00000,0x0000009604000000) (1024K)]


Current CompileTask:
C2:27250 14885       4       java.lang.invoke.DelegatingMethodHandle::makeReinvokerForm (326 bytes)

Stack: [0x0000009603f00000,0x0000009604000000]
Native frames: (J=compiled Java code, j=interpreted, Vv=VM code, C=native code)
V  [jvm.dll+0x6d78a9]
V  [jvm.dll+0x8665b3]
V  [jvm.dll+0x868bde]
V  [jvm.dll+0x8692c3]
V  [jvm.dll+0x280ee6]
V  [jvm.dll+0xc07cd]
V  [jvm.dll+0xc0d03]
V  [jvm.dll+0x3ba091]
V  [jvm.dll+0x385df7]
V  [jvm.dll+0x38526a]
V  [jvm.dll+0x249bd2]
V  [jvm.dll+0x2491a1]
V  [jvm.dll+0x1c76e4]
V  [jvm.dll+0x25891e]
V  [jvm.dll+0x256e66]
V  [jvm.dll+0x3f513e]
V  [jvm.dll+0x80fd28]
V  [jvm.dll+0x6d60fd]
C  [ucrtbase.dll+0x37b0]
C  [KERNEL32.DLL+0x2e957]
C  [ntdll.dll+0x427c]


---------------  P R O C E S S  ---------------

Threads class SMR info:
_java_thread_list=0x000001f190a0baf0, length=73, elements={
0x000001f1f040a9f0, 0x000001f1f7223c70, 0x000001f1f722d070, 0x000001f1f722dad0,
0x000001f1f7383830, 0x000001f1f7384290, 0x000001f1f7384cf0, 0x000001f1f7385ef0,
0x000001f1f73b4640, 0x000001f1f73cc550, 0x000001f1f76abf80, 0x000001f1fc4490a0,
0x000001f1fcbc74b0, 0x000001f1fcf7ddd0, 0x000001f1fc91b4b0, 0x000001f1fd18aa70,
0x000001f1fc8e8cf0, 0x000001f1fd5ef6f0, 0x000001f1fcb5e2d0, 0x000001f1fcb5dc40,
0x000001f1fcb5d5b0, 0x000001f1fcb603a0, 0x000001f1fcb5e960, 0x000001f1fcb5cf20,
0x000001f1fcb5f680, 0x000001f1fcb5fd10, 0x000001f1fe4f8c10, 0x000001f1fe4f64b0,
0x000001f1fe4f7860, 0x000001f1fe4f7ef0, 0x000001f1fe4f5e20, 0x000001f1fe4f71d0,
0x000001f1fe4f92a0, 0x000001f1fe4f9fc0, 0x000001f1fe4fb370, 0x000001f1fe4fc720,
0x000001f1fe4fa650, 0x000001f1fe4fba00, 0x000001f1fe4fd440, 0x000001f1fe4face0,
0x000001f1fcf3f9a0, 0x000001f1fcf406c0, 0x000001f1fcf40d50, 0x000001f1fcf3ec80,
0x000001f1fcf434b0, 0x000001f1fcf44860, 0x000001f1902fee20, 0x000001f190303ce0,
0x000001f1fcf43b40, 0x000001f19788e8e0, 0x000001f19788c810, 0x000001f19788d530,
0x000001f197888d00, 0x000001f19788ef70, 0x000001f19788dbc0, 0x000001f19788f600,
0x000001f1913ff2d0, 0x000001f191400680, 0x000001f1913ff960, 0x000001f1914013a0,
0x000001f1913fdf20, 0x000001f1913ffff0, 0x000001f191400d10, 0x000001f191401a30,
0x000001f1913fe5b0, 0x000001f191404190, 0x000001f191404eb0, 0x000001f191402de0,
0x000001f191276fc0, 0x000001f191275580, 0x000001f191275c10, 0x000001f1912762a0,
0x000001f191276930
}

Java Threads: ( => current thread )
  0x000001f1f040a9f0 JavaThread "main"                              [_thread_blocked, id=15452, stack(0x0000009603000000,0x0000009603100000) (1024K)]
  0x000001f1f7223c70 JavaThread "Common-Cleaner"             daemon [_thread_blocked, id=2016, stack(0x0000009603800000,0x0000009603900000) (1024K)]
  0x000001f1f722d070 JavaThread "Reference Handler"          daemon [_thread_blocked, id=17436, stack(0x0000009603900000,0x0000009603a00000) (1024K)]
  0x000001f1f722dad0 JavaThread "Finalizer"                  daemon [_thread_blocked, id=17960, stack(0x0000009603a00000,0x0000009603b00000) (1024K)]
  0x000001f1f7383830 JavaThread "Signal Dispatcher"          daemon [_thread_blocked, id=16300, stack(0x0000009603b00000,0x0000009603c00000) (1024K)]
  0x000001f1f7384290 JavaThread "Attach Listener"            daemon [_thread_blocked, id=12872, stack(0x0000009603c00000,0x0000009603d00000) (1024K)]
  0x000001f1f7384cf0 JavaThread "Service Thread"             daemon [_thread_blocked, id=17268, stack(0x0000009603d00000,0x0000009603e00000) (1024K)]
  0x000001f1f7385ef0 JavaThread "Monitor Deflation Thread"   daemon [_thread_blocked, id=4352, stack(0x0000009603e00000,0x0000009603f00000) (1024K)]
=>0x000001f1f73b4640 JavaThread "C2 CompilerThread0"         daemon [_thread_in_native, id=17792, stack(0x0000009603f00000,0x0000009604000000) (1024K)]
  0x000001f1f73cc550 JavaThread "C1 CompilerThread0"         daemon [_thread_blocked, id=9324, stack(0x0000009604000000,0x0000009604100000) (1024K)]
  0x000001f1f76abf80 JavaThread "Notification Thread"        daemon [_thread_blocked, id=18540, stack(0x0000009604100000,0x0000009604200000) (1024K)]
  0x000001f1fc4490a0 JavaThread "Daemon health stats"               [_thread_blocked, id=7032, stack(0x0000009604600000,0x0000009604700000) (1024K)]
  0x000001f1fcbc74b0 JavaThread "Incoming local TCP Connector on port 57453"        [_thread_in_native, id=22476, stack(0x0000009604a00000,0x0000009604b00000) (1024K)]
  0x000001f1fcf7ddd0 JavaThread "Daemon periodic checks"            [_thread_blocked, id=22216, stack(0x0000009604b00000,0x0000009604c00000) (1024K)]
  0x000001f1fc91b4b0 JavaThread "Daemon"                            [_thread_blocked, id=2084, stack(0x0000009604c00000,0x0000009604d00000) (1024K)]
  0x000001f1fd18aa70 JavaThread "Handler for socket connection from /127.0.0.1:57453 to /127.0.0.1:57454"        [_thread_in_native, id=17604, stack(0x0000009604d00000,0x0000009604e00000) (1024K)]
  0x000001f1fc8e8cf0 JavaThread "Cancel handler"                    [_thread_blocked, id=820, stack(0x0000009604e00000,0x0000009604f00000) (1024K)]
  0x000001f1fd5ef6f0 JavaThread "Daemon worker"                     [_thread_blocked, id=8128, stack(0x0000009604f00000,0x0000009605000000) (1024K)]
  0x000001f1fcb5e2d0 JavaThread "Asynchronous log dispatcher for DefaultDaemonConnection: socket connection from /127.0.0.1:57453 to /127.0.0.1:57454"        [_thread_blocked, id=1156, stack(0x0000009605000000,0x0000009605100000) (1024K)]
  0x000001f1fcb5dc40 JavaThread "Stdin handler"                     [_thread_blocked, id=20664, stack(0x0000009605100000,0x0000009605200000) (1024K)]
  0x000001f1fcb5d5b0 JavaThread "Daemon client event forwarder"        [_thread_blocked, id=18716, stack(0x0000009605200000,0x0000009605300000) (1024K)]
  0x000001f1fcb603a0 JavaThread "Cache worker for journal cache (C:\Users\gyral\.gradle\caches\journal-1)"        [_thread_blocked, id=144, stack(0x0000009605400000,0x0000009605500000) (1024K)]
  0x000001f1fcb5e960 JavaThread "File lock request listener"        [_thread_in_native, id=15364, stack(0x0000009605500000,0x0000009605600000) (1024K)]
  0x000001f1fcb5cf20 JavaThread "Cache worker for file hash cache (C:\Users\gyral\.gradle\caches\8.9\fileHashes)"        [_thread_blocked, id=21268, stack(0x0000009605600000,0x0000009605700000) (1024K)]
  0x000001f1fcb5f680 JavaThread "Cache worker for file hash cache (C:\Users\gyral\Downloads\IT342-Belen-PantryPulse-main\IT342-Belen-PantryPulse-main\pantrypulse-mobile\.gradle\8.9\fileHashes)"        [_thread_blocked, id=1188, stack(0x0000009605700000,0x0000009605800000) (1024K)]
  0x000001f1fcb5fd10 JavaThread "Cache worker for Build Output Cleanup Cache (C:\Users\gyral\Downloads\IT342-Belen-PantryPulse-main\IT342-Belen-PantryPulse-main\pantrypulse-mobile\.gradle\buildOutputCleanup)"        [_thread_blocked, id=15500, stack(0x0000009605800000,0x0000009605900000) (1024K)]
  0x000001f1fe4f8c10 JavaThread "File watcher server"        daemon [_thread_in_native, id=19756, stack(0x0000009605900000,0x0000009605a00000) (1024K)]
  0x000001f1fe4f64b0 JavaThread "File watcher consumer"      daemon [_thread_blocked, id=12124, stack(0x0000009605a00000,0x0000009605b00000) (1024K)]
  0x000001f1fe4f7860 JavaThread "Cache worker for checksums cache (C:\Users\gyral\Downloads\IT342-Belen-PantryPulse-main\IT342-Belen-PantryPulse-main\pantrypulse-mobile\.gradle\8.9\checksums)"        [_thread_blocked, id=1080, stack(0x0000009605b00000,0x0000009605c00000) (1024K)]
  0x000001f1fe4f7ef0 JavaThread "Cache worker for file content cache (C:\Users\gyral\.gradle\caches\8.9\fileContent)"        [_thread_blocked, id=17988, stack(0x0000009605c00000,0x0000009605d00000) (1024K)]
  0x000001f1fe4f5e20 JavaThread "Cache worker for cache directory md-rule (C:\Users\gyral\.gradle\caches\8.9\md-rule)"        [_thread_blocked, id=18336, stack(0x0000009605d00000,0x0000009605e00000) (1024K)]
  0x000001f1fe4f71d0 JavaThread "Cache worker for cache directory md-supplier (C:\Users\gyral\.gradle\caches\8.9\md-supplier)"        [_thread_blocked, id=5032, stack(0x0000009605e00000,0x0000009605f00000) (1024K)]
  0x000001f1fe4f92a0 JavaThread "jar transforms"                    [_thread_blocked, id=13212, stack(0x0000009606000000,0x0000009606100000) (1024K)]
  0x000001f1fe4f9fc0 JavaThread "jar transforms Thread 2"           [_thread_blocked, id=13672, stack(0x0000009606100000,0x0000009606200000) (1024K)]
  0x000001f1fe4fb370 JavaThread "jar transforms Thread 3"           [_thread_blocked, id=22272, stack(0x0000009606200000,0x0000009606300000) (1024K)]
  0x000001f1fe4fc720 JavaThread "Unconstrained build operations"        [_thread_blocked, id=21220, stack(0x0000009606300000,0x0000009606400000) (1024K)]
  0x000001f1fe4fa650 JavaThread "Unconstrained build operations Thread 2"        [_thread_blocked, id=21628, stack(0x0000009606400000,0x0000009606500000) (1024K)]
  0x000001f1fe4fba00 JavaThread "jar transforms Thread 4"           [_thread_blocked, id=6452, stack(0x0000009606500000,0x0000009606600000) (1024K)]
  0x000001f1fe4fd440 JavaThread "jar transforms Thread 5"           [_thread_blocked, id=15400, stack(0x0000009606600000,0x0000009606700000) (1024K)]
  0x000001f1fe4face0 JavaThread "Unconstrained build operations Thread 3"        [_thread_blocked, id=17076, stack(0x0000009606700000,0x0000009606800000) (1024K)]
  0x000001f1fcf3f9a0 JavaThread "jar transforms Thread 6"           [_thread_blocked, id=19608, stack(0x0000009606800000,0x0000009606900000) (1024K)]
  0x000001f1fcf406c0 JavaThread "jar transforms Thread 7"           [_thread_blocked, id=19912, stack(0x0000009606900000,0x0000009606a00000) (1024K)]
  0x000001f1fcf40d50 JavaThread "jar transforms Thread 8"           [_thread_blocked, id=12364, stack(0x0000009606a00000,0x0000009606b00000) (1024K)]
  0x000001f1fcf3ec80 JavaThread "Unconstrained build operations Thread 4"        [_thread_blocked, id=21624, stack(0x0000009606b00000,0x0000009606c00000) (1024K)]
  0x000001f1fcf434b0 JavaThread "Unconstrained build operations Thread 5"        [_thread_blocked, id=12992, stack(0x0000009606c00000,0x0000009606d00000) (1024K)]
  0x000001f1fcf44860 JavaThread "Unconstrained build operations Thread 6"        [_thread_blocked, id=7820, stack(0x0000009606d00000,0x0000009606e00000) (1024K)]
  0x000001f1902fee20 JavaThread "build event listener"              [_thread_blocked, id=16244, stack(0x0000009605f00000,0x0000009606000000) (1024K)]
  0x000001f190303ce0 JavaThread "Memory manager"                    [_thread_blocked, id=19932, stack(0x0000009606e00000,0x0000009606f00000) (1024K)]
  0x000001f1fcf43b40 JavaThread "build event listener"              [_thread_blocked, id=11156, stack(0x0000009606f00000,0x0000009607000000) (1024K)]
  0x000001f19788e8e0 JavaThread "included builds"                   [_thread_blocked, id=15980, stack(0x0000009607100000,0x0000009607200000) (1024K)]
  0x000001f19788c810 JavaThread "Execution worker"                  [_thread_in_native, id=16928, stack(0x0000009607200000,0x0000009607300000) (1024K)]
  0x000001f19788d530 JavaThread "Cache worker for execution history cache (C:\Users\gyral\Downloads\IT342-Belen-PantryPulse-main\IT342-Belen-PantryPulse-main\pantrypulse-mobile\.gradle\8.9\executionHistory)"        [_thread_blocked, id=16180, stack(0x0000009607300000,0x0000009607400000) (1024K)]
  0x000001f197888d00 JavaThread "Unconstrained build operations Thread 7"        [_thread_blocked, id=10944, stack(0x0000009607400000,0x0000009607500000) (1024K)]
  0x000001f19788ef70 JavaThread "Unconstrained build operations Thread 8"        [_thread_blocked, id=19872, stack(0x0000009607500000,0x0000009607600000) (1024K)]
  0x000001f19788dbc0 JavaThread "Unconstrained build operations Thread 9"        [_thread_blocked, id=17880, stack(0x0000009607600000,0x0000009607700000) (1024K)]
  0x000001f19788f600 JavaThread "Unconstrained build operations Thread 10"        [_thread_blocked, id=16648, stack(0x0000009607700000,0x0000009607800000) (1024K)]
  0x000001f1913ff2d0 JavaThread "Unconstrained build operations Thread 11"        [_thread_blocked, id=20364, stack(0x0000009607800000,0x0000009607900000) (1024K)]
  0x000001f191400680 JavaThread "Unconstrained build operations Thread 12"        [_thread_blocked, id=2648, stack(0x0000009607900000,0x0000009607a00000) (1024K)]
  0x000001f1913ff960 JavaThread "Unconstrained build operations Thread 13"        [_thread_blocked, id=12764, stack(0x0000009607a00000,0x0000009607b00000) (1024K)]
  0x000001f1914013a0 JavaThread "Unconstrained build operations Thread 14"        [_thread_blocked, id=16680, stack(0x0000009607b00000,0x0000009607c00000) (1024K)]
  0x000001f1913fdf20 JavaThread "Unconstrained build operations Thread 15"        [_thread_blocked, id=21092, stack(0x0000009607c00000,0x0000009607d00000) (1024K)]
  0x000001f1913ffff0 JavaThread "Unconstrained build operations Thread 16"        [_thread_blocked, id=15120, stack(0x0000009607d00000,0x0000009607e00000) (1024K)]
  0x000001f191400d10 JavaThread "Unconstrained build operations Thread 17"        [_thread_blocked, id=18080, stack(0x0000009607e00000,0x0000009607f00000) (1024K)]
  0x000001f191401a30 JavaThread "Unconstrained build operations Thread 18"        [_thread_blocked, id=13912, stack(0x0000009607f00000,0x0000009608000000) (1024K)]
  0x000001f1913fe5b0 JavaThread "Unconstrained build operations Thread 19"        [_thread_blocked, id=22504, stack(0x0000009608000000,0x0000009608100000) (1024K)]
  0x000001f191404190 JavaThread "WorkerExecutor Queue"              [_thread_in_native, id=22392, stack(0x0000009607000000,0x0000009607100000) (1024K)]
  0x000001f191404eb0 JavaThread "Unconstrained build operations Thread 20"        [_thread_blocked, id=9196, stack(0x0000009608100000,0x0000009608200000) (1024K)]
  0x000001f191402de0 JavaThread "RMI Scheduler(0)"           daemon [_thread_blocked, id=10792, stack(0x0000009608200000,0x0000009608300000) (1024K)]
  0x000001f191276fc0 JavaThread "RMI GC Daemon"              daemon [_thread_blocked, id=19636, stack(0x0000009608400000,0x0000009608500000) (1024K)]
  0x000001f191275580 JavaThread "RMI RenewClean-[127.0.0.1:17208,org.jetbrains.kotlin.daemon.common.LoopbackNetworkInterface$ClientLoopbackSocketFactory@17ccaa37]" daemon [_thread_blocked, id=19648, stack(0x0000009608500000,0x0000009608600000) (1024K)]
  0x000001f191275c10 JavaThread "RMI TCP Accept-0"           daemon [_thread_in_native, id=22396, stack(0x0000009608600000,0x0000009608700000) (1024K)]
  0x000001f1912762a0 JavaThread "RMI Reaper"                        [_thread_blocked, id=8976, stack(0x0000009608700000,0x0000009608800000) (1024K)]
  0x000001f191276930 JavaThread "RMI TCP Connection(1)-127.0.0.1" daemon [_thread_in_native, id=22360, stack(0x0000009608300000,0x0000009608400000) (1024K)]
Total: 73

Other Threads:
  0x000001f1f71a0550 VMThread "VM Thread"                           [id=14000, stack(0x0000009603700000,0x0000009603800000) (1024K)]
  0x000001f1f714da20 WatcherThread "VM Periodic Task Thread"        [id=11792, stack(0x0000009603600000,0x0000009603700000) (1024K)]
  0x000001f1f043cdf0 WorkerThread "GC Thread#0"                     [id=16460, stack(0x0000009603100000,0x0000009603200000) (1024K)]
  0x000001f1f79a9e00 WorkerThread "GC Thread#1"                     [id=17064, stack(0x0000009604200000,0x0000009604300000) (1024K)]
  0x000001f1f7870610 WorkerThread "GC Thread#2"                     [id=7868, stack(0x0000009604300000,0x0000009604400000) (1024K)]
  0x000001f1fc56b410 WorkerThread "GC Thread#3"                     [id=18152, stack(0x0000009604400000,0x0000009604500000) (1024K)]
  0x000001f1fc56b7c0 WorkerThread "GC Thread#4"                     [id=21076, stack(0x0000009604500000,0x0000009604600000) (1024K)]
  0x000001f1fd6c8690 WorkerThread "GC Thread#5"                     [id=18980, stack(0x0000009604700000,0x0000009604800000) (1024K)]
  0x000001f1fc8aa590 WorkerThread "GC Thread#6"                     [id=13016, stack(0x0000009604800000,0x0000009604900000) (1024K)]
  0x000001f1fd992520 WorkerThread "GC Thread#7"                     [id=15860, stack(0x0000009604900000,0x0000009604a00000) (1024K)]
  0x000001f1f0443e50 ConcurrentGCThread "G1 Main Marker"            [id=19124, stack(0x0000009603200000,0x0000009603300000) (1024K)]
  0x000001f1f0446800 WorkerThread "G1 Conc#0"                       [id=2104, stack(0x0000009603300000,0x0000009603400000) (1024K)]
  0x000001f1fd992170 WorkerThread "G1 Conc#1"                       [id=3252, stack(0x0000009605300000,0x0000009605400000) (1024K)]
  0x000001f1f04b4260 ConcurrentGCThread "G1 Refine#0"               [id=20620, stack(0x0000009603400000,0x0000009603500000) (1024K)]
  0x000001f1f04b6aa0 ConcurrentGCThread "G1 Service"                [id=18568, stack(0x0000009603500000,0x0000009603600000) (1024K)]
Total: 15

Threads with active compile tasks:
C2 CompilerThread0  27283 14885       4       java.lang.invoke.DelegatingMethodHandle::makeReinvokerForm (326 bytes)
Total: 1

VM state: not at safepoint (normal execution)

VM Mutex/Monitor currently owned by a thread: None

Heap address: 0x00000000d0000000, size: 768 MB, Compressed Oops mode: 32-bit

CDS archive(s) not mapped
Compressed class space mapped at: 0x0000000100000000-0x000000011a000000, reserved size: 436207616
Narrow klass base: 0x0000000000000000, Narrow klass shift: 3, Narrow klass range: 0x11a000000

GC Precious Log:
 CardTable entry size: 512
 Card Set container configuration: InlinePtr #cards 5 size 8 Array Of Cards #cards 12 size 40 Howl #buckets 4 coarsen threshold 1843 Howl Bitmap #cards 512 size 80 coarsen threshold 460 Card regions per heap region 1 cards per card region 2048
 CPUs: 8 total, 8 available
 Memory: 3902M
 Large Page Support: Disabled
 NUMA Support: Disabled
 Compressed Oops: Enabled (32-bit)
 Heap Region Size: 1M
 Heap Min Capacity: 8M
 Heap Initial Capacity: 62M
 Heap Max Capacity: 768M
 Pre-touch: Disabled
 Parallel Workers: 8
 Concurrent Workers: 2
 Concurrent Refinement Workers: 8
 Periodic GC: Disabled

Heap:
 garbage-first heap   total 227328K, used 155160K [0x00000000d0000000, 0x0000000100000000)
  region size 1024K, 27 young (27648K), 8 survivors (8192K)
 Metaspace       used 122873K, committed 125056K, reserved 557056K
  class space    used 17440K, committed 18496K, reserved 425984K

Heap Regions: E=young(eden), S=young(survivor), O=old, HS=humongous(starts), HC=humongous(continues), CS=collection set, F=free, TAMS=top-at-mark-start, PB=parsable bottom
|   0|0x00000000d0000000, 0x00000000d0100000, 0x00000000d0100000|100%|HS|  |TAMS 0x00000000d0000000| PB 0x00000000d0000000| Complete 
|   1|0x00000000d0100000, 0x00000000d0200000, 0x00000000d0200000|100%|HC|  |TAMS 0x00000000d0100000| PB 0x00000000d0100000| Complete 
|   2|0x00000000d0200000, 0x00000000d0300000, 0x00000000d0300000|100%|HC|  |TAMS 0x00000000d0200000| PB 0x00000000d0200000| Complete 
|   3|0x00000000d0300000, 0x00000000d0400000, 0x00000000d0400000|100%|HC|  |TAMS 0x00000000d0300000| PB 0x00000000d0300000| Complete 
|   4|0x00000000d0400000, 0x00000000d0500000, 0x00000000d0500000|100%| O|  |TAMS 0x00000000d0400000| PB 0x00000000d0400000| Untracked 
|   5|0x00000000d0500000, 0x00000000d0600000, 0x00000000d0600000|100%| O|  |TAMS 0x00000000d0500000| PB 0x00000000d0500000| Untracked 
|   6|0x00000000d0600000, 0x00000000d0700000, 0x00000000d0700000|100%| O|  |TAMS 0x00000000d0600000| PB 0x00000000d0600000| Untracked 
|   7|0x00000000d0700000, 0x00000000d0800000, 0x00000000d0800000|100%| O|  |TAMS 0x00000000d0700000| PB 0x00000000d0700000| Untracked 
|   8|0x00000000d0800000, 0x00000000d0900000, 0x00000000d0900000|100%| O|  |TAMS 0x00000000d0800000| PB 0x00000000d0800000| Untracked 
|   9|0x00000000d0900000, 0x00000000d0a00000, 0x00000000d0a00000|100%| O|  |TAMS 0x00000000d0900000| PB 0x00000000d0900000| Untracked 
|  10|0x00000000d0a00000, 0x00000000d0b00000, 0x00000000d0b00000|100%| O|  |TAMS 0x00000000d0a00000| PB 0x00000000d0a00000| Untracked 
|  11|0x00000000d0b00000, 0x00000000d0c00000, 0x00000000d0c00000|100%|HS|  |TAMS 0x00000000d0b00000| PB 0x00000000d0b00000| Complete 
|  12|0x00000000d0c00000, 0x00000000d0d00000, 0x00000000d0d00000|100%| O|  |TAMS 0x00000000d0c00000| PB 0x00000000d0c00000| Untracked 
|  13|0x00000000d0d00000, 0x00000000d0e00000, 0x00000000d0e00000|100%| O|  |TAMS 0x00000000d0d00000| PB 0x00000000d0d00000| Untracked 
|  14|0x00000000d0e00000, 0x00000000d0f00000, 0x00000000d0f00000|100%| O|  |TAMS 0x00000000d0e00000| PB 0x00000000d0e00000| Untracked 
|  15|0x00000000d0f00000, 0x00000000d1000000, 0x00000000d1000000|100%| O|  |TAMS 0x00000000d0f00000| PB 0x00000000d0f00000| Untracked 
|  16|0x00000000d1000000, 0x00000000d1100000, 0x00000000d1100000|100%| O|  |TAMS 0x00000000d1000000| PB 0x00000000d1000000| Untracked 
|  17|0x00000000d1100000, 0x00000000d1200000, 0x00000000d1200000|100%| O|  |TAMS 0x00000000d1100000| PB 0x00000000d1100000| Untracked 
|  18|0x00000000d1200000, 0x00000000d1300000, 0x00000000d1300000|100%| O|  |TAMS 0x00000000d1200000| PB 0x00000000d1200000| Untracked 
|  19|0x00000000d1300000, 0x00000000d1400000, 0x00000000d1400000|100%| O|  |TAMS 0x00000000d1300000| PB 0x00000000d1300000| Untracked 
|  20|0x00000000d1400000, 0x00000000d1500000, 0x00000000d1500000|100%| O|  |TAMS 0x00000000d1400000| PB 0x00000000d1400000| Untracked 
|  21|0x00000000d1500000, 0x00000000d1600000, 0x00000000d1600000|100%| O|  |TAMS 0x00000000d1500000| PB 0x00000000d1500000| Untracked 
|  22|0x00000000d1600000, 0x00000000d1700000, 0x00000000d1700000|100%| O|  |TAMS 0x00000000d1600000| PB 0x00000000d1600000| Untracked 
|  23|0x00000000d1700000, 0x00000000d1800000, 0x00000000d1800000|100%| O|  |TAMS 0x00000000d1700000| PB 0x00000000d1700000| Untracked 
|  24|0x00000000d1800000, 0x00000000d1900000, 0x00000000d1900000|100%| O|  |TAMS 0x00000000d1800000| PB 0x00000000d1800000| Untracked 
|  25|0x00000000d1900000, 0x00000000d1a00000, 0x00000000d1a00000|100%| O|  |TAMS 0x00000000d1900000| PB 0x00000000d1900000| Untracked 
|  26|0x00000000d1a00000, 0x00000000d1b00000, 0x00000000d1b00000|100%| O|  |TAMS 0x00000000d1a00000| PB 0x00000000d1a00000| Untracked 
|  27|0x00000000d1b00000, 0x00000000d1c00000, 0x00000000d1c00000|100%| O|  |TAMS 0x00000000d1b00000| PB 0x00000000d1b00000| Untracked 
|  28|0x00000000d1c00000, 0x00000000d1d00000, 0x00000000d1d00000|100%| O|  |TAMS 0x00000000d1c00000| PB 0x00000000d1c00000| Untracked 
|  29|0x00000000d1d00000, 0x00000000d1e00000, 0x00000000d1e00000|100%| O|  |TAMS 0x00000000d1d00000| PB 0x00000000d1d00000| Untracked 
|  30|0x00000000d1e00000, 0x00000000d1f00000, 0x00000000d1f00000|100%| O|  |TAMS 0x00000000d1e00000| PB 0x00000000d1e00000| Untracked 
|  31|0x00000000d1f00000, 0x00000000d2000000, 0x00000000d2000000|100%| O|  |TAMS 0x00000000d1f00000| PB 0x00000000d1f00000| Untracked 
|  32|0x00000000d2000000, 0x00000000d2100000, 0x00000000d2100000|100%| O|  |TAMS 0x00000000d2000000| PB 0x00000000d2000000| Untracked 
|  33|0x00000000d2100000, 0x00000000d2200000, 0x00000000d2200000|100%| O|  |TAMS 0x00000000d2100000| PB 0x00000000d2100000| Untracked 
|  34|0x00000000d2200000, 0x00000000d2300000, 0x00000000d2300000|100%| O|  |TAMS 0x00000000d2200000| PB 0x00000000d2200000| Untracked 
|  35|0x00000000d2300000, 0x00000000d2400000, 0x00000000d2400000|100%|HS|  |TAMS 0x00000000d2300000| PB 0x00000000d2300000| Complete 
|  36|0x00000000d2400000, 0x00000000d2500000, 0x00000000d2500000|100%|HC|  |TAMS 0x00000000d2400000| PB 0x00000000d2400000| Complete 
|  37|0x00000000d2500000, 0x00000000d2600000, 0x00000000d2600000|100%| O|  |TAMS 0x00000000d2500000| PB 0x00000000d2500000| Untracked 
|  38|0x00000000d2600000, 0x00000000d2700000, 0x00000000d2700000|100%| O|  |TAMS 0x00000000d2600000| PB 0x00000000d2600000| Untracked 
|  39|0x00000000d2700000, 0x00000000d2800000, 0x00000000d2800000|100%| O|  |TAMS 0x00000000d2700000| PB 0x00000000d2700000| Untracked 
|  40|0x00000000d2800000, 0x00000000d2900000, 0x00000000d2900000|100%| O|  |TAMS 0x00000000d2800000| PB 0x00000000d2800000| Untracked 
|  41|0x00000000d2900000, 0x00000000d2a00000, 0x00000000d2a00000|100%| O|  |TAMS 0x00000000d2900000| PB 0x00000000d2900000| Untracked 
|  42|0x00000000d2a00000, 0x00000000d2b00000, 0x00000000d2b00000|100%| O|  |TAMS 0x00000000d2a00000| PB 0x00000000d2a00000| Untracked 
|  43|0x00000000d2b00000, 0x00000000d2c00000, 0x00000000d2c00000|100%| O|  |TAMS 0x00000000d2b00000| PB 0x00000000d2b00000| Untracked 
|  44|0x00000000d2c00000, 0x00000000d2d00000, 0x00000000d2d00000|100%| O|  |TAMS 0x00000000d2c00000| PB 0x00000000d2c00000| Untracked 
|  45|0x00000000d2d00000, 0x00000000d2e00000, 0x00000000d2e00000|100%| O|  |TAMS 0x00000000d2d00000| PB 0x00000000d2d00000| Untracked 
|  46|0x00000000d2e00000, 0x00000000d2f00000, 0x00000000d2f00000|100%| O|  |TAMS 0x00000000d2e00000| PB 0x00000000d2e00000| Untracked 
|  47|0x00000000d2f00000, 0x00000000d3000000, 0x00000000d3000000|100%| O|  |TAMS 0x00000000d2f00000| PB 0x00000000d2f00000| Untracked 
|  48|0x00000000d3000000, 0x00000000d3100000, 0x00000000d3100000|100%|HS|  |TAMS 0x00000000d3000000| PB 0x00000000d3000000| Complete 
|  49|0x00000000d3100000, 0x00000000d3200000, 0x00000000d3200000|100%|HS|  |TAMS 0x00000000d3100000| PB 0x00000000d3100000| Complete 
|  50|0x00000000d3200000, 0x00000000d3300000, 0x00000000d3300000|100%|HS|  |TAMS 0x00000000d3200000| PB 0x00000000d3200000| Complete 
|  51|0x00000000d3300000, 0x00000000d3400000, 0x00000000d3400000|100%|HC|  |TAMS 0x00000000d3300000| PB 0x00000000d3300000| Complete 
|  52|0x00000000d3400000, 0x00000000d3500000, 0x00000000d3500000|100%|HS|  |TAMS 0x00000000d3400000| PB 0x00000000d3400000| Complete 
|  53|0x00000000d3500000, 0x00000000d3600000, 0x00000000d3600000|100%| O|  |TAMS 0x00000000d3500000| PB 0x00000000d3500000| Untracked 
|  54|0x00000000d3600000, 0x00000000d3700000, 0x00000000d3700000|100%| O|  |TAMS 0x00000000d3600000| PB 0x00000000d3600000| Untracked 
|  55|0x00000000d3700000, 0x00000000d3800000, 0x00000000d3800000|100%| O|  |TAMS 0x00000000d3700000| PB 0x00000000d3700000| Untracked 
|  56|0x00000000d3800000, 0x00000000d3900000, 0x00000000d3900000|100%| O|  |TAMS 0x00000000d3800000| PB 0x00000000d3800000| Untracked 
|  57|0x00000000d3900000, 0x00000000d3a00000, 0x00000000d3a00000|100%| O|  |TAMS 0x00000000d3900000| PB 0x00000000d3900000| Untracked 
|  58|0x00000000d3a00000, 0x00000000d3b00000, 0x00000000d3b00000|100%|HS|  |TAMS 0x00000000d3a00000| PB 0x00000000d3a00000| Complete 
|  59|0x00000000d3b00000, 0x00000000d3c00000, 0x00000000d3c00000|100%|HC|  |TAMS 0x00000000d3b00000| PB 0x00000000d3b00000| Complete 
|  60|0x00000000d3c00000, 0x00000000d3d00000, 0x00000000d3d00000|100%|HS|  |TAMS 0x00000000d3c00000| PB 0x00000000d3c00000| Complete 
|  61|0x00000000d3d00000, 0x00000000d3e00000, 0x00000000d3e00000|100%|HC|  |TAMS 0x00000000d3d00000| PB 0x00000000d3d00000| Complete 
|  62|0x00000000d3e00000, 0x00000000d3f00000, 0x00000000d3f00000|100%|HC|  |TAMS 0x00000000d3e00000| PB 0x00000000d3e00000| Complete 
|  63|0x00000000d3f00000, 0x00000000d4000000, 0x00000000d4000000|100%|HC|  |TAMS 0x00000000d3f00000| PB 0x00000000d3f00000| Complete 
|  64|0x00000000d4000000, 0x00000000d4100000, 0x00000000d4100000|100%|HS|  |TAMS 0x00000000d4000000| PB 0x00000000d4000000| Complete 
|  65|0x00000000d4100000, 0x00000000d4200000, 0x00000000d4200000|100%| O|  |TAMS 0x00000000d4100000| PB 0x00000000d4100000| Untracked 
|  66|0x00000000d4200000, 0x00000000d4300000, 0x00000000d4300000|100%|HS|  |TAMS 0x00000000d4200000| PB 0x00000000d4200000| Complete 
|  67|0x00000000d4300000, 0x00000000d4400000, 0x00000000d4400000|100%|HS|  |TAMS 0x00000000d4300000| PB 0x00000000d4300000| Complete 
|  68|0x00000000d4400000, 0x00000000d4500000, 0x00000000d4500000|100%| O|  |TAMS 0x00000000d4400000| PB 0x00000000d4400000| Untracked 
|  69|0x00000000d4500000, 0x00000000d4600000, 0x00000000d4600000|100%| O|  |TAMS 0x00000000d4500000| PB 0x00000000d4500000| Untracked 
|  70|0x00000000d4600000, 0x00000000d4700000, 0x00000000d4700000|100%| O|  |TAMS 0x00000000d4600000| PB 0x00000000d4600000| Untracked 
|  71|0x00000000d4700000, 0x00000000d4800000, 0x00000000d4800000|100%|HS|  |TAMS 0x00000000d4700000| PB 0x00000000d4700000| Complete 
|  72|0x00000000d4800000, 0x00000000d4900000, 0x00000000d4900000|100%| O|  |TAMS 0x00000000d4800000| PB 0x00000000d4800000| Untracked 
|  73|0x00000000d4900000, 0x00000000d4a00000, 0x00000000d4a00000|100%| O|  |TAMS 0x00000000d4900000| PB 0x00000000d4900000| Untracked 
|  74|0x00000000d4a00000, 0x00000000d4b00000, 0x00000000d4b00000|100%| O|  |TAMS 0x00000000d4a00000| PB 0x00000000d4a00000| Untracked 
|  75|0x00000000d4b00000, 0x00000000d4c00000, 0x00000000d4c00000|100%|HS|  |TAMS 0x00000000d4b00000| PB 0x00000000d4b00000| Complete 
|  76|0x00000000d4c00000, 0x00000000d4d00000, 0x00000000d4d00000|100%|HC|  |TAMS 0x00000000d4c00000| PB 0x00000000d4c00000| Complete 
|  77|0x00000000d4d00000, 0x00000000d4e00000, 0x00000000d4e00000|100%|HC|  |TAMS 0x00000000d4d00000| PB 0x00000000d4d00000| Complete 
|  78|0x00000000d4e00000, 0x00000000d4f00000, 0x00000000d4f00000|100%|HC|  |TAMS 0x00000000d4e00000| PB 0x00000000d4e00000| Complete 
|  79|0x00000000d4f00000, 0x00000000d5000000, 0x00000000d5000000|100%| O|  |TAMS 0x00000000d4f00000| PB 0x00000000d4f00000| Untracked 
|  80|0x00000000d5000000, 0x00000000d5100000, 0x00000000d5100000|100%| O|  |TAMS 0x00000000d5000000| PB 0x00000000d5000000| Untracked 
|  81|0x00000000d5100000, 0x00000000d5200000, 0x00000000d5200000|100%| O|  |TAMS 0x00000000d5100000| PB 0x00000000d5100000| Untracked 
|  82|0x00000000d5200000, 0x00000000d5300000, 0x00000000d5300000|100%| O|  |TAMS 0x00000000d5200000| PB 0x00000000d5200000| Untracked 
|  83|0x00000000d5300000, 0x00000000d5400000, 0x00000000d5400000|100%| O|  |TAMS 0x00000000d5300000| PB 0x00000000d5300000| Untracked 
|  84|0x00000000d5400000, 0x00000000d5500000, 0x00000000d5500000|100%| O|  |TAMS 0x00000000d5400000| PB 0x00000000d5400000| Untracked 
|  85|0x00000000d5500000, 0x00000000d5600000, 0x00000000d5600000|100%| O|  |TAMS 0x00000000d5500000| PB 0x00000000d5500000| Untracked 
|  86|0x00000000d5600000, 0x00000000d5700000, 0x00000000d5700000|100%| O|  |TAMS 0x00000000d5600000| PB 0x00000000d5600000| Untracked 
|  87|0x00000000d5700000, 0x00000000d5800000, 0x00000000d5800000|100%| O|  |TAMS 0x00000000d5700000| PB 0x00000000d5700000| Untracked 
|  88|0x00000000d5800000, 0x00000000d5900000, 0x00000000d5900000|100%| O|  |TAMS 0x00000000d5800000| PB 0x00000000d5800000| Untracked 
|  89|0x00000000d5900000, 0x00000000d5a00000, 0x00000000d5a00000|100%| O|  |TAMS 0x00000000d5900000| PB 0x00000000d5900000| Untracked 
|  90|0x00000000d5a00000, 0x00000000d5b00000, 0x00000000d5b00000|100%| O|  |TAMS 0x00000000d5a00000| PB 0x00000000d5a00000| Untracked 
|  91|0x00000000d5b00000, 0x00000000d5c00000, 0x00000000d5c00000|100%| O|  |TAMS 0x00000000d5b00000| PB 0x00000000d5b00000| Untracked 
|  92|0x00000000d5c00000, 0x00000000d5d00000, 0x00000000d5d00000|100%| O|  |TAMS 0x00000000d5c00000| PB 0x00000000d5c00000| Untracked 
|  93|0x00000000d5d00000, 0x00000000d5e00000, 0x00000000d5e00000|100%| O|  |TAMS 0x00000000d5d00000| PB 0x00000000d5d00000| Untracked 
|  94|0x00000000d5e00000, 0x00000000d5f00000, 0x00000000d5f00000|100%| O|  |TAMS 0x00000000d5e00000| PB 0x00000000d5e00000| Untracked 
|  95|0x00000000d5f00000, 0x00000000d6000000, 0x00000000d6000000|100%| O|  |TAMS 0x00000000d5f00000| PB 0x00000000d5f00000| Untracked 
|  96|0x00000000d6000000, 0x00000000d6100000, 0x00000000d6100000|100%| O|  |TAMS 0x00000000d6000000| PB 0x00000000d6000000| Untracked 
|  97|0x00000000d6100000, 0x00000000d6200000, 0x00000000d6200000|100%| O|  |TAMS 0x00000000d6100000| PB 0x00000000d6100000| Untracked 
|  98|0x00000000d6200000, 0x00000000d6300000, 0x00000000d6300000|100%| O|  |TAMS 0x00000000d6200000| PB 0x00000000d6200000| Untracked 
|  99|0x00000000d6300000, 0x00000000d6400000, 0x00000000d6400000|100%| O|  |TAMS 0x00000000d6300000| PB 0x00000000d6300000| Untracked 
| 100|0x00000000d6400000, 0x00000000d6500000, 0x00000000d6500000|100%| O|  |TAMS 0x00000000d6400000| PB 0x00000000d6400000| Untracked 
| 101|0x00000000d6500000, 0x00000000d6600000, 0x00000000d6600000|100%| O|  |TAMS 0x00000000d6500000| PB 0x00000000d6500000| Untracked 
| 102|0x00000000d6600000, 0x00000000d6700000, 0x00000000d6700000|100%| O|  |TAMS 0x00000000d6600000| PB 0x00000000d6600000| Untracked 
| 103|0x00000000d6700000, 0x00000000d6800000, 0x00000000d6800000|100%| O|  |TAMS 0x00000000d6700000| PB 0x00000000d6700000| Untracked 
| 104|0x00000000d6800000, 0x00000000d6900000, 0x00000000d6900000|100%| O|  |TAMS 0x00000000d6800000| PB 0x00000000d6800000| Untracked 
| 105|0x00000000d6900000, 0x00000000d6a00000, 0x00000000d6a00000|100%| O|  |TAMS 0x00000000d6900000| PB 0x00000000d6900000| Untracked 
| 106|0x00000000d6a00000, 0x00000000d6b00000, 0x00000000d6b00000|100%| O|  |TAMS 0x00000000d6a00000| PB 0x00000000d6a00000| Untracked 
| 107|0x00000000d6b00000, 0x00000000d6c00000, 0x00000000d6c00000|100%| O|  |TAMS 0x00000000d6b00000| PB 0x00000000d6b00000| Untracked 
| 108|0x00000000d6c00000, 0x00000000d6d00000, 0x00000000d6d00000|100%| O|  |TAMS 0x00000000d6c00000| PB 0x00000000d6c00000| Untracked 
| 109|0x00000000d6d00000, 0x00000000d6e00000, 0x00000000d6e00000|100%| O|  |TAMS 0x00000000d6d00000| PB 0x00000000d6d00000| Untracked 
| 110|0x00000000d6e00000, 0x00000000d6f00000, 0x00000000d6f00000|100%| O|Cm|TAMS 0x00000000d6e00000| PB 0x00000000d6e00000| Complete 
| 111|0x00000000d6f00000, 0x00000000d7000000, 0x00000000d7000000|100%| O|Cm|TAMS 0x00000000d6f00000| PB 0x00000000d6f00000| Complete 
| 112|0x00000000d7000000, 0x00000000d7100000, 0x00000000d7100000|100%| O|  |TAMS 0x00000000d7000000| PB 0x00000000d7000000| Untracked 
| 113|0x00000000d7100000, 0x00000000d7200000, 0x00000000d7200000|100%| O|  |TAMS 0x00000000d7100000| PB 0x00000000d7100000| Untracked 
| 114|0x00000000d7200000, 0x00000000d7200000, 0x00000000d7300000|  0%| F|  |TAMS 0x00000000d7200000| PB 0x00000000d7200000| Untracked 
| 115|0x00000000d7300000, 0x00000000d7300000, 0x00000000d7400000|  0%| F|  |TAMS 0x00000000d7300000| PB 0x00000000d7300000| Untracked 
| 116|0x00000000d7400000, 0x00000000d7500000, 0x00000000d7500000|100%| O|  |TAMS 0x00000000d7400000| PB 0x00000000d7400000| Untracked 
| 117|0x00000000d7500000, 0x00000000d7600000, 0x00000000d7600000|100%| O|  |TAMS 0x00000000d7500000| PB 0x00000000d7500000| Untracked 
| 118|0x00000000d7600000, 0x00000000d7700000, 0x00000000d7700000|100%| O|  |TAMS 0x00000000d7600000| PB 0x00000000d7600000| Untracked 
| 119|0x00000000d7700000, 0x00000000d778f058, 0x00000000d7800000| 55%| O|  |TAMS 0x00000000d7700000| PB 0x00000000d7700000| Untracked 
| 120|0x00000000d7800000, 0x00000000d7800000, 0x00000000d7900000|  0%| F|  |TAMS 0x00000000d7800000| PB 0x00000000d7800000| Untracked 
| 121|0x00000000d7900000, 0x00000000d7900000, 0x00000000d7a00000|  0%| F|  |TAMS 0x00000000d7900000| PB 0x00000000d7900000| Untracked 
| 122|0x00000000d7a00000, 0x00000000d7a00000, 0x00000000d7b00000|  0%| F|  |TAMS 0x00000000d7a00000| PB 0x00000000d7a00000| Untracked 
| 123|0x00000000d7b00000, 0x00000000d7b00000, 0x00000000d7c00000|  0%| F|  |TAMS 0x00000000d7b00000| PB 0x00000000d7b00000| Untracked 
| 124|0x00000000d7c00000, 0x00000000d7c00000, 0x00000000d7d00000|  0%| F|  |TAMS 0x00000000d7c00000| PB 0x00000000d7c00000| Untracked 
| 125|0x00000000d7d00000, 0x00000000d7d00000, 0x00000000d7e00000|  0%| F|  |TAMS 0x00000000d7d00000| PB 0x00000000d7d00000| Untracked 
| 126|0x00000000d7e00000, 0x00000000d7e00000, 0x00000000d7f00000|  0%| F|  |TAMS 0x00000000d7e00000| PB 0x00000000d7e00000| Untracked 
| 127|0x00000000d7f00000, 0x00000000d7f00000, 0x00000000d8000000|  0%| F|  |TAMS 0x00000000d7f00000| PB 0x00000000d7f00000| Untracked 
| 128|0x00000000d8000000, 0x00000000d8000000, 0x00000000d8100000|  0%| F|  |TAMS 0x00000000d8000000| PB 0x00000000d8000000| Untracked 
| 129|0x00000000d8100000, 0x00000000d8100000, 0x00000000d8200000|  0%| F|  |TAMS 0x00000000d8100000| PB 0x00000000d8100000| Untracked 
| 130|0x00000000d8200000, 0x00000000d8200000, 0x00000000d8300000|  0%| F|  |TAMS 0x00000000d8200000| PB 0x00000000d8200000| Untracked 
| 131|0x00000000d8300000, 0x00000000d8300000, 0x00000000d8400000|  0%| F|  |TAMS 0x00000000d8300000| PB 0x00000000d8300000| Untracked 
| 132|0x00000000d8400000, 0x00000000d8400000, 0x00000000d8500000|  0%| F|  |TAMS 0x00000000d8400000| PB 0x00000000d8400000| Untracked 
| 133|0x00000000d8500000, 0x00000000d8500000, 0x00000000d8600000|  0%| F|  |TAMS 0x00000000d8500000| PB 0x00000000d8500000| Untracked 
| 134|0x00000000d8600000, 0x00000000d8600000, 0x00000000d8700000|  0%| F|  |TAMS 0x00000000d8600000| PB 0x00000000d8600000| Untracked 
| 135|0x00000000d8700000, 0x00000000d8700000, 0x00000000d8800000|  0%| F|  |TAMS 0x00000000d8700000| PB 0x00000000d8700000| Untracked 
| 136|0x00000000d8800000, 0x00000000d8800000, 0x00000000d8900000|  0%| F|  |TAMS 0x00000000d8800000| PB 0x00000000d8800000| Untracked 
| 137|0x00000000d8900000, 0x00000000d8900000, 0x00000000d8a00000|  0%| F|  |TAMS 0x00000000d8900000| PB 0x00000000d8900000| Untracked 
| 138|0x00000000d8a00000, 0x00000000d8a00000, 0x00000000d8b00000|  0%| F|  |TAMS 0x00000000d8a00000| PB 0x00000000d8a00000| Untracked 
| 139|0x00000000d8b00000, 0x00000000d8b00000, 0x00000000d8c00000|  0%| F|  |TAMS 0x00000000d8b00000| PB 0x00000000d8b00000| Untracked 
| 140|0x00000000d8c00000, 0x00000000d8cf71e8, 0x00000000d8d00000| 96%| S|CS|TAMS 0x00000000d8c00000| PB 0x00000000d8c00000| Complete 
| 141|0x00000000d8d00000, 0x00000000d8e00000, 0x00000000d8e00000|100%| S|CS|TAMS 0x00000000d8d00000| PB 0x00000000d8d00000| Complete 
| 142|0x00000000d8e00000, 0x00000000d8f00000, 0x00000000d8f00000|100%| S|CS|TAMS 0x00000000d8e00000| PB 0x00000000d8e00000| Complete 
| 143|0x00000000d8f00000, 0x00000000d9000000, 0x00000000d9000000|100%| S|CS|TAMS 0x00000000d8f00000| PB 0x00000000d8f00000| Complete 
| 144|0x00000000d9000000, 0x00000000d9100000, 0x00000000d9100000|100%| S|CS|TAMS 0x00000000d9000000| PB 0x00000000d9000000| Complete 
| 145|0x00000000d9100000, 0x00000000d9200000, 0x00000000d9200000|100%| S|CS|TAMS 0x00000000d9100000| PB 0x00000000d9100000| Complete 
| 146|0x00000000d9200000, 0x00000000d9300000, 0x00000000d9300000|100%| S|CS|TAMS 0x00000000d9200000| PB 0x00000000d9200000| Complete 
| 147|0x00000000d9300000, 0x00000000d9400000, 0x00000000d9400000|100%| S|CS|TAMS 0x00000000d9300000| PB 0x00000000d9300000| Complete 
| 148|0x00000000d9400000, 0x00000000d9400000, 0x00000000d9500000|  0%| F|  |TAMS 0x00000000d9400000| PB 0x00000000d9400000| Untracked 
| 149|0x00000000d9500000, 0x00000000d9500000, 0x00000000d9600000|  0%| F|  |TAMS 0x00000000d9500000| PB 0x00000000d9500000| Untracked 
| 150|0x00000000d9600000, 0x00000000d9600000, 0x00000000d9700000|  0%| F|  |TAMS 0x00000000d9600000| PB 0x00000000d9600000| Untracked 
| 151|0x00000000d9700000, 0x00000000d9700000, 0x00000000d9800000|  0%| F|  |TAMS 0x00000000d9700000| PB 0x00000000d9700000| Untracked 
| 152|0x00000000d9800000, 0x00000000d9800000, 0x00000000d9900000|  0%| F|  |TAMS 0x00000000d9800000| PB 0x00000000d9800000| Untracked 
| 153|0x00000000d9900000, 0x00000000d9900000, 0x00000000d9a00000|  0%| F|  |TAMS 0x00000000d9900000| PB 0x00000000d9900000| Untracked 
| 154|0x00000000d9a00000, 0x00000000d9a00000, 0x00000000d9b00000|  0%| F|  |TAMS 0x00000000d9a00000| PB 0x00000000d9a00000| Untracked 
| 155|0x00000000d9b00000, 0x00000000d9b00000, 0x00000000d9c00000|  0%| F|  |TAMS 0x00000000d9b00000| PB 0x00000000d9b00000| Untracked 
| 156|0x00000000d9c00000, 0x00000000d9c00000, 0x00000000d9d00000|  0%| F|  |TAMS 0x00000000d9c00000| PB 0x00000000d9c00000| Untracked 
| 157|0x00000000d9d00000, 0x00000000d9d00000, 0x00000000d9e00000|  0%| F|  |TAMS 0x00000000d9d00000| PB 0x00000000d9d00000| Untracked 
| 158|0x00000000d9e00000, 0x00000000d9e00000, 0x00000000d9f00000|  0%| F|  |TAMS 0x00000000d9e00000| PB 0x00000000d9e00000| Untracked 
| 159|0x00000000d9f00000, 0x00000000d9f00000, 0x00000000da000000|  0%| F|  |TAMS 0x00000000d9f00000| PB 0x00000000d9f00000| Untracked 
| 160|0x00000000da000000, 0x00000000da000000, 0x00000000da100000|  0%| F|  |TAMS 0x00000000da000000| PB 0x00000000da000000| Untracked 
| 161|0x00000000da100000, 0x00000000da100000, 0x00000000da200000|  0%| F|  |TAMS 0x00000000da100000| PB 0x00000000da100000| Untracked 
| 162|0x00000000da200000, 0x00000000da200000, 0x00000000da300000|  0%| F|  |TAMS 0x00000000da200000| PB 0x00000000da200000| Untracked 
| 163|0x00000000da300000, 0x00000000da300000, 0x00000000da400000|  0%| F|  |TAMS 0x00000000da300000| PB 0x00000000da300000| Untracked 
| 164|0x00000000da400000, 0x00000000da400000, 0x00000000da500000|  0%| F|  |TAMS 0x00000000da400000| PB 0x00000000da400000| Untracked 
| 165|0x00000000da500000, 0x00000000da500000, 0x00000000da600000|  0%| F|  |TAMS 0x00000000da500000| PB 0x00000000da500000| Untracked 
| 166|0x00000000da600000, 0x00000000da600000, 0x00000000da700000|  0%| F|  |TAMS 0x00000000da600000| PB 0x00000000da600000| Untracked 
| 167|0x00000000da700000, 0x00000000da700000, 0x00000000da800000|  0%| F|  |TAMS 0x00000000da700000| PB 0x00000000da700000| Untracked 
| 168|0x00000000da800000, 0x00000000da800000, 0x00000000da900000|  0%| F|  |TAMS 0x00000000da800000| PB 0x00000000da800000| Untracked 
| 169|0x00000000da900000, 0x00000000da900000, 0x00000000daa00000|  0%| F|  |TAMS 0x00000000da900000| PB 0x00000000da900000| Untracked 
| 170|0x00000000daa00000, 0x00000000daa00000, 0x00000000dab00000|  0%| F|  |TAMS 0x00000000daa00000| PB 0x00000000daa00000| Untracked 
| 171|0x00000000dab00000, 0x00000000dab00000, 0x00000000dac00000|  0%| F|  |TAMS 0x00000000dab00000| PB 0x00000000dab00000| Untracked 
| 172|0x00000000dac00000, 0x00000000dac00000, 0x00000000dad00000|  0%| F|  |TAMS 0x00000000dac00000| PB 0x00000000dac00000| Untracked 
| 173|0x00000000dad00000, 0x00000000dad00000, 0x00000000dae00000|  0%| F|  |TAMS 0x00000000dad00000| PB 0x00000000dad00000| Untracked 
| 174|0x00000000dae00000, 0x00000000dae00000, 0x00000000daf00000|  0%| F|  |TAMS 0x00000000dae00000| PB 0x00000000dae00000| Untracked 
| 175|0x00000000daf00000, 0x00000000daf00000, 0x00000000db000000|  0%| F|  |TAMS 0x00000000daf00000| PB 0x00000000daf00000| Untracked 
| 176|0x00000000db000000, 0x00000000db000000, 0x00000000db100000|  0%| F|  |TAMS 0x00000000db000000| PB 0x00000000db000000| Untracked 
| 177|0x00000000db100000, 0x00000000db100000, 0x00000000db200000|  0%| F|  |TAMS 0x00000000db100000| PB 0x00000000db100000| Untracked 
| 178|0x00000000db200000, 0x00000000db200000, 0x00000000db300000|  0%| F|  |TAMS 0x00000000db200000| PB 0x00000000db200000| Untracked 
| 179|0x00000000db300000, 0x00000000db300000, 0x00000000db400000|  0%| F|  |TAMS 0x00000000db300000| PB 0x00000000db300000| Untracked 
| 180|0x00000000db400000, 0x00000000db400000, 0x00000000db500000|  0%| F|  |TAMS 0x00000000db400000| PB 0x00000000db400000| Untracked 
| 181|0x00000000db500000, 0x00000000db500000, 0x00000000db600000|  0%| F|  |TAMS 0x00000000db500000| PB 0x00000000db500000| Untracked 
| 182|0x00000000db600000, 0x00000000db600000, 0x00000000db700000|  0%| F|  |TAMS 0x00000000db600000| PB 0x00000000db600000| Untracked 
| 183|0x00000000db700000, 0x00000000db700000, 0x00000000db800000|  0%| F|  |TAMS 0x00000000db700000| PB 0x00000000db700000| Untracked 
| 184|0x00000000db800000, 0x00000000db800000, 0x00000000db900000|  0%| F|  |TAMS 0x00000000db800000| PB 0x00000000db800000| Untracked 
| 185|0x00000000db900000, 0x00000000db900000, 0x00000000dba00000|  0%| F|  |TAMS 0x00000000db900000| PB 0x00000000db900000| Untracked 
| 186|0x00000000dba00000, 0x00000000dba00000, 0x00000000dbb00000|  0%| F|  |TAMS 0x00000000dba00000| PB 0x00000000dba00000| Untracked 
| 187|0x00000000dbb00000, 0x00000000dbb00000, 0x00000000dbc00000|  0%| F|  |TAMS 0x00000000dbb00000| PB 0x00000000dbb00000| Untracked 
| 188|0x00000000dbc00000, 0x00000000dbc00000, 0x00000000dbd00000|  0%| F|  |TAMS 0x00000000dbc00000| PB 0x00000000dbc00000| Untracked 
| 189|0x00000000dbd00000, 0x00000000dbd00000, 0x00000000dbe00000|  0%| F|  |TAMS 0x00000000dbd00000| PB 0x00000000dbd00000| Untracked 
| 190|0x00000000dbe00000, 0x00000000dbe00000, 0x00000000dbf00000|  0%| F|  |TAMS 0x00000000dbe00000| PB 0x00000000dbe00000| Untracked 
| 191|0x00000000dbf00000, 0x00000000dbf00000, 0x00000000dc000000|  0%| F|  |TAMS 0x00000000dbf00000| PB 0x00000000dbf00000| Untracked 
| 192|0x00000000dc000000, 0x00000000dc000000, 0x00000000dc100000|  0%| F|  |TAMS 0x00000000dc000000| PB 0x00000000dc000000| Untracked 
| 193|0x00000000dc100000, 0x00000000dc100000, 0x00000000dc200000|  0%| F|  |TAMS 0x00000000dc100000| PB 0x00000000dc100000| Untracked 
| 194|0x00000000dc200000, 0x00000000dc2ec9e0, 0x00000000dc300000| 92%| E|  |TAMS 0x00000000dc200000| PB 0x00000000dc200000| Complete 
| 195|0x00000000dc300000, 0x00000000dc400000, 0x00000000dc400000|100%| E|CS|TAMS 0x00000000dc300000| PB 0x00000000dc300000| Complete 
| 196|0x00000000dc400000, 0x00000000dc500000, 0x00000000dc500000|100%| E|CS|TAMS 0x00000000dc400000| PB 0x00000000dc400000| Complete 
| 197|0x00000000dc500000, 0x00000000dc600000, 0x00000000dc600000|100%| E|CS|TAMS 0x00000000dc500000| PB 0x00000000dc500000| Complete 
| 198|0x00000000dc600000, 0x00000000dc700000, 0x00000000dc700000|100%| E|CS|TAMS 0x00000000dc600000| PB 0x00000000dc600000| Complete 
| 199|0x00000000dc700000, 0x00000000dc800000, 0x00000000dc800000|100%| E|CS|TAMS 0x00000000dc700000| PB 0x00000000dc700000| Complete 
| 200|0x00000000dc800000, 0x00000000dc900000, 0x00000000dc900000|100%| E|CS|TAMS 0x00000000dc800000| PB 0x00000000dc800000| Complete 
| 201|0x00000000dc900000, 0x00000000dca00000, 0x00000000dca00000|100%| E|CS|TAMS 0x00000000dc900000| PB 0x00000000dc900000| Complete 
| 202|0x00000000dca00000, 0x00000000dcb00000, 0x00000000dcb00000|100%| E|CS|TAMS 0x00000000dca00000| PB 0x00000000dca00000| Complete 
| 203|0x00000000dcb00000, 0x00000000dcc00000, 0x00000000dcc00000|100%| E|CS|TAMS 0x00000000dcb00000| PB 0x00000000dcb00000| Complete 
| 204|0x00000000dcc00000, 0x00000000dcd00000, 0x00000000dcd00000|100%| E|CS|TAMS 0x00000000dcc00000| PB 0x00000000dcc00000| Complete 
| 205|0x00000000dcd00000, 0x00000000dce00000, 0x00000000dce00000|100%| E|CS|TAMS 0x00000000dcd00000| PB 0x00000000dcd00000| Complete 
| 206|0x00000000dce00000, 0x00000000dcf00000, 0x00000000dcf00000|100%| E|CS|TAMS 0x00000000dce00000| PB 0x00000000dce00000| Complete 
| 207|0x00000000dcf00000, 0x00000000dd000000, 0x00000000dd000000|100%| E|CS|TAMS 0x00000000dcf00000| PB 0x00000000dcf00000| Complete 
| 208|0x00000000dd000000, 0x00000000dd100000, 0x00000000dd100000|100%| E|CS|TAMS 0x00000000dd000000| PB 0x00000000dd000000| Complete 
| 755|0x00000000ff300000, 0x00000000ff400000, 0x00000000ff400000|100%| O|  |TAMS 0x00000000ff300000| PB 0x00000000ff300000| Untracked 
| 756|0x00000000ff400000, 0x00000000ff500000, 0x00000000ff500000|100%| E|CS|TAMS 0x00000000ff400000| PB 0x00000000ff400000| Complete 
| 757|0x00000000ff500000, 0x00000000ff600000, 0x00000000ff600000|100%| E|  |TAMS 0x00000000ff500000| PB 0x00000000ff500000| Complete 
| 758|0x00000000ff600000, 0x00000000ff700000, 0x00000000ff700000|100%| O|  |TAMS 0x00000000ff600000| PB 0x00000000ff600000| Untracked 
| 759|0x00000000ff700000, 0x00000000ff800000, 0x00000000ff800000|100%| O|  |TAMS 0x00000000ff700000| PB 0x00000000ff700000| Untracked 
| 760|0x00000000ff800000, 0x00000000ff900000, 0x00000000ff900000|100%| O|  |TAMS 0x00000000ff800000| PB 0x00000000ff800000| Untracked 
| 761|0x00000000ff900000, 0x00000000ffa00000, 0x00000000ffa00000|100%| O|  |TAMS 0x00000000ff900000| PB 0x00000000ff900000| Untracked 
| 762|0x00000000ffa00000, 0x00000000ffb00000, 0x00000000ffb00000|100%| O|  |TAMS 0x00000000ffa00000| PB 0x00000000ffa00000| Untracked 
| 763|0x00000000ffb00000, 0x00000000ffc00000, 0x00000000ffc00000|100%| O|  |TAMS 0x00000000ffb00000| PB 0x00000000ffb00000| Untracked 
| 764|0x00000000ffc00000, 0x00000000ffd00000, 0x00000000ffd00000|100%| E|CS|TAMS 0x00000000ffc00000| PB 0x00000000ffc00000| Complete 
| 765|0x00000000ffd00000, 0x00000000ffe00000, 0x00000000ffe00000|100%| O|  |TAMS 0x00000000ffd00000| PB 0x00000000ffd00000| Untracked 
| 766|0x00000000ffe00000, 0x00000000fff00000, 0x00000000fff00000|100%| O|  |TAMS 0x00000000ffe00000| PB 0x00000000ffe00000| Untracked 
| 767|0x00000000fff00000, 0x0000000100000000, 0x0000000100000000|100%| E|CS|TAMS 0x00000000fff00000| PB 0x00000000fff00000| Complete 

Card table byte_map: [0x000001f1f3a30000,0x000001f1f3bb0000] _byte_map_base: 0x000001f1f33b0000

Marking Bits: (CMBitMap*) 0x000001f1f043d410
 Bits: [0x000001f1f3bb0000, 0x000001f1f47b0000)

Polling page: 0x000001f1ee280000

Metaspace:

Usage:
  Non-class:    102.99 MB used.
      Class:     17.04 MB used.
       Both:    120.03 MB used.

Virtual space:
  Non-class space:      128.00 MB reserved,     104.06 MB ( 81%) committed,  2 nodes.
      Class space:      416.00 MB reserved,      18.12 MB (  4%) committed,  1 nodes.
             Both:      544.00 MB reserved,     122.19 MB ( 22%) committed. 

Chunk freelists:
   Non-Class:  7.45 MB
       Class:  13.86 MB
        Both:  21.31 MB

MaxMetaspaceSize: 512.00 MB
CompressedClassSpaceSize: 416.00 MB
Initial GC threshold: 21.00 MB
Current GC threshold: 197.12 MB
CDS: off
 - commit_granule_bytes: 65536.
 - commit_granule_words: 8192.
 - virtual_space_node_default_size: 8388608.
 - enlarge_chunks_in_place: 1.
 - use_allocation_guard: 0.


Internal statistics:

num_allocs_failed_limit: 6.
num_arena_births: 4312.
num_arena_deaths: 0.
num_vsnodes_births: 3.
num_vsnodes_deaths: 0.
num_space_committed: 1955.
num_space_uncommitted: 0.
num_chunks_returned_to_freelist: 6.
num_chunks_taken_from_freelist: 9541.
num_chunk_merges: 6.
num_chunk_splits: 6244.
num_chunks_enlarged: 3950.
num_inconsistent_stats: 0.

CodeHeap 'non-profiled nmethods': size=120000Kb used=8933Kb max_used=8933Kb free=111066Kb
 bounds [0x000001f187ad0000, 0x000001f188390000, 0x000001f18f000000]
CodeHeap 'profiled nmethods': size=120000Kb used=22483Kb max_used=22665Kb free=97516Kb
 bounds [0x000001f180000000, 0x000001f181630000, 0x000001f187530000]
CodeHeap 'non-nmethods': size=5760Kb used=2753Kb max_used=2847Kb free=3006Kb
 bounds [0x000001f187530000, 0x000001f187810000, 0x000001f187ad0000]
CodeCache: size=245760Kb, used=34169Kb, max_used=34445Kb, free=211588Kb
 total_blobs=13265, nmethods=12234, adapters=935, full_count=0
Compilation: enabled, stopped_count=0, restarted_count=0

Compilation events (20 events):
Event: 26.077 Thread 0x000001f1f73cc550 nmethod 14877 0x000001f180d11010 code [0x000001f180d11240, 0x000001f180d118c8]
Event: 26.080 Thread 0x000001f1f73b4640 14878       4       java.util.jar.JarFile::getEntry (35 bytes)
Event: 26.081 Thread 0x000001f1f73cc550 14879       3       jdk.internal.org.objectweb.asm.MethodVisitor::visitTypeInsn (17 bytes)
Event: 26.081 Thread 0x000001f1f73cc550 nmethod 14879 0x000001f1806ee610 code [0x000001f1806ee7c0, 0x000001f1806ee9c0]
Event: 26.099 Thread 0x000001f1f73b4640 nmethod 14878 0x000001f188383690 code [0x000001f188383920, 0x000001f188384590]
Event: 26.100 Thread 0x000001f1f73b4640 14880   !   4       java.util.zip.ZipFile::getEntry (59 bytes)
Event: 26.117 Thread 0x000001f1f73b4640 nmethod 14880 0x000001f188385010 code [0x000001f188385260, 0x000001f188385d80]
Event: 26.135 Thread 0x000001f1f73cc550 14881       1       com.android.tools.r8.ProgramResource$ByteResource::getKind (5 bytes)
Event: 26.135 Thread 0x000001f1f73cc550 nmethod 14881 0x000001f188386710 code [0x000001f1883868a0, 0x000001f188386968]
Event: 26.144 Thread 0x000001f1f73b4640 14882   !   4       java.lang.invoke.MemberName$Factory::resolve (159 bytes)
Event: 26.144 Thread 0x000001f1f73cc550 14883       3       java.lang.invoke.BootstrapMethodInvoker::maybeReBox (28 bytes)
Event: 26.144 Thread 0x000001f1f73cc550 nmethod 14883 0x000001f180223090 code [0x000001f180223280, 0x000001f180223818]
Event: 26.162 Thread 0x000001f1f73cc550 14888       3       java.util.LinkedHashMap::keysToArray (7 bytes)
Event: 26.163 Thread 0x000001f1f73cc550 nmethod 14888 0x000001f180bb2590 code [0x000001f180bb2740, 0x000001f180bb2880]
Event: 26.180 Thread 0x000001f1f73b4640 nmethod 14882 0x000001f188386d10 code [0x000001f188386fc0, 0x000001f188387f80]
Event: 26.180 Thread 0x000001f1f73b4640 14884       4       java.lang.invoke.DelegatingMethodHandle::makeReinvokerForm (10 bytes)
Event: 26.181 Thread 0x000001f1f73b4640 nmethod 14884 0x000001f188388d10 code [0x000001f188388ea0, 0x000001f188388f40]
Event: 26.181 Thread 0x000001f1f73b4640 14885       4       java.lang.invoke.DelegatingMethodHandle::makeReinvokerForm (326 bytes)
Event: 26.233 Thread 0x000001f1f73cc550 14891       1       java.lang.invoke.MethodHandle::isVarargsCollector (2 bytes)
Event: 26.233 Thread 0x000001f1f73cc550 nmethod 14891 0x000001f188389010 code [0x000001f1883891a0, 0x000001f188389268]

GC Heap History (20 events):
Event: 16.526 GC heap before
{Heap before GC invocations=49 (full 0):
 garbage-first heap   total 173056K, used 153926K [0x00000000d0000000, 0x0000000100000000)
  region size 1024K, 56 young (57344K), 6 survivors (6144K)
 Metaspace       used 105319K, committed 107392K, reserved 557056K
  class space    used 14886K, committed 15872K, reserved 425984K
}
Event: 16.534 GC heap after
{Heap after GC invocations=50 (full 0):
 garbage-first heap   total 173056K, used 105947K [0x00000000d0000000, 0x0000000100000000)
  region size 1024K, 6 young (6144K), 6 survivors (6144K)
 Metaspace       used 105319K, committed 107392K, reserved 557056K
  class space    used 14886K, committed 15872K, reserved 425984K
}
Event: 17.224 GC heap before
{Heap before GC invocations=50 (full 0):
 garbage-first heap   total 173056K, used 163291K [0x00000000d0000000, 0x0000000100000000)
  region size 1024K, 62 young (63488K), 6 survivors (6144K)
 Metaspace       used 110062K, committed 112128K, reserved 557056K
  class space    used 15561K, committed 16576K, reserved 425984K
}
Event: 17.233 GC heap after
{Heap after GC invocations=51 (full 0):
 garbage-first heap   total 174080K, used 108544K [0x00000000d0000000, 0x0000000100000000)
  region size 1024K, 6 young (6144K), 6 survivors (6144K)
 Metaspace       used 110062K, committed 112128K, reserved 557056K
  class space    used 15561K, committed 16576K, reserved 425984K
}
Event: 17.694 GC heap before
{Heap before GC invocations=51 (full 0):
 garbage-first heap   total 174080K, used 164864K [0x00000000d0000000, 0x0000000100000000)
  region size 1024K, 61 young (62464K), 6 survivors (6144K)
 Metaspace       used 111789K, committed 113856K, reserved 557056K
  class space    used 15797K, committed 16832K, reserved 425984K
}
Event: 17.704 GC heap after
{Heap after GC invocations=52 (full 0):
 garbage-first heap   total 177152K, used 114528K [0x00000000d0000000, 0x0000000100000000)
  region size 1024K, 8 young (8192K), 8 survivors (8192K)
 Metaspace       used 111789K, committed 113856K, reserved 557056K
  class space    used 15797K, committed 16832K, reserved 425984K
}
Event: 18.408 GC heap before
{Heap before GC invocations=53 (full 0):
 garbage-first heap   total 191488K, used 165728K [0x00000000d0000000, 0x0000000100000000)
  region size 1024K, 58 young (59392K), 8 survivors (8192K)
 Metaspace       used 113736K, committed 115904K, reserved 557056K
  class space    used 16134K, committed 17216K, reserved 425984K
}
Event: 18.419 GC heap after
{Heap after GC invocations=54 (full 0):
 garbage-first heap   total 191488K, used 122409K [0x00000000d0000000, 0x0000000100000000)
  region size 1024K, 8 young (8192K), 8 survivors (8192K)
 Metaspace       used 113736K, committed 115904K, reserved 557056K
  class space    used 16134K, committed 17216K, reserved 425984K
}
Event: 19.351 GC heap before
{Heap before GC invocations=54 (full 0):
 garbage-first heap   total 191488K, used 175657K [0x00000000d0000000, 0x0000000100000000)
  region size 1024K, 61 young (62464K), 8 survivors (8192K)
 Metaspace       used 113902K, committed 116032K, reserved 557056K
  class space    used 16143K, committed 17216K, reserved 425984K
}
Event: 19.361 GC heap after
{Heap after GC invocations=55 (full 0):
 garbage-first heap   total 191488K, used 123904K [0x00000000d0000000, 0x0000000100000000)
  region size 1024K, 3 young (3072K), 3 survivors (3072K)
 Metaspace       used 113902K, committed 116032K, reserved 557056K
  class space    used 16143K, committed 17216K, reserved 425984K
}
Event: 20.199 GC heap before
{Heap before GC invocations=55 (full 0):
 garbage-first heap   total 191488K, used 177152K [0x00000000d0000000, 0x0000000100000000)
  region size 1024K, 56 young (57344K), 3 survivors (3072K)
 Metaspace       used 114346K, committed 116480K, reserved 557056K
  class space    used 16226K, committed 17280K, reserved 425984K
}
Event: 20.208 GC heap after
{Heap after GC invocations=56 (full 0):
 garbage-first heap   total 191488K, used 126125K [0x00000000d0000000, 0x0000000100000000)
  region size 1024K, 6 young (6144K), 6 survivors (6144K)
 Metaspace       used 114346K, committed 116480K, reserved 557056K
  class space    used 16226K, committed 17280K, reserved 425984K
}
Event: 20.903 GC heap before
{Heap before GC invocations=57 (full 0):
 garbage-first heap   total 211968K, used 178349K [0x00000000d0000000, 0x0000000100000000)
  region size 1024K, 58 young (59392K), 6 survivors (6144K)
 Metaspace       used 114447K, committed 116608K, reserved 557056K
  class space    used 16238K, committed 17280K, reserved 425984K
}
Event: 20.914 GC heap after
{Heap after GC invocations=58 (full 0):
 garbage-first heap   total 211968K, used 127944K [0x00000000d0000000, 0x0000000100000000)
  region size 1024K, 5 young (5120K), 5 survivors (5120K)
 Metaspace       used 114447K, committed 116608K, reserved 557056K
  class space    used 16238K, committed 17280K, reserved 425984K
}
Event: 21.933 GC heap before
{Heap before GC invocations=58 (full 0):
 garbage-first heap   total 211968K, used 197576K [0x00000000d0000000, 0x0000000100000000)
  region size 1024K, 74 young (75776K), 5 survivors (5120K)
 Metaspace       used 114793K, committed 116992K, reserved 557056K
  class space    used 16279K, committed 17344K, reserved 425984K
}
Event: 21.942 GC heap after
{Heap after GC invocations=59 (full 0):
 garbage-first heap   total 211968K, used 130338K [0x00000000d0000000, 0x0000000100000000)
  region size 1024K, 8 young (8192K), 8 survivors (8192K)
 Metaspace       used 114793K, committed 116992K, reserved 557056K
  class space    used 16279K, committed 17344K, reserved 425984K
}
Event: 23.205 GC heap before
{Heap before GC invocations=59 (full 0):
 garbage-first heap   total 211968K, used 198946K [0x00000000d0000000, 0x0000000100000000)
  region size 1024K, 76 young (77824K), 8 survivors (8192K)
 Metaspace       used 118770K, committed 121024K, reserved 557056K
  class space    used 16815K, committed 17920K, reserved 425984K
}
Event: 23.220 GC heap after
{Heap after GC invocations=60 (full 0):
 garbage-first heap   total 214016K, used 134495K [0x00000000d0000000, 0x0000000100000000)
  region size 1024K, 10 young (10240K), 10 survivors (10240K)
 Metaspace       used 118770K, committed 121024K, reserved 557056K
  class space    used 16815K, committed 17920K, reserved 425984K
}
Event: 25.793 GC heap before
{Heap before GC invocations=61 (full 0):
 garbage-first heap   total 227328K, used 199007K [0x00000000d0000000, 0x0000000100000000)
  region size 1024K, 74 young (75776K), 10 survivors (10240K)
 Metaspace       used 121216K, committed 123456K, reserved 557056K
  class space    used 17201K, committed 18304K, reserved 425984K
}
Event: 25.814 GC heap after
{Heap after GC invocations=62 (full 0):
 garbage-first heap   total 227328K, used 137752K [0x00000000d0000000, 0x0000000100000000)
  region size 1024K, 8 young (8192K), 8 survivors (8192K)
 Metaspace       used 121216K, committed 123456K, reserved 557056K
  class space    used 17201K, committed 18304K, reserved 425984K
}

Dll operation events (3 events):
Event: 0.012 Loaded shared library C:\Program Files\Android\Android Studio\jbr\bin\java.dll
Event: 0.015 Loaded shared library C:\Program Files\Android\Android Studio\jbr\bin\zip.dll
Event: 0.550 Loaded shared library C:\Program Files\Android\Android Studio\jbr\bin\verify.dll

Deoptimization events (20 events):
Event: 25.790 Thread 0x000001f191404190 DEOPT PACKING pc=0x000001f1815d3c5b sp=0x00000096070fc8b0
Event: 25.790 Thread 0x000001f191404190 DEOPT UNPACKING pc=0x000001f187584b42 sp=0x00000096070fbd78 mode 0
Event: 25.815 Thread 0x000001f1903001d0 Uncommon trap: trap_request=0xffffff45 fr.pc=0x000001f187c2f038 relative=0x00000000000002f8
Event: 25.815 Thread 0x000001f1903001d0 Uncommon trap: reason=unstable_if action=reinterpret pc=0x000001f187c2f038 method=java.util.WeakHashMap.remove(Ljava/lang/Object;)Ljava/lang/Object; @ 92 c2
Event: 25.815 Thread 0x000001f1903001d0 DEOPT PACKING pc=0x000001f187c2f038 sp=0x00000096083ff110
Event: 25.815 Thread 0x000001f1903001d0 DEOPT UNPACKING pc=0x000001f1875843a2 sp=0x00000096083ff0c0 mode 2
Event: 25.817 Thread 0x000001f1903001d0 Uncommon trap: trap_request=0xffffff45 fr.pc=0x000001f187c12174 relative=0x0000000000000134
Event: 25.817 Thread 0x000001f1903001d0 Uncommon trap: reason=unstable_if action=reinterpret pc=0x000001f187c12174 method=java.lang.ThreadLocal.get(Ljava/lang/Thread;)Ljava/lang/Object; @ 7 c2
Event: 25.817 Thread 0x000001f1903001d0 DEOPT PACKING pc=0x000001f187c12174 sp=0x00000096083fea30
Event: 25.817 Thread 0x000001f1903001d0 DEOPT UNPACKING pc=0x000001f1875843a2 sp=0x00000096083fe898 mode 2
Event: 25.821 Thread 0x000001f191404190 DEOPT PACKING pc=0x000001f1815d3c5b sp=0x00000096070fd510
Event: 25.821 Thread 0x000001f191404190 DEOPT UNPACKING pc=0x000001f187584b42 sp=0x00000096070fc9d8 mode 0
Event: 25.852 Thread 0x000001f191276930 Uncommon trap: trap_request=0xffffffc6 fr.pc=0x000001f1880b5ec0 relative=0x0000000000000960
Event: 25.852 Thread 0x000001f191276930 Uncommon trap: reason=bimorphic_or_optimized_type_check action=maybe_recompile pc=0x000001f1880b5ec0 method=java.util.Hashtable.put(Ljava/lang/Object;Ljava/lang/Object;)Ljava/lang/Object; @ 18 c2
Event: 25.852 Thread 0x000001f191276930 DEOPT PACKING pc=0x000001f1880b5ec0 sp=0x00000096083fe750
Event: 25.852 Thread 0x000001f191276930 DEOPT UNPACKING pc=0x000001f1875843a2 sp=0x00000096083fe718 mode 2
Event: 25.852 Thread 0x000001f191276930 Uncommon trap: trap_request=0xffffffc6 fr.pc=0x000001f1880b5ec0 relative=0x0000000000000960
Event: 25.852 Thread 0x000001f191276930 Uncommon trap: reason=bimorphic_or_optimized_type_check action=maybe_recompile pc=0x000001f1880b5ec0 method=java.util.Hashtable.put(Ljava/lang/Object;Ljava/lang/Object;)Ljava/lang/Object; @ 18 c2
Event: 25.852 Thread 0x000001f191276930 DEOPT PACKING pc=0x000001f1880b5ec0 sp=0x00000096083fe750
Event: 25.852 Thread 0x000001f191276930 DEOPT UNPACKING pc=0x000001f1875843a2 sp=0x00000096083fe718 mode 2

Classes loaded (20 events):
Event: 25.773 Loading class sun/rmi/server/LoaderHandler$Loader
Event: 25.774 Loading class sun/rmi/server/LoaderHandler$Loader done
Event: 25.783 Loading class java/rmi/server/ServerNotActiveException
Event: 25.783 Loading class java/rmi/server/ServerNotActiveException done
Event: 25.789 Loading class sun/rmi/transport/DGCAckHandler
Event: 25.789 Loading class sun/rmi/transport/DGCAckHandler done
Event: 25.817 Loading class java/util/concurrent/RejectedExecutionException
Event: 25.817 Loading class java/util/concurrent/RejectedExecutionException done
Event: 25.821 Loading class sun/rmi/transport/DGCAckHandler$1
Event: 25.822 Loading class sun/rmi/transport/DGCAckHandler$1 done
Event: 25.845 Loading class sun/rmi/transport/tcp/TCPTransport$ConnectionHandler
Event: 25.846 Loading class sun/rmi/transport/tcp/TCPTransport$ConnectionHandler done
Event: 25.850 Loading class sun/rmi/transport/Transport$1
Event: 25.850 Loading class sun/rmi/transport/Transport$1 done
Event: 25.851 Loading class sun/rmi/transport/DGCImpl$LeaseInfo
Event: 25.852 Loading class sun/rmi/transport/DGCImpl$LeaseInfo done
Event: 25.852 Loading class sun/rmi/transport/DGCImpl$1
Event: 25.852 Loading class sun/rmi/transport/DGCImpl$1 done
Event: 25.852 Loading class sun/rmi/transport/SequenceEntry
Event: 25.852 Loading class sun/rmi/transport/SequenceEntry done

Classes unloaded (0 events):
No events

Classes redefined (0 events):
No events

Internal exceptions (20 events):
Event: 26.229 Thread 0x000001f19788c810 Exception <a 'sun/nio/fs/WindowsException'{0x00000000dc51a598}> (0x00000000dc51a598) 
thrown [s\src\hotspot\share\prims\jni.cpp, line 537]
Event: 26.229 Thread 0x000001f19788c810 Exception <a 'sun/nio/fs/WindowsException'{0x00000000dc525928}> (0x00000000dc525928) 
thrown [s\src\hotspot\share\prims\jni.cpp, line 537]
Event: 26.230 Thread 0x000001f19788c810 Exception <a 'sun/nio/fs/WindowsException'{0x00000000dc537240}> (0x00000000dc537240) 
thrown [s\src\hotspot\share\prims\jni.cpp, line 537]
Event: 26.231 Thread 0x000001f19788c810 Exception <a 'sun/nio/fs/WindowsException'{0x00000000dc542128}> (0x00000000dc542128) 
thrown [s\src\hotspot\share\prims\jni.cpp, line 537]
Event: 26.232 Thread 0x000001f19788c810 Exception <a 'sun/nio/fs/WindowsException'{0x00000000dc54f3a0}> (0x00000000dc54f3a0) 
thrown [s\src\hotspot\share\prims\jni.cpp, line 537]
Event: 26.233 Thread 0x000001f19788c810 Exception <a 'sun/nio/fs/WindowsException'{0x00000000dc55ac20}> (0x00000000dc55ac20) 
thrown [s\src\hotspot\share\prims\jni.cpp, line 537]
Event: 26.234 Thread 0x000001f19788c810 Exception <a 'java/lang/IncompatibleClassChangeError'{0x00000000dc5609a8}: Found class java.lang.Object, but interface was expected> (0x00000000dc5609a8) 
thrown [s\src\hotspot\share\interpreter\linkResolver.cpp, line 851]
Event: 26.234 Thread 0x000001f19788c810 Exception <a 'sun/nio/fs/WindowsException'{0x00000000dc56b418}> (0x00000000dc56b418) 
thrown [s\src\hotspot\share\prims\jni.cpp, line 537]
Event: 26.235 Thread 0x000001f19788c810 Exception <a 'sun/nio/fs/WindowsException'{0x00000000dc577db0}> (0x00000000dc577db0) 
thrown [s\src\hotspot\share\prims\jni.cpp, line 537]
Event: 26.236 Thread 0x000001f19788c810 Exception <a 'sun/nio/fs/WindowsException'{0x00000000dc585978}> (0x00000000dc585978) 
thrown [s\src\hotspot\share\prims\jni.cpp, line 537]
Event: 26.236 Thread 0x000001f19788c810 Exception <a 'sun/nio/fs/WindowsException'{0x00000000dc597690}> (0x00000000dc597690) 
thrown [s\src\hotspot\share\prims\jni.cpp, line 537]
Event: 26.237 Thread 0x000001f19788c810 Exception <a 'sun/nio/fs/WindowsException'{0x00000000dc5a5308}> (0x00000000dc5a5308) 
thrown [s\src\hotspot\share\prims\jni.cpp, line 537]
Event: 26.239 Thread 0x000001f19788c810 Exception <a 'sun/nio/fs/WindowsException'{0x00000000dc5b5ac8}> (0x00000000dc5b5ac8) 
thrown [s\src\hotspot\share\prims\jni.cpp, line 537]
Event: 26.240 Thread 0x000001f19788c810 Exception <a 'sun/nio/fs/WindowsException'{0x00000000dc5c0b10}> (0x00000000dc5c0b10) 
thrown [s\src\hotspot\share\prims\jni.cpp, line 537]
Event: 26.242 Thread 0x000001f19788c810 Exception <a 'sun/nio/fs/WindowsException'{0x00000000dc5d4560}> (0x00000000dc5d4560) 
thrown [s\src\hotspot\share\prims\jni.cpp, line 537]
Event: 26.243 Thread 0x000001f19788c810 Exception <a 'sun/nio/fs/WindowsException'{0x00000000dc5e2f78}> (0x00000000dc5e2f78) 
thrown [s\src\hotspot\share\prims\jni.cpp, line 537]
Event: 26.244 Thread 0x000001f19788c810 Exception <a 'sun/nio/fs/WindowsException'{0x00000000dc5ef828}> (0x00000000dc5ef828) 
thrown [s\src\hotspot\share\prims\jni.cpp, line 537]
Event: 26.245 Thread 0x000001f19788c810 Exception <a 'sun/nio/fs/WindowsException'{0x00000000dc5fc628}> (0x00000000dc5fc628) 
thrown [s\src\hotspot\share\prims\jni.cpp, line 537]
Event: 26.245 Thread 0x000001f19788c810 Exception <a 'sun/nio/fs/WindowsException'{0x00000000dc40cc38}> (0x00000000dc40cc38) 
thrown [s\src\hotspot\share\prims\jni.cpp, line 537]
Event: 26.247 Thread 0x000001f19788c810 Exception <a 'sun/nio/fs/WindowsException'{0x00000000dc419cc8}> (0x00000000dc419cc8) 
thrown [s\src\hotspot\share\prims\jni.cpp, line 537]

ZGC Phase Switch (0 events):
No events

VM Operations (20 events):
Event: 23.205 Executing safepoint VM operation: G1CollectForAllocation (G1 Evacuation Pause)
Event: 23.220 Executing safepoint VM operation: G1CollectForAllocation (G1 Evacuation Pause) done
Event: 23.418 Executing safepoint VM operation: G1PauseRemark
Event: 23.432 Executing safepoint VM operation: G1PauseRemark done
Event: 23.449 Executing non-safepoint VM operation: HandshakeAllThreads (Deoptimize)
Event: 23.449 Executing non-safepoint VM operation: HandshakeAllThreads (Deoptimize) done
Event: 23.505 Executing safepoint VM operation: G1PauseCleanup
Event: 23.505 Executing safepoint VM operation: G1PauseCleanup done
Event: 24.508 Executing safepoint VM operation: Cleanup
Event: 25.281 Executing safepoint VM operation: Cleanup done
Event: 25.471 Executing non-safepoint VM operation: HandshakeAllThreads (Deoptimize)
Event: 25.471 Executing non-safepoint VM operation: HandshakeAllThreads (Deoptimize) done
Event: 25.581 Executing non-safepoint VM operation: HandshakeAllThreads (Deoptimize)
Event: 25.581 Executing non-safepoint VM operation: HandshakeAllThreads (Deoptimize) done
Event: 25.792 Executing safepoint VM operation: G1CollectForAllocation (G1 Evacuation Pause)
Event: 25.814 Executing safepoint VM operation: G1CollectForAllocation (G1 Evacuation Pause) done
Event: 26.183 Executing non-safepoint VM operation: HandshakeAllThreads (Deoptimize)
Event: 26.184 Executing non-safepoint VM operation: HandshakeAllThreads (Deoptimize) done
Event: 27.183 Executing safepoint VM operation: Cleanup
Event: 27.183 Executing safepoint VM operation: Cleanup done

Memory protections (0 events):
No events

Nmethod flushes (20 events):
Event: 23.429 Thread 0x000001f1f71a0550 flushing  nmethod 0x000001f187fc7790
Event: 23.429 Thread 0x000001f1f71a0550 flushing  nmethod 0x000001f188269c10
Event: 23.429 Thread 0x000001f1f71a0550 flushing  nmethod 0x000001f180296090
Event: 23.429 Thread 0x000001f1f71a0550 flushing  nmethod 0x000001f1802e8a90
Event: 23.429 Thread 0x000001f1f71a0550 flushing  nmethod 0x000001f1802e8e90
Event: 23.429 Thread 0x000001f1f71a0550 flushing  nmethod 0x000001f1803ae590
Event: 23.429 Thread 0x000001f1f71a0550 flushing  nmethod 0x000001f1804c3490
Event: 23.429 Thread 0x000001f1f71a0550 flushing  nmethod 0x000001f180579c90
Event: 23.429 Thread 0x000001f1f71a0550 flushing  nmethod 0x000001f180616110
Event: 23.429 Thread 0x000001f1f71a0550 flushing  nmethod 0x000001f1806f8210
Event: 23.429 Thread 0x000001f1f71a0550 flushing  nmethod 0x000001f180794e10
Event: 23.429 Thread 0x000001f1f71a0550 flushing  nmethod 0x000001f180aa3e10
Event: 23.429 Thread 0x000001f1f71a0550 flushing  nmethod 0x000001f180aabe10
Event: 23.429 Thread 0x000001f1f71a0550 flushing  nmethod 0x000001f180b25e10
Event: 23.429 Thread 0x000001f1f71a0550 flushing  nmethod 0x000001f180b67890
Event: 23.429 Thread 0x000001f1f71a0550 flushing  nmethod 0x000001f180c3bc90
Event: 23.429 Thread 0x000001f1f71a0550 flushing  nmethod 0x000001f180d11010
Event: 23.429 Thread 0x000001f1f71a0550 flushing  nmethod 0x000001f180f59e10
Event: 23.429 Thread 0x000001f1f71a0550 flushing  nmethod 0x000001f180fb4e90
Event: 23.429 Thread 0x000001f1f71a0550 flushing  nmethod 0x000001f180fb5e90

Events (20 events):
Event: 22.008 Thread 0x000001f19788e8e0 Thread added: 0x000001f1913fe5b0
Event: 22.166 Thread 0x000001f18f5bb070 Thread exited: 0x000001f18f5bb070
Event: 22.703 Thread 0x000001f19788e8e0 Thread added: 0x000001f191404190
Event: 22.783 Thread 0x000001f19788c810 Thread added: 0x000001f191404eb0
Event: 23.027 Thread 0x000001f191404190 Thread added: 0x000001f191402de0
Event: 23.036 Thread 0x000001f191404190 Thread added: 0x000001f191403470
Event: 23.041 Loaded shared library C:\Program Files\Android\Android Studio\jbr\bin\rmi.dll
Event: 23.043 Thread 0x000001f191404190 Thread added: 0x000001f191405540
Event: 23.232 Thread 0x000001f191405540 Thread exited: 0x000001f191405540
Event: 23.235 Thread 0x000001f191403470 Thread exited: 0x000001f191403470
Event: 23.291 Loaded shared library C:\Users\gyral\AppData\Local\Temp\native-platform5515942828507338593dir\native-platform.dll
Event: 23.457 Thread 0x000001f191404190 Thread added: 0x000001f1903001d0
Event: 25.605 Thread 0x000001f1903001d0 Thread exited: 0x000001f1903001d0
Event: 25.614 Thread 0x000001f191404190 Thread added: 0x000001f1903001d0
Event: 25.615 Thread 0x000001f191404190 Thread added: 0x000001f191276fc0
Event: 25.681 Thread 0x000001f191404190 Thread added: 0x000001f191275580
Event: 25.762 Thread 0x000001f191404190 Thread added: 0x000001f191275c10
Event: 25.763 Thread 0x000001f191404190 Thread added: 0x000001f1912762a0
Event: 25.822 Thread 0x000001f1903001d0 Thread exited: 0x000001f1903001d0
Event: 25.846 Thread 0x000001f191275c10 Thread added: 0x000001f191276930


Dynamic libraries:
0x00007ff79f0b0000 - 0x00007ff79f0ba000 	C:\Program Files\Android\Android Studio\jbr\bin\java.exe
0x00007ffbe0ac0000 - 0x00007ffbe0d27000 	C:\WINDOWS\SYSTEM32\ntdll.dll
0x00007ffbdea30000 - 0x00007ffbdeaf9000 	C:\WINDOWS\System32\KERNEL32.DLL
0x00007ffbdd7a0000 - 0x00007ffbddb97000 	C:\WINDOWS\System32\KERNELBASE.dll
0x00007ffbddc50000 - 0x00007ffbddd9b000 	C:\WINDOWS\System32\ucrtbase.dll
0x00007ffbbce10000 - 0x00007ffbbce28000 	C:\Program Files\Android\Android Studio\jbr\bin\jli.dll
0x00007ffbc84b0000 - 0x00007ffbc84cb000 	C:\Program Files\Android\Android Studio\jbr\bin\VCRUNTIME140.dll
0x00007ffbe0830000 - 0x00007ffbe09f6000 	C:\WINDOWS\System32\USER32.dll
0x00007ffbdde60000 - 0x00007ffbdde87000 	C:\WINDOWS\System32\win32u.dll
0x00007ffbc93e0000 - 0x00007ffbc9672000 	C:\WINDOWS\WinSxS\amd64_microsoft.windows.common-controls_6595b64144ccf1df_6.0.26100.8457_none_3e0b2faee331e92d\COMCTL32.dll
0x00007ffbdf510000 - 0x00007ffbdf5b9000 	C:\WINDOWS\System32\msvcrt.dll
0x00007ffbe0800000 - 0x00007ffbe082b000 	C:\WINDOWS\System32\GDI32.dll
0x00007ffbdd4f0000 - 0x00007ffbdd61c000 	C:\WINDOWS\System32\gdi32full.dll
0x00007ffbddba0000 - 0x00007ffbddc43000 	C:\WINDOWS\System32\msvcp_win.dll
0x00007ffbdf4a0000 - 0x00007ffbdf4d2000 	C:\WINDOWS\System32\IMM32.DLL
0x00007ffbd2670000 - 0x00007ffbd267c000 	C:\Program Files\Android\Android Studio\jbr\bin\vcruntime140_1.dll
0x00007ffb9ed40000 - 0x00007ffb9edcd000 	C:\Program Files\Android\Android Studio\jbr\bin\msvcp140.dll
0x00007ffb39d90000 - 0x00007ffb3aa26000 	C:\Program Files\Android\Android Studio\jbr\bin\server\jvm.dll
0x00007ffbdf320000 - 0x00007ffbdf3d6000 	C:\WINDOWS\System32\ADVAPI32.dll
0x00007ffbdf3e0000 - 0x00007ffbdf487000 	C:\WINDOWS\System32\sechost.dll
0x00007ffbdfbf0000 - 0x00007ffbdfd08000 	C:\WINDOWS\System32\RPCRT4.dll
0x00007ffbdf810000 - 0x00007ffbdf890000 	C:\WINDOWS\System32\WS2_32.dll
0x00007ffbdd350000 - 0x00007ffbdd3ae000 	C:\WINDOWS\SYSTEM32\POWRPROF.dll
0x00007ffbc9c90000 - 0x00007ffbc9cc6000 	C:\WINDOWS\SYSTEM32\WINMM.dll
0x00007ffbd7b70000 - 0x00007ffbd7b7b000 	C:\WINDOWS\SYSTEM32\VERSION.dll
0x00007ffbdd330000 - 0x00007ffbdd344000 	C:\WINDOWS\SYSTEM32\UMPDC.dll
0x00007ffbdc280000 - 0x00007ffbdc29b000 	C:\WINDOWS\SYSTEM32\kernel.appcore.dll
0x00007ffbd2650000 - 0x00007ffbd265a000 	C:\Program Files\Android\Android Studio\jbr\bin\jimage.dll
0x00007ffbcc750000 - 0x00007ffbcc992000 	C:\WINDOWS\SYSTEM32\DBGHELP.DLL
0x00007ffbdeb00000 - 0x00007ffbdee83000 	C:\WINDOWS\System32\combase.dll
0x00007ffbdfb00000 - 0x00007ffbdfbd9000 	C:\WINDOWS\System32\OLEAUT32.dll
0x00007ffbb9f00000 - 0x00007ffbb9f3b000 	C:\WINDOWS\SYSTEM32\dbgcore.DLL
0x00007ffbde700000 - 0x00007ffbde7a8000 	C:\WINDOWS\System32\bcryptPrimitives.dll
0x00007ffbbd720000 - 0x00007ffbbd72e000 	C:\Program Files\Android\Android Studio\jbr\bin\instrument.dll
0x00007ffbba4b0000 - 0x00007ffbba4d0000 	C:\Program Files\Android\Android Studio\jbr\bin\java.dll
0x00007ffbba280000 - 0x00007ffbba298000 	C:\Program Files\Android\Android Studio\jbr\bin\zip.dll
0x00007ffbdfd10000 - 0x00007ffbe047e000 	C:\WINDOWS\System32\SHELL32.dll
0x00007ffbdde90000 - 0x00007ffbde6fc000 	C:\WINDOWS\System32\windows.storage.dll
0x00007ffbdf5e0000 - 0x00007ffbdf6d6000 	C:\WINDOWS\System32\SHCORE.dll
0x00007ffbdf7a0000 - 0x00007ffbdf806000 	C:\WINDOWS\System32\shlwapi.dll
0x00007ffbdd410000 - 0x00007ffbdd439000 	C:\WINDOWS\SYSTEM32\profapi.dll
0x00007ffbd1ec0000 - 0x00007ffbd1ed0000 	C:\Program Files\Android\Android Studio\jbr\bin\net.dll
0x00007ffbd5920000 - 0x00007ffbd5a49000 	C:\WINDOWS\SYSTEM32\WINHTTP.dll
0x00007ffbdc7f0000 - 0x00007ffbdc85c000 	C:\WINDOWS\system32\mswsock.dll
0x00007ffbb9360000 - 0x00007ffbb9376000 	C:\Program Files\Android\Android Studio\jbr\bin\nio.dll
0x00007ffbc3590000 - 0x00007ffbc35a0000 	C:\Program Files\Android\Android Studio\jbr\bin\verify.dll
0x00007ffbba4e0000 - 0x00007ffbba507000 	C:\Users\gyral\.gradle\native\c067742578af261105cb4f569cf0c3c89f3d7b1fecec35dd04571415982c5e48\windows-amd64\native-platform.dll
0x00007ffb6d870000 - 0x00007ffb6d9b4000 	C:\Users\gyral\.gradle\native\100fb08df4bc3b14c8652ba06237920a3bd2aa13389f12d3474272988ae205f9\windows-amd64\native-platform-file-events.dll
0x00007ffbd0a30000 - 0x00007ffbd0a39000 	C:\Program Files\Android\Android Studio\jbr\bin\management.dll
0x00007ffbc8430000 - 0x00007ffbc843b000 	C:\Program Files\Android\Android Studio\jbr\bin\management_ext.dll
0x00007ffbe0490000 - 0x00007ffbe0498000 	C:\WINDOWS\System32\PSAPI.DLL
0x00007ffbdcad0000 - 0x00007ffbdcaeb000 	C:\WINDOWS\SYSTEM32\CRYPTSP.dll
0x00007ffbdc1e0000 - 0x00007ffbdc219000 	C:\WINDOWS\system32\rsaenh.dll
0x00007ffbdc8a0000 - 0x00007ffbdc8d3000 	C:\WINDOWS\SYSTEM32\USERENV.dll
0x00007ffbdd3e0000 - 0x00007ffbdd40a000 	C:\WINDOWS\SYSTEM32\bcrypt.dll
0x00007ffbdcaf0000 - 0x00007ffbdcafc000 	C:\WINDOWS\SYSTEM32\CRYPTBASE.dll
0x00007ffbdbc90000 - 0x00007ffbdbcc2000 	C:\WINDOWS\SYSTEM32\IPHLPAPI.DLL
0x00007ffbdf490000 - 0x00007ffbdf49a000 	C:\WINDOWS\System32\NSI.dll
0x00007ffbd1ea0000 - 0x00007ffbd1ea9000 	C:\Program Files\Android\Android Studio\jbr\bin\extnet.dll
0x00007ffb9ce00000 - 0x00007ffb9ce08000 	C:\WINDOWS\system32\wshunix.dll
0x00007ffb88d50000 - 0x00007ffb88d68000 	C:\WINDOWS\system32\napinsp.dll
0x00007ffbdbd20000 - 0x00007ffbdbe52000 	C:\WINDOWS\SYSTEM32\DNSAPI.dll
0x00007ffb88d30000 - 0x00007ffb88d43000 	C:\WINDOWS\System32\winrnr.dll
0x00007ffb88d70000 - 0x00007ffb88d92000 	C:\WINDOWS\system32\nlansp_c.dll
0x00007ffba8fb0000 - 0x00007ffba8fc6000 	C:\WINDOWS\system32\wshbth.dll
0x000000005ffd0000 - 0x000000005fff6000 	C:\Program Files\Bonjour\mdnsNSP.dll
0x00007ffbd1800000 - 0x00007ffbd180b000 	C:\Windows\System32\rasadhlp.dll
0x00007ffbd2c30000 - 0x00007ffbd2cb6000 	C:\WINDOWS\System32\fwpuclnt.dll
0x00007ffbbcc80000 - 0x00007ffbbcc87000 	C:\Program Files\Android\Android Studio\jbr\bin\rmi.dll
0x00007ffbba5c0000 - 0x00007ffbba5de000 	C:\Users\gyral\AppData\Local\Temp\native-platform5515942828507338593dir\native-platform.dll

JVMTI agents:
C:\Users\gyral\.gradle\wrapper\dists\gradle-8.9-bin\90cnw93cvbtalezasaz0blq0a\gradle-8.9\lib\agents\gradle-instrumentation-agent-8.9.jar path:C:\Program Files\Android\Android Studio\jbr\bin\instrument.dll, loaded, initialized, instrumentlib options:none

dbghelp: loaded successfully - version: 4.0.5 - missing functions: none
symbol engine: initialized successfully - sym options: 0x614 - pdb path: .;C:\Program Files\Android\Android Studio\jbr\bin;C:\WINDOWS\SYSTEM32;C:\WINDOWS\WinSxS\amd64_microsoft.windows.common-controls_6595b64144ccf1df_6.0.26100.8457_none_3e0b2faee331e92d;C:\Program Files\Android\Android Studio\jbr\bin\server;C:\Users\gyral\.gradle\native\c067742578af261105cb4f569cf0c3c89f3d7b1fecec35dd04571415982c5e48\windows-amd64;C:\Users\gyral\.gradle\native\100fb08df4bc3b14c8652ba06237920a3bd2aa13389f12d3474272988ae205f9\windows-amd64;C:\Program Files\Bonjour;C:\Users\gyral\AppData\Local\Temp\native-platform5515942828507338593dir

VM Arguments:
jvm_args: -XX:MaxMetaspaceSize=512m -XX:+HeapDumpOnOutOfMemoryError --add-opens=java.base/java.util=ALL-UNNAMED --add-opens=java.base/java.lang=ALL-UNNAMED --add-opens=java.base/java.lang.invoke=ALL-UNNAMED --add-opens=java.prefs/java.util.prefs=ALL-UNNAMED --add-exports=jdk.compiler/com.sun.tools.javac.api=ALL-UNNAMED --add-exports=jdk.compiler/com.sun.tools.javac.util=ALL-UNNAMED --add-opens=java.base/java.nio.charset=ALL-UNNAMED --add-opens=java.base/java.net=ALL-UNNAMED --add-opens=java.base/java.util.concurrent.atomic=ALL-UNNAMED -Xmx768m -Dfile.encoding=UTF-8 -Duser.country=US -Duser.language=en -Duser.variant -javaagent:C:\Users\gyral\.gradle\wrapper\dists\gradle-8.9-bin\90cnw93cvbtalezasaz0blq0a\gradle-8.9\lib\agents\gradle-instrumentation-agent-8.9.jar 
java_command: org.gradle.launcher.daemon.bootstrap.GradleDaemon 8.9
java_class_path (initial): C:\Users\gyral\.gradle\wrapper\dists\gradle-8.9-bin\90cnw93cvbtalezasaz0blq0a\gradle-8.9\lib\gradle-daemon-main-8.9.jar
Launcher Type: SUN_STANDARD

[Global flags]
     intx CICompilerCount                          = 4                                         {product} {ergonomic}
   size_t CompressedClassSpaceSize                 = 436207616                                 {product} {ergonomic}
     uint ConcGCThreads                            = 2                                         {product} {ergonomic}
     uint G1ConcRefinementThreads                  = 8                                         {product} {ergonomic}
   size_t G1HeapRegionSize                         = 1048576                                   {product} {ergonomic}
    uintx GCDrainStackTargetSize                   = 64                                        {product} {ergonomic}
     bool HeapDumpOnOutOfMemoryError               = true                                   {manageable} {command line}
   size_t InitialHeapSize                          = 65011712                                  {product} {ergonomic}
   size_t MarkStackSize                            = 4194304                                   {product} {ergonomic}
   size_t MaxHeapSize                              = 805306368                                 {product} {command line}
   size_t MaxMetaspaceSize                         = 536870912                                 {product} {command line}
   size_t MaxNewSize                               = 482344960                                 {product} {ergonomic}
   size_t MinHeapDeltaBytes                        = 1048576                                   {product} {ergonomic}
   size_t MinHeapSize                              = 8388608                                   {product} {ergonomic}
    uintx NonNMethodCodeHeapSize                   = 5839372                                {pd product} {ergonomic}
    uintx NonProfiledCodeHeapSize                  = 122909434                              {pd product} {ergonomic}
    uintx ProfiledCodeHeapSize                     = 122909434                              {pd product} {ergonomic}
    uintx ReservedCodeCacheSize                    = 251658240                              {pd product} {ergonomic}
     bool SegmentedCodeCache                       = true                                      {product} {ergonomic}
   size_t SoftMaxHeapSize                          = 805306368                              {manageable} {ergonomic}
     bool UseCompressedOops                        = true                           {product lp64_product} {ergonomic}
     bool UseG1GC                                  = true                                      {product} {ergonomic}
     bool UseLargePagesIndividualAllocation        = false                                  {pd product} {ergonomic}

Logging:
Log output configuration:
 #0: stdout all=warning uptime,level,tags foldmultilines=false
 #1: stderr all=off uptime,level,tags foldmultilines=false

Release file:
JAVA_VERSION="21.0.10" 
MODULES="java.base java.compiler java.datatransfer java.xml java.prefs java.desktop java.instrument java.logging java.management java.security.sasl java.naming java.rmi java.management.rmi java.net.http java.scripting java.security.jgss java.transaction.xa java.sql java.sql.rowset java.xml.crypto java.se java.smartcardio jdk.accessibility jdk.internal.jvmstat jdk.attach jdk.charsets jdk.internal.opt jdk.zipfs jdk.compiler jdk.crypto.ec jdk.crypto.cryptoki jdk.dynalink jdk.hotspot.agent jdk.httpserver jdk.internal.ed jdk.internal.le jdk.internal.vm.ci jdk.jartool jdk.javadoc jdk.jcmd jdk.jdeps jdk.jdwp.agent jdk.jdi jdk.jfr jdk.jlink jdk.jsobject jdk.localedata jdk.management jdk.management.agent jdk.management.jfr jdk.naming.dns jdk.naming.rmi jdk.net jdk.sctp jdk.security.auth jdk.security.jgss jdk.unsupported jdk.unsupported.desktop jdk.xml.dom" 
IMPLEMENTOR="JetBrains s.r.o." 
JAVA_RUNTIME_VERSION="21.0.10+-14961533-b1163.108" 
LIBC="default" 
OS_ARCH="x86_64" 
OS_NAME="Windows" 
SOURCE=".:git:1351622c2ff2" 

Environment Variables:
PATH=C:\Program Files\Common Files\Oracle\Java\javapath;C:\WINDOWS\system32;C:\WINDOWS;C:\WINDOWS\System32\Wbem;C:\WINDOWS\System32\WindowsPowerShell\v1.0\;C:\WINDOWS\System32\OpenSSH\;C:\Program Files\nodejs\;C:\ProgramData\chocolatey\bin;C:\Users\gyral\Downloads\apache-maven-3.9.11\bin;C:\Program Files\Git\cmd;C:\Program Files\MySQL\MySQL Shell 8.0\bin\;C:\Users\gyral\AppData\Local\Programs\Python\Launcher\;C:\Users\gyral\AppData\Local\Microsoft\WindowsApps;C:\Users\gyral\AppData\Local\Programs\Microsoft VS Code\bin;C:\Users\gyral\AppData\Local\JetBrains\Toolbox\scripts;;C:\Program Files\JetBrains\PyCharm 2025.1.2\bin;;C:\Users\gyral\AppData\Roaming\npm;C:\Users\gyral\AppData\Local\Programs\Antigravity IDE\bin
USERNAME=gyral
OS=Windows_NT
PROCESSOR_IDENTIFIER=Intel64 Family 6 Model 142 Stepping 12, GenuineIntel
TMP=C:\Users\gyral\AppData\Local\Temp
TEMP=C:\Users\gyral\AppData\Local\Temp




Periodic native trim disabled

JNI global refs:
JNI global refs: 27, weak refs: 0

JNI global refs memory usage: 835, weak refs: 201

Process memory usage:
Resident Set Size: 247760K (6% of 3996148K total physical memory with 769092K free physical memory)

OOME stack traces (most recent first):
Classloader memory used:
Loader org.gradle.internal.classloader.VisitableURLClassLoader                         : 45427K
Loader org.gradle.internal.classloader.VisitableURLClassLoader$InstrumentingVisitableURLClassLoader: 32519K
Loader bootstrap                                                                       : 30309K
Loader org.gradle.initialization.MixInLegacyTypesClassLoader                           : 13071K
Loader jdk.internal.reflect.DelegatingClassLoader                                      : 518K
Loader jdk.internal.loader.ClassLoaders$PlatformClassLoader                            : 511K
Loader jdk.internal.loader.ClassLoaders$AppClassLoader                                 : 230K
Loader org.gradle.internal.classloader.VisitableURLClassLoader                         : 203K
Loader org.gradle.groovy.scripts.internal.DefaultScriptCompilationHandler$ScriptClassLoader: 135K
Loader org.codehaus.groovy.runtime.callsite.CallSiteClassLoader                        : 27480B
Loader sun.reflect.misc.MethodUtil                                                     : 2984B

Classes loaded by more than one classloader:
Class Program                                                                         : loaded 5 times (x 72B)
Class Build_gradle                                                                    : loaded 3 times (x 130B)
Class Build_gradle$1                                                                  : loaded 3 times (x 75B)
Class org.gradle.internal.classloader.FilteringClassLoader                            : loaded 2 times (x 105B)
Class net.rubygrapefruit.platform.internal.Platform$FreeBSD64Bit                      : loaded 2 times (x 82B)
Class [Lcom.google.common.base.AbstractIterator$State;                                : loaded 2 times (x 69B)
Class com.google.common.base.CharMatcher$IsEither                                     : loaded 2 times (x 111B)
Class org.gradle.internal.classloader.ClassLoaderHierarchy                            : loaded 2 times (x 70B)
Class net.rubygrapefruit.platform.internal.Platform$FreeBSD                           : loaded 2 times (x 82B)
Class com.google.common.collect.ImmutableEnumSet                                      : loaded 2 times (x 146B)
Class com.google.common.util.concurrent.ExecutionError                                : loaded 2 times (x 82B)
Class com.google.common.collect.ImmutableList$1                                       : loaded 2 times (x 97B)
Class org.gradle.api.internal.classpath.ManifestUtil                                  : loaded 2 times (x 71B)
Class com.google.common.io.ByteArrayDataOutput                                        : loaded 2 times (x 70B)
Class net.rubygrapefruit.platform.NativeException                                     : loaded 2 times (x 82B)
Class com.google.common.collect.RegularImmutableMap                                   : loaded 2 times (x 121B)
Class com.google.common.collect.ImmutableMap$MapViewOfValuesAsSingletonSets           : loaded 2 times (x 125B)
Class [Lorg.objectweb.asm.Symbol;                                                     : loaded 2 times (x 69B)
Class org.objectweb.asm.ClassVisitor                                                  : loaded 2 times (x 88B)
Class com.google.common.collect.UnmodifiableListIterator                              : loaded 2 times (x 95B)
Class org.objectweb.asm.MethodTooLargeException                                       : loaded 2 times (x 83B)
Class [Lcom.google.common.cache.CacheBuilder$OneWeigher;                              : loaded 2 times (x 69B)
Class com.google.common.base.Suppliers                                                : loaded 2 times (x 71B)
Class com.google.common.base.Platform$JdkPatternCompiler                              : loaded 2 times (x 75B)
Class org.gradle.internal.classloader.DefaultClassLoaderFactory                       : loaded 2 times (x 82B)
Class com.google.common.base.CharMatcher$None                                         : loaded 2 times (x 112B)
Class ijJvmDebugger1_7ho1mx1xflvhf5lv5r64nbndi$_run_closure1$_closure2                : loaded 2 times (x 140B)
Class org.gradle.internal.classloader.ClassLoaderVisitor                              : loaded 2 times (x 76B)
Class net.rubygrapefruit.platform.NativeIntegrationUnavailableException               : loaded 2 times (x 82B)
Class net.rubygrapefruit.platform.internal.Platform                                   : loaded 2 times (x 79B)
Class [Lcom.google.common.collect.ImmutableMapEntry;                                  : loaded 2 times (x 69B)
Class org.gradle.api.internal.classpath.EffectiveClassPath                            : loaded 2 times (x 90B)
Class com.google.common.collect.ImmutableEnumMap                                      : loaded 2 times (x 125B)
Class com.google.common.collect.ListMultimap                                          : loaded 2 times (x 70B)
Class com.google.common.collect.Sets$1                                                : loaded 2 times (x 139B)
Class org.objectweb.asm.AnnotationVisitor                                             : loaded 2 times (x 78B)
Class com.google.common.base.Splitter                                                 : loaded 2 times (x 72B)
Class org.gradle.api.internal.DefaultClassPathProvider                                : loaded 2 times (x 76B)
Class com.google.common.collect.Sets$2                                                : loaded 2 times (x 139B)
Class [Lorg.gradle.api.internal.ClassPathProvider;                                    : loaded 2 times (x 69B)
Class org.gradle.api.internal.ClassPathProvider                                       : loaded 2 times (x 70B)
Class [Lorg.objectweb.asm.AnnotationVisitor;                                          : loaded 2 times (x 69B)
Class com.google.common.collect.Sets$3                                                : loaded 2 times (x 139B)
Class com.google.common.util.concurrent.AbstractFuture$SafeAtomicHelper               : loaded 2 times (x 79B)
Class com.google.common.cache.LocalCache$LocalLoadingCache                            : loaded 2 times (x 134B)
Class com.google.common.base.AbstractIterator$State                                   : loaded 2 times (x 79B)
Class ijJvmDebugger1_7ho1mx1xflvhf5lv5r64nbndi                                        : loaded 2 times (x 179B)
Class org.gradle.internal.service.UnknownServiceException                             : loaded 2 times (x 83B)
Class com.google.common.io.ByteArrayDataInput                                         : loaded 2 times (x 70B)
Class com.google.common.collect.Sets$4                                                : loaded 2 times (x 139B)
Class org.objectweb.asm.ModuleVisitor                                                 : loaded 2 times (x 81B)
Class com.google.common.cache.LocalCache$Strength$1                                   : loaded 2 times (x 81B)
Class net.rubygrapefruit.platform.internal.Platform$MacOs64Bit                        : loaded 2 times (x 82B)
Class com.google.common.util.concurrent.SettableFuture                                : loaded 2 times (x 114B)
Class com.google.common.cache.LocalCache$Strength$2                                   : loaded 2 times (x 81B)
Class com.google.common.io.ByteStreams                                                : loaded 2 times (x 71B)
Class net.rubygrapefruit.platform.internal.Platform$Posix                             : loaded 2 times (x 81B)
Class com.google.common.cache.LocalCache$Strength$3                                   : loaded 2 times (x 81B)
Class com.google.common.collect.MapDifference                                         : loaded 2 times (x 70B)
Class com.google.common.base.Splitter$1                                               : loaded 2 times (x 77B)
Class org.objectweb.asm.FieldWriter                                                   : loaded 2 times (x 78B)
Class com.google.common.cache.CacheBuilder$NullListener                               : loaded 2 times (x 82B)
Class org.gradle.internal.classpath.TransformedClassPath                              : loaded 2 times (x 96B)
Class com.google.common.cache.CacheLoader$FunctionToCacheLoader                       : loaded 2 times (x 75B)
Class com.google.common.collect.Iterators$ArrayItr                                    : loaded 2 times (x 97B)
Class com.google.common.collect.ImmutableCollection$Builder                           : loaded 2 times (x 76B)
Class com.google.common.base.Joiner                                                   : loaded 2 times (x 79B)
Class com.google.common.base.MoreObjects                                              : loaded 2 times (x 71B)
Class [Lorg.objectweb.asm.Type;                                                       : loaded 2 times (x 69B)
Class com.google.common.collect.Platform                                              : loaded 2 times (x 71B)
Class com.google.common.collect.UnmodifiableIterator                                  : loaded 2 times (x 80B)
Class org.gradle.internal.service.ServiceLocator                                      : loaded 2 times (x 70B)
Class com.google.common.base.Ascii                                                    : loaded 2 times (x 71B)
Class com.google.common.collect.SingletonImmutableBiMap                               : loaded 2 times (x 143B)
Class com.google.common.cache.LocalCache$1                                            : loaded 2 times (x 89B)
Class com.google.common.collect.AbstractMapEntry                                      : loaded 2 times (x 81B)
Class ijKotlinCoroutineJvmDebugInit1_1y6fked67iotatirchb4x916h$_run_closure1          : loaded 2 times (x 139B)
Class com.google.common.collect.Sets$ImprovedAbstractSet                              : loaded 2 times (x 135B)
Class com.google.common.collect.ImmutableList$Builder                                 : loaded 2 times (x 77B)
Class com.google.common.cache.LocalCache$2                                            : loaded 2 times (x 142B)
Class com.google.common.collect.AbstractMultimap                                      : loaded 2 times (x 123B)
Class com.google.common.util.concurrent.AbstractFuture$UnsafeAtomicHelper$1           : loaded 2 times (x 76B)
Class com.google.common.collect.RegularImmutableAsList                                : loaded 2 times (x 216B)
Class com.google.common.util.concurrent.AbstractFuture$Trusted                        : loaded 2 times (x 70B)
Class com.google.common.collect.Iterators                                             : loaded 2 times (x 71B)
Class com.google.common.base.CharMatcher$RangesMatcher                                : loaded 2 times (x 112B)
Class net.rubygrapefruit.platform.internal.Platform$Linux32Bit                        : loaded 2 times (x 83B)
Class com.google.common.util.concurrent.UncheckedExecutionException                   : loaded 2 times (x 82B)
Class com.google.common.collect.Lists$StringAsImmutableList                           : loaded 2 times (x 207B)
Class org.gradle.kotlin.dsl.VersionCatalogAccessorsKt                                 : loaded 2 times (x 71B)
Class net.rubygrapefruit.platform.Native                                              : loaded 2 times (x 71B)
Class net.rubygrapefruit.platform.NativeIntegration                                   : loaded 2 times (x 70B)
Class com.google.common.base.CharMatcher$JavaLetterOrDigit                            : loaded 2 times (x 111B)
Class org.gradle.internal.InternalTransformer                                         : loaded 2 times (x 70B)
Class [Lnet.rubygrapefruit.platform.internal.FunctionResult$Failure;                  : loaded 2 times (x 69B)
Class com.google.common.collect.AbstractMapBasedMultimap$KeySet$1                     : loaded 2 times (x 82B)
Class org.objectweb.asm.ClassWriter                                                   : loaded 2 times (x 106B)
Class com.google.common.cache.CacheLoader$UnsupportedLoadingOperationException        : loaded 2 times (x 82B)
Class com.google.common.base.CharMatcher$And                                          : loaded 2 times (x 112B)
Class org.gradle.internal.classloader.ClasspathUtil$1                                 : loaded 2 times (x 76B)
Class com.google.common.base.Objects                                                  : loaded 2 times (x 71B)
Class org.objectweb.asm.FieldVisitor                                                  : loaded 2 times (x 77B)
Class com.google.common.collect.IndexedImmutableSet                                   : loaded 2 times (x 150B)
Class com.google.common.collect.ImmutableMap$1                                        : loaded 2 times (x 81B)
Class com.google.common.collect.BiMap                                                 : loaded 2 times (x 70B)
Class org.gradle.api.internal.classpath.DefaultModuleRegistry$DefaultModule           : loaded 2 times (x 86B)
Class com.google.common.primitives.Ints                                               : loaded 2 times (x 71B)
Class com.google.common.collect.AbstractIterator                                      : loaded 2 times (x 82B)
Class com.google.common.math.MathPreconditions                                        : loaded 2 times (x 71B)
Class com.google.common.collect.RegularImmutableMap$KeySet                            : loaded 2 times (x 150B)
Class com.google.common.collect.ArrayListMultimapGwtSerializationDependencies         : loaded 2 times (x 172B)
Class com.google.common.collect.ObjectArrays                                          : loaded 2 times (x 71B)
Class com.google.common.collect.AbstractIndexedListIterator                           : loaded 2 times (x 96B)
Class com.google.common.collect.ImmutableMapEntrySet                                  : loaded 2 times (x 151B)
Class org.gradle.api.internal.classpath.Module                                        : loaded 2 times (x 70B)
Class com.google.common.cache.Weigher                                                 : loaded 2 times (x 70B)
Class org.gradle.api.internal.classpath.UnknownModuleException                        : loaded 2 times (x 82B)
Class com.google.common.base.Stopwatch                                                : loaded 2 times (x 72B)
Class com.google.common.cache.LocalCache$Strength                                     : loaded 2 times (x 81B)
Class com.google.common.cache.Cache                                                   : loaded 2 times (x 70B)
Class com.google.common.util.concurrent.AbstractFuture$Cancellation                   : loaded 2 times (x 72B)
Class com.google.common.collect.ImmutableMap$Builder                                  : loaded 2 times (x 82B)
Class com.google.common.base.NullnessCasts                                            : loaded 2 times (x 71B)
Class net.rubygrapefruit.platform.internal.FunctionResult                             : loaded 2 times (x 77B)
Class com.google.common.cache.RemovalListener                                         : loaded 2 times (x 70B)
Class org.gradle.api.internal.DefaultClassPathRegistry                                : loaded 2 times (x 76B)
Class net.rubygrapefruit.platform.NativeIntegrationLinkageException                   : loaded 2 times (x 82B)
Class com.google.common.primitives.IntsMethodsForWeb                                  : loaded 2 times (x 71B)
Class com.google.common.collect.Multimap                                              : loaded 2 times (x 70B)
Class org.gradle.api.internal.ClassPathRegistry                                       : loaded 2 times (x 70B)
Class org.gradle.internal.classpath.DefaultClassPath$ImmutableUniqueList              : loaded 2 times (x 199B)
Class com.google.common.base.ExtraObjectsMethodsForWeb                                : loaded 2 times (x 71B)
Class com.google.common.base.Equivalence$Identity                                     : loaded 2 times (x 82B)
Class net.rubygrapefruit.platform.internal.jni.NativeLibraryFunctions                 : loaded 2 times (x 71B)
Class com.google.common.cache.CacheBuilder                                            : loaded 2 times (x 72B)
Class com.google.common.collect.SingletonImmutableList                                : loaded 2 times (x 207B)
Class Settings_gradle$1                                                               : loaded 2 times (x 74B)
Class org.gradle.internal.classpath.ClassPath                                         : loaded 2 times (x 70B)
Class org.gradle.api.UncheckedIOException                                             : loaded 2 times (x 82B)
Class com.google.common.collect.ImmutableList$ReverseImmutableList                    : loaded 2 times (x 208B)
Class com.google.common.base.JdkPattern                                               : loaded 2 times (x 75B)
Class net.rubygrapefruit.platform.internal.Platform$Windows                           : loaded 2 times (x 79B)
Class org.objectweb.asm.SymbolTable$Entry                                             : loaded 2 times (x 74B)
Class com.google.common.util.concurrent.AbstractFuture$AtomicHelper                   : loaded 2 times (x 78B)
Class org.objectweb.asm.Edge                                                          : loaded 2 times (x 72B)
Class com.google.common.base.Suppliers$SupplierOfInstance                             : loaded 2 times (x 79B)
Class com.google.common.collect.Iterators$1                                           : loaded 2 times (x 81B)
Class com.google.common.cache.LocalCache$ComputingValueReference                      : loaded 2 times (x 96B)
Class com.google.common.collect.SingletonImmutableSet                                 : loaded 2 times (x 146B)
Class com.google.common.collect.ImmutableMap$IteratorBasedImmutableMap                : loaded 2 times (x 125B)
Class com.google.common.cache.LocalCache$Segment                                      : loaded 2 times (x 154B)
Class net.rubygrapefruit.platform.internal.LibraryDef                                 : loaded 2 times (x 72B)
Class [Lorg.objectweb.asm.SymbolTable$Entry;                                          : loaded 2 times (x 69B)
Class com.google.common.cache.CacheLoader                                             : loaded 2 times (x 74B)
Class com.google.common.collect.Iterators$4                                           : loaded 2 times (x 82B)
Class com.google.common.collect.ImmutableBiMap                                        : loaded 2 times (x 143B)
Class com.google.common.collect.AbstractListMultimap                                  : loaded 2 times (x 172B)
Class org.gradle.internal.installation.GradleInstallation$1                           : loaded 2 times (x 75B)
Class org.gradle.api.internal.classpath.ModuleRegistry                                : loaded 2 times (x 70B)
Class com.google.common.util.concurrent.internal.InternalFutureFailureAccess          : loaded 2 times (x 72B)
Class com.google.common.collect.Iterators$5                                           : loaded 2 times (x 82B)
Class com.google.common.collect.ImmutableSet$JdkBackedSetBuilderImpl                  : loaded 2 times (x 76B)
Class com.google.common.base.Splitter$SplittingIterator                               : loaded 2 times (x 84B)
Class com.google.common.io.Closer$SuppressingSuppressor                               : loaded 2 times (x 75B)
Class com.google.common.util.concurrent.AbstractFuture$UnsafeAtomicHelper             : loaded 2 times (x 78B)
Class com.google.common.cache.LocalCache$LocalManualCache$1                           : loaded 2 times (x 75B)
Class com.google.common.base.CharMatcher$ForPredicate                                 : loaded 2 times (x 112B)
Class net.rubygrapefruit.platform.internal.Platform$Window32Bit                       : loaded 2 times (x 79B)
Class com.google.common.collect.ImmutableCollection                                   : loaded 2 times (x 125B)
Class com.google.common.base.CharMatcher$AnyOf                                        : loaded 2 times (x 112B)
Class org.gradle.api.internal.classpath.DefaultModuleRegistry                         : loaded 2 times (x 83B)
Class com.google.common.util.concurrent.ListenableFuture                              : loaded 2 times (x 70B)
Class com.google.common.cache.ReferenceEntry                                          : loaded 2 times (x 70B)
Class com.google.common.collect.ImmutableSet$CachingAsList                            : loaded 2 times (x 147B)
Class com.google.common.base.Converter                                                : loaded 2 times (x 90B)
Class com.google.common.collect.Lists                                                 : loaded 2 times (x 71B)
Class com.google.common.base.CharMatcher$Any                                          : loaded 2 times (x 112B)
Class com.google.common.util.concurrent.AbstractFuture                                : loaded 2 times (x 106B)
Class com.google.common.base.FunctionalEquivalence                                    : loaded 2 times (x 83B)
Class com.google.common.collect.Iterators$9                                           : loaded 2 times (x 81B)
Class com.google.common.collect.AbstractMapBasedMultimap                              : loaded 2 times (x 139B)
Class com.google.common.collect.ImmutableAsList                                       : loaded 2 times (x 209B)
Class org.objectweb.asm.RecordComponentVisitor                                        : loaded 2 times (x 77B)
Class com.google.common.cache.CacheLoader$SupplierToCacheLoader                       : loaded 2 times (x 75B)
Class ijJvmDebugger1_7ho1mx1xflvhf5lv5r64nbndi$_run_closure1                          : loaded 2 times (x 139B)
Class com.google.common.collect.Maps$EntryTransformer                                 : loaded 2 times (x 70B)
Class org.gradle.internal.service.ServiceLookupException                              : loaded 2 times (x 82B)
Class [Lcom.google.common.cache.LocalCache$EntryFactory;                              : loaded 2 times (x 69B)
Class com.google.common.base.CharMatcher$JavaLetter                                   : loaded 2 times (x 111B)
Class org.gradle.internal.classloader.ClassLoaderFactory                              : loaded 2 times (x 70B)
Class net.rubygrapefruit.platform.internal.Platform$Linux                             : loaded 2 times (x 83B)
Class com.google.common.cache.LocalCache$LocalManualCache                             : loaded 2 times (x 99B)
Class com.google.common.base.CharMatcher$IsNot                                        : loaded 2 times (x 111B)
Class com.google.common.base.CommonPattern                                            : loaded 2 times (x 74B)
Class org.gradle.internal.service.CachingServiceLocator                               : loaded 2 times (x 82B)
Class com.google.common.collect.AbstractMapBasedMultimap$KeySet                       : loaded 2 times (x 137B)
Class com.google.common.math.IntMath                                                  : loaded 2 times (x 71B)
Class com.google.common.collect.Iterators$10                                          : loaded 2 times (x 81B)
Class com.google.common.collect.ImmutableMapEntry                                     : loaded 2 times (x 85B)
Class com.google.common.base.CharMatcher$JavaDigit                                    : loaded 2 times (x 111B)
Class com.google.common.base.Equivalence                                              : loaded 2 times (x 82B)
Class com.google.common.collect.ImmutableMapEntry$NonTerminalImmutableMapEntry        : loaded 2 times (x 85B)
Class com.google.common.base.Function                                                 : loaded 2 times (x 70B)
Class com.google.common.cache.CacheBuilder$OneWeigher                                 : loaded 2 times (x 82B)
Class com.google.common.collect.RegularImmutableList                                  : loaded 2 times (x 212B)
Class net.rubygrapefruit.platform.internal.Platform$Unsupported                       : loaded 2 times (x 79B)
Class net.rubygrapefruit.platform.internal.Platform$FreeBSD32Bit                      : loaded 2 times (x 82B)
Class com.google.common.collect.ImmutableBiMapFauxverideShim                          : loaded 2 times (x 120B)
Class org.gradle.internal.classloader.ClasspathUtil                                   : loaded 2 times (x 71B)
Class net.rubygrapefruit.platform.internal.Platform$Unix                              : loaded 2 times (x 82B)
Class com.google.common.base.Charsets                                                 : loaded 2 times (x 71B)
Class com.google.common.util.concurrent.Uninterruptibles                              : loaded 2 times (x 71B)
Class com.google.common.collect.Maps                                                  : loaded 2 times (x 71B)
Class com.google.common.base.CharMatcher$JavaUpperCase                                : loaded 2 times (x 111B)
Class org.gradle.api.specs.Spec                                                       : loaded 2 times (x 70B)
Class [Lcom.google.common.collect.ImmutableEntry;                                     : loaded 2 times (x 69B)
Class com.google.common.cache.LocalCache$LoadingValueReference                        : loaded 2 times (x 96B)
Class com.google.common.collect.Multiset                                              : loaded 2 times (x 70B)
Class com.google.common.base.Platform                                                 : loaded 2 times (x 71B)
Class [Lorg.objectweb.asm.AnnotationWriter;                                           : loaded 2 times (x 69B)
Class com.google.common.primitives.Ints$IntConverter                                  : loaded 2 times (x 90B)
Class com.google.common.collect.Maps$8                                                : loaded 2 times (x 82B)
Class com.google.common.collect.Sets$SetView                                          : loaded 2 times (x 138B)
Class com.google.common.cache.LocalCache$StrongValueReference                         : loaded 2 times (x 90B)
Class com.google.common.util.concurrent.AbstractFuture$SynchronizedHelper             : loaded 2 times (x 78B)
Class com.google.common.base.CharMatcher$Invisible                                    : loaded 2 times (x 112B)
Class org.objectweb.asm.Type                                                          : loaded 2 times (x 72B)
Class org.gradle.internal.classloader.VisitableURLClassLoader$InstrumentingVisitableURLClassLoader: loaded 2 times (x 123B)
Class org.objectweb.asm.ByteVector                                                    : loaded 2 times (x 79B)
Class [Lcom.google.common.cache.CacheBuilder$NullListener;                            : loaded 2 times (x 69B)
Class com.google.common.math.IntMath$1                                                : loaded 2 times (x 71B)
Class org.gradle.internal.classloader.VisitableURLClassLoader$Spec                    : loaded 2 times (x 74B)
Class org.gradle.internal.classpath.DefaultClassPath                                  : loaded 2 times (x 90B)
Class org.objectweb.asm.Symbol                                                        : loaded 2 times (x 73B)
Class com.google.common.base.AbstractIterator                                         : loaded 2 times (x 80B)
Class com.google.common.io.Closer                                                     : loaded 2 times (x 78B)
Class com.google.common.collect.RegularImmutableMap$Values                            : loaded 2 times (x 207B)
Class com.google.common.collect.ImmutableSet                                          : loaded 2 times (x 145B)
Class com.google.common.base.CharMatcher$BitSetMatcher                                : loaded 2 times (x 112B)
Class com.google.common.base.CharMatcher$Ascii                                        : loaded 2 times (x 112B)
Class org.gradle.internal.classloader.ClassLoaderSpec                                 : loaded 2 times (x 71B)
Class net.rubygrapefruit.platform.internal.Platform$MacOs32Bit                        : loaded 2 times (x 82B)
Class net.rubygrapefruit.platform.internal.Platform$Linux64Bit                        : loaded 2 times (x 83B)
Class org.objectweb.asm.AnnotationWriter                                              : loaded 2 times (x 79B)
Class com.google.common.cache.CacheStats                                              : loaded 2 times (x 71B)
Class com.google.common.io.Closer$Suppressor                                          : loaded 2 times (x 70B)
Class org.objectweb.asm.RecordComponentWriter                                         : loaded 2 times (x 78B)
Class com.google.common.util.concurrent.AbstractFuture$Listener                       : loaded 2 times (x 72B)
Class com.google.common.base.CharMatcher$Or                                           : loaded 2 times (x 112B)
Class Settings_gradle$1$1                                                             : loaded 2 times (x 74B)
Class ijKotlinCoroutineJvmDebugInit1_1y6fked67iotatirchb4x916h$_run_closure1$_closure2: loaded 2 times (x 139B)
Class org.objectweb.asm.Attribute                                                     : loaded 2 times (x 77B)
Class com.google.common.base.Supplier                                                 : loaded 2 times (x 70B)
Class ijKotlinCoroutineJvmDebugInit1_1y6fked67iotatirchb4x916h                        : loaded 2 times (x 179B)
Class org.gradle.internal.classloader.VisitableURLClassLoader                         : loaded 2 times (x 117B)
Class net.rubygrapefruit.platform.internal.FunctionResult$Failure                     : loaded 2 times (x 79B)
Class net.rubygrapefruit.platform.internal.NativeLibraryLoader                        : loaded 2 times (x 73B)
Class com.google.common.util.concurrent.AbstractFuture$Waiter                         : loaded 2 times (x 72B)
Class Settings_gradle                                                                 : loaded 2 times (x 128B)
Class org.gradle.internal.Cast                                                        : loaded 2 times (x 71B)
Class org.gradle.api.Action                                                           : loaded 2 times (x 70B)
Class com.google.common.collect.Sets                                                  : loaded 2 times (x 71B)
Class org.objectweb.asm.Handler                                                       : loaded 2 times (x 72B)
Class com.google.common.base.Ticker                                                   : loaded 2 times (x 72B)
Class com.google.common.base.Strings                                                  : loaded 2 times (x 71B)
Class com.google.common.base.CharMatcher$FastMatcher                                  : loaded 2 times (x 111B)
Class org.gradle.internal.agents.InstrumentingClassLoader                             : loaded 2 times (x 70B)
Class [Lcom.google.common.cache.LocalCache$Segment;                                   : loaded 2 times (x 69B)
Class [Lcom.google.common.cache.LocalCache$Strength;                                  : loaded 2 times (x 69B)
Class com.google.common.cache.CacheBuilder$1                                          : loaded 2 times (x 85B)
Class com.google.common.collect.ImmutableMap                                          : loaded 2 times (x 120B)
Class com.google.common.base.Predicate                                                : loaded 2 times (x 70B)
Class org.gradle.internal.classpath.DefaultClassPath$ImmutableUniqueList$Builder      : loaded 2 times (x 75B)
Class com.google.common.cache.LocalCache                                              : loaded 2 times (x 187B)
Class com.google.common.cache.CacheBuilder$2                                          : loaded 2 times (x 72B)
Class com.google.common.base.CharMatcher$NegatedFastMatcher                           : loaded 2 times (x 113B)
Class [Lcom.google.common.collect.AbstractMapEntry;                                   : loaded 2 times (x 69B)
Class com.google.common.collect.ImmutableEntry                                        : loaded 2 times (x 82B)
Class com.google.common.collect.ArrayListMultimap                                     : loaded 2 times (x 172B)
Class com.google.common.base.AbstractIterator$1                                       : loaded 2 times (x 71B)
Class com.google.common.base.CharMatcher$Digit                                        : loaded 2 times (x 112B)
Class org.gradle.api.GradleException                                                  : loaded 2 times (x 82B)
Class com.google.common.base.Suppliers$MemoizingSupplier                              : loaded 2 times (x 79B)
Class com.google.common.collect.CollectPreconditions                                  : loaded 2 times (x 71B)
Class com.google.common.base.CharMatcher$JavaIsoControl                               : loaded 2 times (x 112B)
Class com.google.common.collect.SortedMapDifference                                   : loaded 2 times (x 70B)
Class com.google.common.base.CharMatcher$JavaLowerCase                                : loaded 2 times (x 111B)
Class net.rubygrapefruit.platform.internal.NativeLibraryLocator                       : loaded 2 times (x 73B)
Class net.rubygrapefruit.platform.Process                                             : loaded 2 times (x 70B)
Class com.google.common.cache.LocalCache$EntryFactory                                 : loaded 2 times (x 83B)
Class com.google.common.cache.LocalCache$AbstractReferenceEntry                       : loaded 2 times (x 107B)
Class com.google.common.base.Splitter$1$1                                             : loaded 2 times (x 86B)
Class com.google.common.base.CharMatcher$Whitespace                                   : loaded 2 times (x 112B)
Class org.gradle.internal.IoActions                                                   : loaded 2 times (x 71B)
Class org.objectweb.asm.SymbolTable                                                   : loaded 2 times (x 72B)
Class com.google.common.cache.CacheLoader$InvalidCacheLoadException                   : loaded 2 times (x 82B)
Class com.google.common.collect.ImmutableSet$RegularSetBuilderImpl                    : loaded 2 times (x 77B)
Class com.google.common.base.CharMatcher$SingleWidth                                  : loaded 2 times (x 112B)
Class org.gradle.internal.classloader.SystemClassLoaderSpec                           : loaded 2 times (x 71B)
Class com.google.common.cache.LocalCache$StrongEntry                                  : loaded 2 times (x 108B)
Class com.google.common.util.concurrent.AbstractFuture$TrustedFuture                  : loaded 2 times (x 114B)
Class com.google.common.cache.LoadingCache                                            : loaded 2 times (x 70B)
Class com.google.common.io.ByteStreams$LimitedInputStream                             : loaded 2 times (x 92B)
Class com.google.common.base.Suppliers$NonSerializableMemoizingSupplier               : loaded 2 times (x 79B)
Class net.rubygrapefruit.platform.ProcessLauncher                                     : loaded 2 times (x 70B)
Class org.objectweb.asm.MethodWriter                                                  : loaded 2 times (x 106B)
Class [Lcom.google.common.cache.Weigher;                                              : loaded 2 times (x 69B)
Class com.google.common.collect.RegularImmutableMap$BucketOverflowException           : loaded 2 times (x 82B)
Class com.google.common.collect.RegularImmutableBiMap                                 : loaded 2 times (x 148B)
Class com.google.common.cache.LocalCache$ValueReference                               : loaded 2 times (x 70B)
Class com.google.common.base.CharMatcher$Negated                                      : loaded 2 times (x 113B)
Class com.google.common.base.CharMatcher$Is                                           : loaded 2 times (x 111B)
Class com.google.common.util.concurrent.AbstractFuture$Failure                        : loaded 2 times (x 72B)
Class com.google.common.base.Equivalence$Equals                                       : loaded 2 times (x 82B)
Class com.google.common.collect.Hashing                                               : loaded 2 times (x 71B)
Class com.google.common.base.PatternCompiler                                          : loaded 2 times (x 70B)
Class com.google.common.base.Preconditions                                            : loaded 2 times (x 71B)
Class com.google.common.base.Joiner$1                                                 : loaded 2 times (x 80B)
Class org.objectweb.asm.Label                                                         : loaded 2 times (x 73B)
Class org.objectweb.asm.CurrentFrame                                                  : loaded 2 times (x 73B)
Class org.objectweb.asm.ClassTooLargeException                                        : loaded 2 times (x 83B)
Class com.google.common.collect.PeekingIterator                                       : loaded 2 times (x 70B)
Class com.google.common.base.CharMatcher                                              : loaded 2 times (x 111B)
Class com.google.common.base.Joiner$2                                                 : loaded 2 times (x 79B)
Class org.objectweb.asm.Frame                                                         : loaded 2 times (x 73B)
Class org.objectweb.asm.MethodVisitor                                                 : loaded 2 times (x 105B)
Class com.google.common.cache.LocalCache$EntryFactory$1                               : loaded 2 times (x 83B)
Class [Lcom.google.common.cache.RemovalListener;                                      : loaded 2 times (x 69B)
Class com.google.common.base.CharMatcher$1                                            : loaded 2 times (x 113B)
Class com.google.common.base.CharMatcher$NamedFastMatcher                             : loaded 2 times (x 112B)
Class com.google.common.cache.LocalCache$EntryFactory$2                               : loaded 2 times (x 83B)
Class org.objectweb.asm.ModuleWriter                                                  : loaded 2 times (x 82B)
Class com.google.common.cache.LocalCache$EntryFactory$3                               : loaded 2 times (x 83B)
Class com.google.common.base.Ticker$1                                                 : loaded 2 times (x 72B)
Class com.google.common.collect.ImmutableMapEntrySet$RegularEntrySet                  : loaded 2 times (x 151B)
Class com.google.common.collect.Maps$BiMapConverter                                   : loaded 2 times (x 90B)
Class net.rubygrapefruit.platform.internal.Platform$MacOs                             : loaded 2 times (x 82B)
Class net.rubygrapefruit.platform.internal.Platform$Window64Bit                       : loaded 2 times (x 79B)
Class com.google.common.cache.LocalCache$EntryFactory$4                               : loaded 2 times (x 83B)
Class com.google.common.collect.ImmutableSet$Builder                                  : loaded 2 times (x 85B)
Class com.google.common.base.CharMatcher$InRange                                      : loaded 2 times (x 111B)
Class com.google.common.io.ByteStreams$1                                              : loaded 2 times (x 85B)
Class com.google.common.cache.LocalCache$EntryFactory$5                               : loaded 2 times (x 83B)
Class com.google.common.base.PairwiseEquivalence                                      : loaded 2 times (x 83B)
Class com.google.common.cache.LocalCache$EntryFactory$6                               : loaded 2 times (x 83B)
Class org.gradle.internal.installation.CurrentGradleInstallationLocator               : loaded 2 times (x 71B)
Class com.google.common.collect.Maps$KeySet                                           : loaded 2 times (x 137B)
Class com.google.common.cache.LocalCache$EntryFactory$7                               : loaded 2 times (x 83B)
Class com.google.common.collect.ImmutableSet$EmptySetBuilderImpl                      : loaded 2 times (x 76B)
Class com.google.common.collect.ImmutableList                                         : loaded 2 times (x 206B)
Class org.gradle.internal.service.DefaultServiceLocator                               : loaded 2 times (x 83B)
Class com.google.common.cache.LocalCache$EntryFactory$8                               : loaded 2 times (x 83B)
Class com.google.common.collect.ImmutableSet$SetBuilderImpl                           : loaded 2 times (x 76B)
Class org.gradle.internal.installation.CurrentGradleInstallation                      : loaded 2 times (x 73B)
Class com.google.common.cache.CacheLoader$1                                           : loaded 2 times (x 75B)
Class com.google.common.collect.ForwardingObject                                      : loaded 2 times (x 72B)
Class com.google.common.collect.ImmutableList$SubList                                 : loaded 2 times (x 208B)
Class org.gradle.util.internal.GUtil                                                  : loaded 2 times (x 71B)
Class com.google.common.util.concurrent.AbstractFuture$SetFuture                      : loaded 2 times (x 75B)
Class com.google.common.cache.AbstractCache$StatsCounter                              : loaded 2 times (x 70B)
Class com.google.common.collect.Iterators$MergingIterator                             : loaded 2 times (x 81B)
Class com.google.common.collect.RegularImmutableSet                                   : loaded 2 times (x 148B)
Class org.gradle.internal.installation.GradleInstallation                             : loaded 2 times (x 75B)
Class com.google.common.collect.Iterables                                             : loaded 2 times (x 71B)
Class com.google.common.base.Splitter$Strategy                                        : loaded 2 times (x 70B)

---------------  S Y S T E M  ---------------

OS:
 Windows 11 , 64 bit Build 26100 (10.0.26100.8328)
OS uptime: 0 days 6:58 hours

CPU: total 8 (initial active 8) (4 cores per cpu, 2 threads per core) family 6 model 142 stepping 12 microcode 0xde, cx8, cmov, fxsr, ht, mmx, 3dnowpref, sse, sse2, sse3, ssse3, sse4.1, sse4.2, popcnt, lzcnt, tsc, tscinvbit, avx, avx2, aes, erms, clmul, bmi1, bmi2, adx, fma, vzeroupper, clflush, clflushopt, rdtscp, f16c
Processor Information for the first 8 processors :
  Max Mhz: 2304, Current Mhz: 1803, Mhz Limit: 1797

Memory: 4k page, system-wide physical 3902M (729M free)
TotalPageFile size 15678M (AvailPageFile size 0M)
current process WorkingSet (physical memory assigned to process): 254M, peak: 454M
current process commit charge ("private bytes"): 560M, peak: 574M

vm_info: OpenJDK 64-Bit Server VM (21.0.10+-14961533-b1163.108) for windows-amd64 JRE (21.0.10+-14961533-b1163.108), built on 2026-03-02T19:58:50Z by "builder" with MS VC++ 16.10 / 16.11 (VS2019)

END.
