#
# There is insufficient memory for the Java Runtime Environment to continue.
# Native memory allocation (malloc) failed to allocate 682192 bytes. Error detail: Chunk::new
# Possible reasons:
#   The system is out of physical RAM or swap space
#   This process is running with CompressedOops enabled, and the Java Heap may be blocking the growth of the native heap
# Possible solutions:
#   Reduce memory load on the system
#   Increase physical memory or swap space
#   Check if swap backing store is full
#   Decrease Java heap size (-Xmx/-Xms)
#   Decrease number of Java threads
#   Decrease Java thread stack sizes (-Xss)
#   Set larger code cache with -XX:ReservedCodeCacheSize=
#   JVM is running with Unscaled Compressed Oops mode in which the Java heap is
#     placed in the first 4GB address space. The Java Heap base address is the
#     maximum limit for the native heap growth. Please use -XX:HeapBaseMinAddress
#     to set the Java Heap base and to place the Java Heap above 4GB virtual address.
# This output file may be truncated or incomplete.
#
#  Out of Memory Error (arena.cpp:168), pid=5940, tid=3524
#
# JRE version: OpenJDK Runtime Environment (21.0.10) (build 21.0.10+-14961533-b1163.108)
# Java VM: OpenJDK 64-Bit Server VM (21.0.10+-14961533-b1163.108, mixed mode, tiered, compressed oops, compressed class ptrs, g1 gc, windows-amd64)
# No core dump will be written. Minidumps are not enabled by default on client versions of Windows
#

---------------  S U M M A R Y ------------

Command Line: -XX:MaxMetaspaceSize=256m --add-opens=java.base/java.util=ALL-UNNAMED --add-opens=java.base/java.lang=ALL-UNNAMED --add-opens=java.base/java.lang.invoke=ALL-UNNAMED --add-opens=java.prefs/java.util.prefs=ALL-UNNAMED --add-opens=java.base/java.nio.charset=ALL-UNNAMED --add-opens=java.base/java.net=ALL-UNNAMED --add-opens=java.base/java.util.concurrent.atomic=ALL-UNNAMED -Xmx512m -Dfile.encoding=UTF-8 -Duser.country=US -Duser.language=en -Duser.variant -javaagent:C:\Users\gyral\.gradle\wrapper\dists\gradle-8.4-bin\1w5dpkrfk8irigvoxmyhowfim\gradle-8.4\lib\agents\gradle-instrumentation-agent-8.4.jar org.gradle.launcher.daemon.bootstrap.GradleDaemon 8.4

Host: Intel(R) Core(TM) i7-10510U CPU @ 1.80GHz, 8 cores, 3G,  Windows 11 , 64 bit Build 26100 (10.0.26100.8328)
Time: Wed May 27 17:12:35 2026 Malay Peninsula Standard Time elapsed time: 37.456300 seconds (0d 0h 0m 37s)

---------------  T H R E A D  ---------------

Current thread (0x000002209a74abe0):  JavaThread "C2 CompilerThread1" daemon [_thread_in_native, id=3524, stack(0x000000490b900000,0x000000490ba00000) (1024K)]


Current CompileTask:
C2:37456 18360       4       com.sun.org.apache.xerces.internal.impl.XMLNSDocumentScannerImpl::scanStartElement (1031 bytes)

Stack: [0x000000490b900000,0x000000490ba00000]
Native frames: (J=compiled Java code, j=interpreted, Vv=VM code, C=native code)
V  [jvm.dll+0x6d78a9]
V  [jvm.dll+0x8665b3]
V  [jvm.dll+0x868bde]
V  [jvm.dll+0x8692c3]
V  [jvm.dll+0x280ee6]
V  [jvm.dll+0xc07cd]
V  [jvm.dll+0xc0d03]
V  [jvm.dll+0x3ba0cb]
V  [jvm.dll+0x385df7]
V  [jvm.dll+0x38526a]
V  [jvm.dll+0x249bd2]
V  [jvm.dll+0x2491a1]
V  [jvm.dll+0x1c76e4]
V  [jvm.dll+0x25891e]
V  [jvm.dll+0x256e66]
V  [jvm.dll+0x3f513e]
V  [jvm.dll+0x80fd28]
V  [jvm.dll+0x6d60fd]
C  [ucrtbase.dll+0x37b0]
C  [KERNEL32.DLL+0x2e957]
C  [ntdll.dll+0x427c]


---------------  P R O C E S S  ---------------

Threads class SMR info:
_java_thread_list=0x000002209a940510, length=53, elements={
0x00000220eea4f9a0, 0x00000220f779bf10, 0x00000220f77a6980, 0x00000220f77a6ff0,
0x00000220f777f740, 0x00000220f777fdb0, 0x00000220f7780420, 0x00000220f7780a90,
0x00000220f77d4b80, 0x00000220f77dd5b0, 0x00000220f7a9fd60, 0x00000220fccbc070,
0x00000220fcabcde0, 0x00000220fe05d970, 0x00000220fcbd1f60, 0x00000220fdadb6f0,
0x00000220fd2c46b0, 0x00000220fcbf6020, 0x00000220fd820e70, 0x00000220fd81f430,
0x00000220fd81e710, 0x00000220fd821500, 0x00000220fd81e080, 0x00000220fd81fac0,
0x00000220fd820150, 0x00000220fd8207e0, 0x00000220feaf4fd0, 0x00000220feaf42b0,
0x00000220feaf5660, 0x00000220feaf4940, 0x00000220feaf3c20, 0x00000220feaf3590,
0x00000220feaf5cf0, 0x00000220feaf2f00, 0x00000220feaf9800, 0x00000220feaf9e90,
0x00000220feaf7dc0, 0x00000220feaf8ae0, 0x00000220feaf9170, 0x00000220feaf6a10,
0x00000220feafa520, 0x000002208f2dd9e0, 0x000002208f2df420, 0x000002208f2de070,
0x0000022090e2c060, 0x0000022090e2cd80, 0x0000022098240090, 0x00000220ff4e7640,
0x00000220ff4e5570, 0x00000220ff4e5c00, 0x00000220ff4e6290, 0x00000220ff4e6fb0,
0x000002209a74abe0
}

Java Threads: ( => current thread )
  0x00000220eea4f9a0 JavaThread "main"                              [_thread_blocked, id=19600, stack(0x0000004907600000,0x0000004907700000) (1024K)]
  0x00000220f779bf10 JavaThread "Common-Cleaner"             daemon [_thread_blocked, id=5020, stack(0x0000004907e00000,0x0000004907f00000) (1024K)]
  0x00000220f77a6980 JavaThread "Reference Handler"          daemon [_thread_blocked, id=18924, stack(0x0000004907f00000,0x0000004908000000) (1024K)]
  0x00000220f77a6ff0 JavaThread "Finalizer"                  daemon [_thread_blocked, id=18128, stack(0x0000004908000000,0x0000004908100000) (1024K)]
  0x00000220f777f740 JavaThread "Signal Dispatcher"          daemon [_thread_blocked, id=16964, stack(0x0000004908100000,0x0000004908200000) (1024K)]
  0x00000220f777fdb0 JavaThread "Attach Listener"            daemon [_thread_blocked, id=17752, stack(0x0000004908200000,0x0000004908300000) (1024K)]
  0x00000220f7780420 JavaThread "Service Thread"             daemon [_thread_blocked, id=18756, stack(0x0000004908300000,0x0000004908400000) (1024K)]
  0x00000220f7780a90 JavaThread "Monitor Deflation Thread"   daemon [_thread_blocked, id=19092, stack(0x0000004908400000,0x0000004908500000) (1024K)]
  0x00000220f77d4b80 JavaThread "C2 CompilerThread0"         daemon [_thread_in_native, id=14520, stack(0x0000004908500000,0x0000004908600000) (1024K)]
  0x00000220f77dd5b0 JavaThread "C1 CompilerThread0"         daemon [_thread_in_native, id=19396, stack(0x0000004908600000,0x0000004908700000) (1024K)]
  0x00000220f7a9fd60 JavaThread "Notification Thread"        daemon [_thread_blocked, id=12380, stack(0x0000004908700000,0x0000004908800000) (1024K)]
  0x00000220fccbc070 JavaThread "Daemon health stats"               [_thread_blocked, id=144, stack(0x0000004908c00000,0x0000004908d00000) (1024K)]
  0x00000220fcabcde0 JavaThread "Incoming local TCP Connector on port 64358"        [_thread_in_native, id=20896, stack(0x0000004909000000,0x0000004909100000) (1024K)]
  0x00000220fe05d970 JavaThread "Daemon periodic checks"            [_thread_blocked, id=20436, stack(0x0000004909100000,0x0000004909200000) (1024K)]
  0x00000220fcbd1f60 JavaThread "Daemon"                            [_thread_blocked, id=12796, stack(0x0000004909200000,0x0000004909300000) (1024K)]
  0x00000220fdadb6f0 JavaThread "Handler for socket connection from /127.0.0.1:64358 to /127.0.0.1:64359"        [_thread_in_native, id=2584, stack(0x0000004909300000,0x0000004909400000) (1024K)]
  0x00000220fd2c46b0 JavaThread "Cancel handler"                    [_thread_blocked, id=20548, stack(0x0000004909400000,0x0000004909500000) (1024K)]
  0x00000220fcbf6020 JavaThread "Daemon worker"                     [_thread_blocked, id=21576, stack(0x0000004909500000,0x0000004909600000) (1024K)]
  0x00000220fd820e70 JavaThread "Asynchronous log dispatcher for DefaultDaemonConnection: socket connection from /127.0.0.1:64358 to /127.0.0.1:64359"        [_thread_blocked, id=3756, stack(0x0000004909600000,0x0000004909700000) (1024K)]
  0x00000220fd81f430 JavaThread "Stdin handler"                     [_thread_blocked, id=1672, stack(0x0000004909700000,0x0000004909800000) (1024K)]
  0x00000220fd81e710 JavaThread "Daemon client event forwarder"        [_thread_blocked, id=7740, stack(0x0000004909800000,0x0000004909900000) (1024K)]
  0x00000220fd821500 JavaThread "Cache worker for journal cache (C:\Users\gyral\.gradle\caches\journal-1)"        [_thread_blocked, id=22148, stack(0x0000004909a00000,0x0000004909b00000) (1024K)]
  0x00000220fd81e080 JavaThread "File lock request listener"        [_thread_in_native, id=17960, stack(0x0000004909b00000,0x0000004909c00000) (1024K)]
  0x00000220fd81fac0 JavaThread "Cache worker for file hash cache (C:\Users\gyral\.gradle\caches\8.4\fileHashes)"        [_thread_blocked, id=19928, stack(0x0000004909c00000,0x0000004909d00000) (1024K)]
  0x00000220fd820150 JavaThread "File watcher server"        daemon [_thread_in_native, id=4592, stack(0x0000004909d00000,0x0000004909e00000) (1024K)]
  0x00000220fd8207e0 JavaThread "File watcher consumer"      daemon [_thread_blocked, id=13016, stack(0x0000004909e00000,0x0000004909f00000) (1024K)]
  0x00000220feaf4fd0 JavaThread "Cache worker for checksums cache (C:\Users\gyral\Downloads\IT342-Belen-PantryPulse-main\IT342-Belen-PantryPulse-main\pantrypulse-mobile\.gradle\8.4\checksums)"        [_thread_blocked, id=19876, stack(0x0000004909f00000,0x000000490a000000) (1024K)]
  0x00000220feaf42b0 JavaThread "Cache worker for file hash cache (C:\Users\gyral\Downloads\IT342-Belen-PantryPulse-main\IT342-Belen-PantryPulse-main\pantrypulse-mobile\.gradle\8.4\fileHashes)"        [_thread_blocked, id=16196, stack(0x000000490a000000,0x000000490a100000) (1024K)]
  0x00000220feaf5660 JavaThread "Cache worker for cache directory md-supplier (C:\Users\gyral\.gradle\caches\8.4\md-supplier)"        [_thread_blocked, id=20620, stack(0x000000490a100000,0x000000490a200000) (1024K)]
  0x00000220feaf4940 JavaThread "Cache worker for file content cache (C:\Users\gyral\.gradle\caches\8.4\fileContent)"        [_thread_blocked, id=16980, stack(0x000000490a200000,0x000000490a300000) (1024K)]
  0x00000220feaf3c20 JavaThread "Cache worker for cache directory md-rule (C:\Users\gyral\.gradle\caches\8.4\md-rule)"        [_thread_blocked, id=12636, stack(0x000000490a300000,0x000000490a400000) (1024K)]
  0x00000220feaf3590 JavaThread "Cache worker for execution history cache (C:\Users\gyral\.gradle\caches\8.4\executionHistory)"        [_thread_blocked, id=16552, stack(0x000000490a400000,0x000000490a500000) (1024K)]
  0x00000220feaf5cf0 JavaThread "jar transforms"                    [_thread_blocked, id=12464, stack(0x000000490a500000,0x000000490a600000) (1024K)]
  0x00000220feaf2f00 JavaThread "jar transforms Thread 2"           [_thread_blocked, id=11104, stack(0x000000490a600000,0x000000490a700000) (1024K)]
  0x00000220feaf9800 JavaThread "jar transforms Thread 3"           [_thread_blocked, id=6604, stack(0x000000490a700000,0x000000490a800000) (1024K)]
  0x00000220feaf9e90 JavaThread "jar transforms Thread 4"           [_thread_blocked, id=17884, stack(0x000000490a800000,0x000000490a900000) (1024K)]
  0x00000220feaf7dc0 JavaThread "jar transforms Thread 5"           [_thread_blocked, id=18508, stack(0x000000490a900000,0x000000490aa00000) (1024K)]
  0x00000220feaf8ae0 JavaThread "jar transforms Thread 6"           [_thread_blocked, id=15524, stack(0x000000490aa00000,0x000000490ab00000) (1024K)]
  0x00000220feaf9170 JavaThread "jar transforms Thread 7"           [_thread_blocked, id=17652, stack(0x000000490ab00000,0x000000490ac00000) (1024K)]
  0x00000220feaf6a10 JavaThread "jar transforms Thread 8"           [_thread_blocked, id=12652, stack(0x000000490ac00000,0x000000490ad00000) (1024K)]
  0x00000220feafa520 JavaThread "Cache worker for kotlin-dsl (C:\Users\gyral\.gradle\caches\8.4\kotlin-dsl)"        [_thread_blocked, id=18632, stack(0x000000490ad00000,0x000000490ae00000) (1024K)]
  0x000002208f2dd9e0 JavaThread "Cache worker for dependencies-accessors (C:\Users\gyral\Downloads\IT342-Belen-PantryPulse-main\IT342-Belen-PantryPulse-main\pantrypulse-mobile\.gradle\8.4\dependencies-accessors)"        [_thread_blocked, id=5264, stack(0x000000490af00000,0x000000490b000000) (1024K)]
  0x000002208f2df420 JavaThread "Cache worker for Build Output Cleanup Cache (C:\Users\gyral\Downloads\IT342-Belen-PantryPulse-main\IT342-Belen-PantryPulse-main\pantrypulse-mobile\.gradle\buildOutputCleanup)"        [_thread_blocked, id=20040, stack(0x000000490b000000,0x000000490b100000) (1024K)]
  0x000002208f2de070 JavaThread "Unconstrained build operations"        [_thread_blocked, id=21700, stack(0x000000490b100000,0x000000490b200000) (1024K)]
  0x0000022090e2c060 JavaThread "build event listener"              [_thread_blocked, id=17780, stack(0x000000490ae00000,0x000000490af00000) (1024K)]
  0x0000022090e2cd80 JavaThread "Memory manager"                    [_thread_blocked, id=19740, stack(0x000000490b200000,0x000000490b300000) (1024K)]
  0x0000022098240090 JavaThread "build event listener"              [_thread_blocked, id=18376, stack(0x000000490b300000,0x000000490b400000) (1024K)]
  0x00000220ff4e7640 JavaThread "included builds"                   [_thread_in_Java, id=21124, stack(0x000000490b400000,0x000000490b500000) (1024K)]
  0x00000220ff4e5570 JavaThread "Execution worker"                  [_thread_blocked, id=2216, stack(0x000000490b500000,0x000000490b600000) (1024K)]
  0x00000220ff4e5c00 JavaThread "Cache worker for execution history cache (C:\Users\gyral\Downloads\IT342-Belen-PantryPulse-main\IT342-Belen-PantryPulse-main\pantrypulse-mobile\.gradle\8.4\executionHistory)"        [_thread_blocked, id=5320, stack(0x000000490b600000,0x000000490b700000) (1024K)]
  0x00000220ff4e6290 JavaThread "Unconstrained build operations Thread 2"        [_thread_blocked, id=15412, stack(0x000000490b700000,0x000000490b800000) (1024K)]
  0x00000220ff4e6fb0 JavaThread "Unconstrained build operations Thread 3"        [_thread_blocked, id=22516, stack(0x000000490b800000,0x000000490b900000) (1024K)]
=>0x000002209a74abe0 JavaThread "C2 CompilerThread1"         daemon [_thread_in_native, id=3524, stack(0x000000490b900000,0x000000490ba00000) (1024K)]
Total: 53

Other Threads:
  0x00000220f75e2d10 VMThread "VM Thread"                           [id=17588, stack(0x0000004907d00000,0x0000004907e00000) (1024K)]
  0x00000220f7591fa0 WatcherThread "VM Periodic Task Thread"        [id=20796, stack(0x0000004907c00000,0x0000004907d00000) (1024K)]
  0x00000220f0d55170 WorkerThread "GC Thread#0"                     [id=13904, stack(0x0000004907700000,0x0000004907800000) (1024K)]
  0x00000220fc5fae30 WorkerThread "GC Thread#1"                     [id=18180, stack(0x0000004908800000,0x0000004908900000) (1024K)]
  0x00000220fca43810 WorkerThread "GC Thread#2"                     [id=18528, stack(0x0000004908900000,0x0000004908a00000) (1024K)]
  0x00000220fca43bc0 WorkerThread "GC Thread#3"                     [id=12580, stack(0x0000004908a00000,0x0000004908b00000) (1024K)]
  0x00000220fca5a110 WorkerThread "GC Thread#4"                     [id=18056, stack(0x0000004908b00000,0x0000004908c00000) (1024K)]
  0x00000220fdb14c00 WorkerThread "GC Thread#5"                     [id=16932, stack(0x0000004908d00000,0x0000004908e00000) (1024K)]
  0x00000220fd5f85a0 WorkerThread "GC Thread#6"                     [id=19284, stack(0x0000004908e00000,0x0000004908f00000) (1024K)]
  0x00000220fd6d69e0 WorkerThread "GC Thread#7"                     [id=20184, stack(0x0000004908f00000,0x0000004909000000) (1024K)]
  0x00000220f0d5a2c0 ConcurrentGCThread "G1 Main Marker"            [id=18696, stack(0x0000004907800000,0x0000004907900000) (1024K)]
  0x00000220f0d5c960 WorkerThread "G1 Conc#0"                       [id=19800, stack(0x0000004907900000,0x0000004907a00000) (1024K)]
  0x00000220fd3c4d80 WorkerThread "G1 Conc#1"                       [id=19668, stack(0x0000004909900000,0x0000004909a00000) (1024K)]
  0x00000220f0dde6d0 ConcurrentGCThread "G1 Refine#0"               [id=12912, stack(0x0000004907a00000,0x0000004907b00000) (1024K)]
  0x00000220f74660d0 ConcurrentGCThread "G1 Service"                [id=13640, stack(0x0000004907b00000,0x0000004907c00000) (1024K)]
Total: 15

Threads with active compile tasks:
C2 CompilerThread0  37480 18311       4       com.sun.org.apache.xerces.internal.dom.DeferredDocumentImpl::ensureCapacity (358 bytes)
C1 CompilerThread0  37480 18480       2       com.sun.org.apache.xerces.internal.dom.NamedNodeMapImpl::getNamedItemNS (29 bytes)
C2 CompilerThread1  37480 18360       4       com.sun.org.apache.xerces.internal.impl.XMLNSDocumentScannerImpl::scanStartElement (1031 bytes)
Total: 3

VM state: not at safepoint (normal execution)

VM Mutex/Monitor currently owned by a thread: None

Heap address: 0x00000000e0000000, size: 512 MB, Compressed Oops mode: 32-bit

CDS archive(s) not mapped
Compressed class space mapped at: 0x0000000100000000-0x000000010d000000, reserved size: 218103808
Narrow klass base: 0x0000000000000000, Narrow klass shift: 3, Narrow klass range: 0x10d000000

GC Precious Log:
 CardTable entry size: 512
 Card Set container configuration: InlinePtr #cards 5 size 8 Array Of Cards #cards 12 size 40 Howl #buckets 4 coarsen threshold 1843 Howl Bitmap #cards 512 size 80 coarsen threshold 460 Card regions per heap region 1 cards per card region 2048
 CPUs: 8 total, 8 available
 Memory: 3902M
 Large Page Support: Disabled
 NUMA Support: Disabled
 Compressed Oops: Enabled (32-bit)
 Heap Region Size: 1M
 Heap Min Capacity: 8M
 Heap Initial Capacity: 62M
 Heap Max Capacity: 512M
 Pre-touch: Disabled
 Parallel Workers: 8
 Concurrent Workers: 2
 Concurrent Refinement Workers: 8
 Periodic GC: Disabled

Heap:
 garbage-first heap   total 302080K, used 198443K [0x00000000e0000000, 0x0000000100000000)
  region size 1024K, 23 young (23552K), 3 survivors (3072K)
 Metaspace       used 172424K, committed 174848K, reserved 409600K
  class space    used 22995K, committed 24192K, reserved 212992K

Heap Regions: E=young(eden), S=young(survivor), O=old, HS=humongous(starts), HC=humongous(continues), CS=collection set, F=free, TAMS=top-at-mark-start, PB=parsable bottom
|   0|0x00000000e0000000, 0x00000000e0100000, 0x00000000e0100000|100%|HS|  |TAMS 0x00000000e0000000| PB 0x00000000e0000000| Complete 
|   1|0x00000000e0100000, 0x00000000e0200000, 0x00000000e0200000|100%|HC|  |TAMS 0x00000000e0100000| PB 0x00000000e0100000| Complete 
|   2|0x00000000e0200000, 0x00000000e0300000, 0x00000000e0300000|100%|HC|  |TAMS 0x00000000e0200000| PB 0x00000000e0200000| Complete 
|   3|0x00000000e0300000, 0x00000000e0400000, 0x00000000e0400000|100%|HC|  |TAMS 0x00000000e0300000| PB 0x00000000e0300000| Complete 
|   4|0x00000000e0400000, 0x00000000e0500000, 0x00000000e0500000|100%| O|  |TAMS 0x00000000e0400000| PB 0x00000000e0400000| Untracked 
|   5|0x00000000e0500000, 0x00000000e0600000, 0x00000000e0600000|100%| O|  |TAMS 0x00000000e0500000| PB 0x00000000e0500000| Untracked 
|   6|0x00000000e0600000, 0x00000000e0700000, 0x00000000e0700000|100%| O|  |TAMS 0x00000000e0600000| PB 0x00000000e0600000| Untracked 
|   7|0x00000000e0700000, 0x00000000e0800000, 0x00000000e0800000|100%| O|  |TAMS 0x00000000e0700000| PB 0x00000000e0700000| Untracked 
|   8|0x00000000e0800000, 0x00000000e0900000, 0x00000000e0900000|100%| O|  |TAMS 0x00000000e0800000| PB 0x00000000e0800000| Untracked 
|   9|0x00000000e0900000, 0x00000000e0a00000, 0x00000000e0a00000|100%| O|  |TAMS 0x00000000e0900000| PB 0x00000000e0900000| Untracked 
|  10|0x00000000e0a00000, 0x00000000e0b00000, 0x00000000e0b00000|100%| O|  |TAMS 0x00000000e0a00000| PB 0x00000000e0a00000| Untracked 
|  11|0x00000000e0b00000, 0x00000000e0c00000, 0x00000000e0c00000|100%| O|  |TAMS 0x00000000e0b00000| PB 0x00000000e0b00000| Untracked 
|  12|0x00000000e0c00000, 0x00000000e0d00000, 0x00000000e0d00000|100%| O|  |TAMS 0x00000000e0c00000| PB 0x00000000e0c00000| Untracked 
|  13|0x00000000e0d00000, 0x00000000e0e00000, 0x00000000e0e00000|100%| O|  |TAMS 0x00000000e0d00000| PB 0x00000000e0d00000| Untracked 
|  14|0x00000000e0e00000, 0x00000000e0f00000, 0x00000000e0f00000|100%| O|  |TAMS 0x00000000e0e00000| PB 0x00000000e0e00000| Untracked 
|  15|0x00000000e0f00000, 0x00000000e1000000, 0x00000000e1000000|100%| O|  |TAMS 0x00000000e0f00000| PB 0x00000000e0f00000| Untracked 
|  16|0x00000000e1000000, 0x00000000e1100000, 0x00000000e1100000|100%| O|  |TAMS 0x00000000e1000000| PB 0x00000000e1000000| Untracked 
|  17|0x00000000e1100000, 0x00000000e1200000, 0x00000000e1200000|100%| O|  |TAMS 0x00000000e1100000| PB 0x00000000e1100000| Untracked 
|  18|0x00000000e1200000, 0x00000000e1300000, 0x00000000e1300000|100%| O|  |TAMS 0x00000000e1200000| PB 0x00000000e1200000| Untracked 
|  19|0x00000000e1300000, 0x00000000e1400000, 0x00000000e1400000|100%| O|  |TAMS 0x00000000e1300000| PB 0x00000000e1300000| Untracked 
|  20|0x00000000e1400000, 0x00000000e1500000, 0x00000000e1500000|100%| O|  |TAMS 0x00000000e1400000| PB 0x00000000e1400000| Untracked 
|  21|0x00000000e1500000, 0x00000000e1600000, 0x00000000e1600000|100%| O|  |TAMS 0x00000000e1500000| PB 0x00000000e1500000| Untracked 
|  22|0x00000000e1600000, 0x00000000e1700000, 0x00000000e1700000|100%| O|  |TAMS 0x00000000e1600000| PB 0x00000000e1600000| Untracked 
|  23|0x00000000e1700000, 0x00000000e1800000, 0x00000000e1800000|100%| O|  |TAMS 0x00000000e1700000| PB 0x00000000e1700000| Untracked 
|  24|0x00000000e1800000, 0x00000000e1900000, 0x00000000e1900000|100%| O|  |TAMS 0x00000000e1800000| PB 0x00000000e1800000| Untracked 
|  25|0x00000000e1900000, 0x00000000e1a00000, 0x00000000e1a00000|100%| O|  |TAMS 0x00000000e1900000| PB 0x00000000e1900000| Untracked 
|  26|0x00000000e1a00000, 0x00000000e1b00000, 0x00000000e1b00000|100%| O|  |TAMS 0x00000000e1a00000| PB 0x00000000e1a00000| Untracked 
|  27|0x00000000e1b00000, 0x00000000e1c00000, 0x00000000e1c00000|100%|HS|  |TAMS 0x00000000e1b00000| PB 0x00000000e1b00000| Complete 
|  28|0x00000000e1c00000, 0x00000000e1d00000, 0x00000000e1d00000|100%|HC|  |TAMS 0x00000000e1c00000| PB 0x00000000e1c00000| Complete 
|  29|0x00000000e1d00000, 0x00000000e1e00000, 0x00000000e1e00000|100%| O|  |TAMS 0x00000000e1d00000| PB 0x00000000e1d00000| Untracked 
|  30|0x00000000e1e00000, 0x00000000e1f00000, 0x00000000e1f00000|100%| O|  |TAMS 0x00000000e1e00000| PB 0x00000000e1e00000| Untracked 
|  31|0x00000000e1f00000, 0x00000000e2000000, 0x00000000e2000000|100%| O|  |TAMS 0x00000000e1f00000| PB 0x00000000e1f00000| Untracked 
|  32|0x00000000e2000000, 0x00000000e2100000, 0x00000000e2100000|100%| O|  |TAMS 0x00000000e2000000| PB 0x00000000e2000000| Untracked 
|  33|0x00000000e2100000, 0x00000000e2200000, 0x00000000e2200000|100%| O|  |TAMS 0x00000000e2100000| PB 0x00000000e2100000| Untracked 
|  34|0x00000000e2200000, 0x00000000e2300000, 0x00000000e2300000|100%| O|  |TAMS 0x00000000e2200000| PB 0x00000000e2200000| Untracked 
|  35|0x00000000e2300000, 0x00000000e2400000, 0x00000000e2400000|100%| O|  |TAMS 0x00000000e2300000| PB 0x00000000e2300000| Untracked 
|  36|0x00000000e2400000, 0x00000000e2500000, 0x00000000e2500000|100%| O|  |TAMS 0x00000000e2400000| PB 0x00000000e2400000| Untracked 
|  37|0x00000000e2500000, 0x00000000e2600000, 0x00000000e2600000|100%| O|  |TAMS 0x00000000e2500000| PB 0x00000000e2500000| Untracked 
|  38|0x00000000e2600000, 0x00000000e2700000, 0x00000000e2700000|100%| O|  |TAMS 0x00000000e2600000| PB 0x00000000e2600000| Untracked 
|  39|0x00000000e2700000, 0x00000000e2800000, 0x00000000e2800000|100%| O|  |TAMS 0x00000000e2700000| PB 0x00000000e2700000| Untracked 
|  40|0x00000000e2800000, 0x00000000e2900000, 0x00000000e2900000|100%| O|  |TAMS 0x00000000e2800000| PB 0x00000000e2800000| Untracked 
|  41|0x00000000e2900000, 0x00000000e2a00000, 0x00000000e2a00000|100%| O|  |TAMS 0x00000000e2900000| PB 0x00000000e2900000| Untracked 
|  42|0x00000000e2a00000, 0x00000000e2b00000, 0x00000000e2b00000|100%| O|  |TAMS 0x00000000e2a00000| PB 0x00000000e2a00000| Untracked 
|  43|0x00000000e2b00000, 0x00000000e2c00000, 0x00000000e2c00000|100%| O|  |TAMS 0x00000000e2b00000| PB 0x00000000e2b00000| Untracked 
|  44|0x00000000e2c00000, 0x00000000e2d00000, 0x00000000e2d00000|100%| O|  |TAMS 0x00000000e2c00000| PB 0x00000000e2c00000| Untracked 
|  45|0x00000000e2d00000, 0x00000000e2e00000, 0x00000000e2e00000|100%| O|  |TAMS 0x00000000e2d00000| PB 0x00000000e2d00000| Untracked 
|  46|0x00000000e2e00000, 0x00000000e2f00000, 0x00000000e2f00000|100%| O|  |TAMS 0x00000000e2e00000| PB 0x00000000e2e00000| Untracked 
|  47|0x00000000e2f00000, 0x00000000e3000000, 0x00000000e3000000|100%| O|  |TAMS 0x00000000e2f00000| PB 0x00000000e2f00000| Untracked 
|  48|0x00000000e3000000, 0x00000000e3100000, 0x00000000e3100000|100%| O|  |TAMS 0x00000000e3000000| PB 0x00000000e3000000| Untracked 
|  49|0x00000000e3100000, 0x00000000e3200000, 0x00000000e3200000|100%| O|  |TAMS 0x00000000e3100000| PB 0x00000000e3100000| Untracked 
|  50|0x00000000e3200000, 0x00000000e3300000, 0x00000000e3300000|100%| O|  |TAMS 0x00000000e3200000| PB 0x00000000e3200000| Untracked 
|  51|0x00000000e3300000, 0x00000000e3400000, 0x00000000e3400000|100%| O|  |TAMS 0x00000000e3300000| PB 0x00000000e3300000| Untracked 
|  52|0x00000000e3400000, 0x00000000e3500000, 0x00000000e3500000|100%| O|  |TAMS 0x00000000e3400000| PB 0x00000000e3400000| Untracked 
|  53|0x00000000e3500000, 0x00000000e3600000, 0x00000000e3600000|100%| O|  |TAMS 0x00000000e3500000| PB 0x00000000e3500000| Untracked 
|  54|0x00000000e3600000, 0x00000000e3700000, 0x00000000e3700000|100%| O|  |TAMS 0x00000000e3600000| PB 0x00000000e3600000| Untracked 
|  55|0x00000000e3700000, 0x00000000e3800000, 0x00000000e3800000|100%| O|  |TAMS 0x00000000e3700000| PB 0x00000000e3700000| Untracked 
|  56|0x00000000e3800000, 0x00000000e3900000, 0x00000000e3900000|100%| O|  |TAMS 0x00000000e3800000| PB 0x00000000e3800000| Untracked 
|  57|0x00000000e3900000, 0x00000000e3a00000, 0x00000000e3a00000|100%| O|  |TAMS 0x00000000e3900000| PB 0x00000000e3900000| Untracked 
|  58|0x00000000e3a00000, 0x00000000e3b00000, 0x00000000e3b00000|100%| O|  |TAMS 0x00000000e3a00000| PB 0x00000000e3a00000| Untracked 
|  59|0x00000000e3b00000, 0x00000000e3c00000, 0x00000000e3c00000|100%| O|  |TAMS 0x00000000e3b00000| PB 0x00000000e3b00000| Untracked 
|  60|0x00000000e3c00000, 0x00000000e3d00000, 0x00000000e3d00000|100%| O|  |TAMS 0x00000000e3c00000| PB 0x00000000e3c00000| Untracked 
|  61|0x00000000e3d00000, 0x00000000e3e00000, 0x00000000e3e00000|100%| O|  |TAMS 0x00000000e3d00000| PB 0x00000000e3d00000| Untracked 
|  62|0x00000000e3e00000, 0x00000000e3f00000, 0x00000000e3f00000|100%| O|  |TAMS 0x00000000e3e00000| PB 0x00000000e3e00000| Untracked 
|  63|0x00000000e3f00000, 0x00000000e4000000, 0x00000000e4000000|100%| O|  |TAMS 0x00000000e3f00000| PB 0x00000000e3f00000| Untracked 
|  64|0x00000000e4000000, 0x00000000e4100000, 0x00000000e4100000|100%| O|  |TAMS 0x00000000e4000000| PB 0x00000000e4000000| Untracked 
|  65|0x00000000e4100000, 0x00000000e4200000, 0x00000000e4200000|100%|HS|  |TAMS 0x00000000e4100000| PB 0x00000000e4100000| Complete 
|  66|0x00000000e4200000, 0x00000000e4300000, 0x00000000e4300000|100%|HS|  |TAMS 0x00000000e4200000| PB 0x00000000e4200000| Complete 
|  67|0x00000000e4300000, 0x00000000e4400000, 0x00000000e4400000|100%|HS|  |TAMS 0x00000000e4300000| PB 0x00000000e4300000| Complete 
|  68|0x00000000e4400000, 0x00000000e4500000, 0x00000000e4500000|100%| O|  |TAMS 0x00000000e4400000| PB 0x00000000e4400000| Untracked 
|  69|0x00000000e4500000, 0x00000000e4600000, 0x00000000e4600000|100%| O|  |TAMS 0x00000000e4500000| PB 0x00000000e4500000| Untracked 
|  70|0x00000000e4600000, 0x00000000e4700000, 0x00000000e4700000|100%| O|  |TAMS 0x00000000e4600000| PB 0x00000000e4600000| Untracked 
|  71|0x00000000e4700000, 0x00000000e4800000, 0x00000000e4800000|100%| O|  |TAMS 0x00000000e4700000| PB 0x00000000e4700000| Untracked 
|  72|0x00000000e4800000, 0x00000000e4900000, 0x00000000e4900000|100%| O|  |TAMS 0x00000000e4800000| PB 0x00000000e4800000| Untracked 
|  73|0x00000000e4900000, 0x00000000e4a00000, 0x00000000e4a00000|100%| O|  |TAMS 0x00000000e4900000| PB 0x00000000e4900000| Untracked 
|  74|0x00000000e4a00000, 0x00000000e4b00000, 0x00000000e4b00000|100%| O|  |TAMS 0x00000000e4a00000| PB 0x00000000e4a00000| Untracked 
|  75|0x00000000e4b00000, 0x00000000e4c00000, 0x00000000e4c00000|100%| O|  |TAMS 0x00000000e4b00000| PB 0x00000000e4b00000| Untracked 
|  76|0x00000000e4c00000, 0x00000000e4d00000, 0x00000000e4d00000|100%| O|  |TAMS 0x00000000e4c00000| PB 0x00000000e4c00000| Untracked 
|  77|0x00000000e4d00000, 0x00000000e4e00000, 0x00000000e4e00000|100%| O|  |TAMS 0x00000000e4d00000| PB 0x00000000e4d00000| Untracked 
|  78|0x00000000e4e00000, 0x00000000e4f00000, 0x00000000e4f00000|100%| O|  |TAMS 0x00000000e4e00000| PB 0x00000000e4e00000| Untracked 
|  79|0x00000000e4f00000, 0x00000000e5000000, 0x00000000e5000000|100%|HS|  |TAMS 0x00000000e4f00000| PB 0x00000000e4f00000| Complete 
|  80|0x00000000e5000000, 0x00000000e5100000, 0x00000000e5100000|100%|HC|  |TAMS 0x00000000e5000000| PB 0x00000000e5000000| Complete 
|  81|0x00000000e5100000, 0x00000000e5200000, 0x00000000e5200000|100%| O|  |TAMS 0x00000000e5100000| PB 0x00000000e5100000| Untracked 
|  82|0x00000000e5200000, 0x00000000e5300000, 0x00000000e5300000|100%| O|  |TAMS 0x00000000e5200000| PB 0x00000000e5200000| Untracked 
|  83|0x00000000e5300000, 0x00000000e5400000, 0x00000000e5400000|100%| O|  |TAMS 0x00000000e5300000| PB 0x00000000e5300000| Untracked 
|  84|0x00000000e5400000, 0x00000000e5500000, 0x00000000e5500000|100%| O|  |TAMS 0x00000000e5400000| PB 0x00000000e5400000| Untracked 
|  85|0x00000000e5500000, 0x00000000e5600000, 0x00000000e5600000|100%| O|  |TAMS 0x00000000e5500000| PB 0x00000000e5500000| Untracked 
|  86|0x00000000e5600000, 0x00000000e5700000, 0x00000000e5700000|100%|HS|  |TAMS 0x00000000e5600000| PB 0x00000000e5600000| Complete 
|  87|0x00000000e5700000, 0x00000000e5800000, 0x00000000e5800000|100%|HC|  |TAMS 0x00000000e5700000| PB 0x00000000e5700000| Complete 
|  88|0x00000000e5800000, 0x00000000e5900000, 0x00000000e5900000|100%|HC|  |TAMS 0x00000000e5800000| PB 0x00000000e5800000| Complete 
|  89|0x00000000e5900000, 0x00000000e5a00000, 0x00000000e5a00000|100%|HC|  |TAMS 0x00000000e5900000| PB 0x00000000e5900000| Complete 
|  90|0x00000000e5a00000, 0x00000000e5b00000, 0x00000000e5b00000|100%| O|  |TAMS 0x00000000e5a00000| PB 0x00000000e5a00000| Untracked 
|  91|0x00000000e5b00000, 0x00000000e5c00000, 0x00000000e5c00000|100%| O|  |TAMS 0x00000000e5b00000| PB 0x00000000e5b00000| Untracked 
|  92|0x00000000e5c00000, 0x00000000e5d00000, 0x00000000e5d00000|100%| O|  |TAMS 0x00000000e5c00000| PB 0x00000000e5c00000| Untracked 
|  93|0x00000000e5d00000, 0x00000000e5e00000, 0x00000000e5e00000|100%| O|  |TAMS 0x00000000e5d00000| PB 0x00000000e5d00000| Untracked 
|  94|0x00000000e5e00000, 0x00000000e5f00000, 0x00000000e5f00000|100%| O|  |TAMS 0x00000000e5e00000| PB 0x00000000e5e00000| Untracked 
|  95|0x00000000e5f00000, 0x00000000e6000000, 0x00000000e6000000|100%| O|  |TAMS 0x00000000e5f00000| PB 0x00000000e5f00000| Untracked 
|  96|0x00000000e6000000, 0x00000000e6100000, 0x00000000e6100000|100%| O|  |TAMS 0x00000000e6000000| PB 0x00000000e6000000| Untracked 
|  97|0x00000000e6100000, 0x00000000e6200000, 0x00000000e6200000|100%| O|  |TAMS 0x00000000e6100000| PB 0x00000000e6100000| Untracked 
|  98|0x00000000e6200000, 0x00000000e6300000, 0x00000000e6300000|100%| O|  |TAMS 0x00000000e6200000| PB 0x00000000e6200000| Untracked 
|  99|0x00000000e6300000, 0x00000000e6400000, 0x00000000e6400000|100%| O|  |TAMS 0x00000000e6300000| PB 0x00000000e6300000| Untracked 
| 100|0x00000000e6400000, 0x00000000e6500000, 0x00000000e6500000|100%| O|  |TAMS 0x00000000e6400000| PB 0x00000000e6400000| Untracked 
| 101|0x00000000e6500000, 0x00000000e6600000, 0x00000000e6600000|100%| O|  |TAMS 0x00000000e6500000| PB 0x00000000e6500000| Untracked 
| 102|0x00000000e6600000, 0x00000000e6700000, 0x00000000e6700000|100%| O|  |TAMS 0x00000000e6600000| PB 0x00000000e6600000| Untracked 
| 103|0x00000000e6700000, 0x00000000e6800000, 0x00000000e6800000|100%| O|  |TAMS 0x00000000e6700000| PB 0x00000000e6700000| Untracked 
| 104|0x00000000e6800000, 0x00000000e6900000, 0x00000000e6900000|100%| O|  |TAMS 0x00000000e6800000| PB 0x00000000e6800000| Untracked 
| 105|0x00000000e6900000, 0x00000000e6a00000, 0x00000000e6a00000|100%| O|  |TAMS 0x00000000e6900000| PB 0x00000000e6900000| Untracked 
| 106|0x00000000e6a00000, 0x00000000e6b00000, 0x00000000e6b00000|100%| O|  |TAMS 0x00000000e6a00000| PB 0x00000000e6a00000| Untracked 
| 107|0x00000000e6b00000, 0x00000000e6c00000, 0x00000000e6c00000|100%| O|  |TAMS 0x00000000e6b00000| PB 0x00000000e6b00000| Untracked 
| 108|0x00000000e6c00000, 0x00000000e6d00000, 0x00000000e6d00000|100%|HS|  |TAMS 0x00000000e6c00000| PB 0x00000000e6c00000| Complete 
| 109|0x00000000e6d00000, 0x00000000e6e00000, 0x00000000e6e00000|100%|HC|  |TAMS 0x00000000e6d00000| PB 0x00000000e6d00000| Complete 
| 110|0x00000000e6e00000, 0x00000000e6f00000, 0x00000000e6f00000|100%| O|  |TAMS 0x00000000e6e00000| PB 0x00000000e6e00000| Untracked 
| 111|0x00000000e6f00000, 0x00000000e7000000, 0x00000000e7000000|100%|HS|  |TAMS 0x00000000e6f00000| PB 0x00000000e6f00000| Complete 
| 112|0x00000000e7000000, 0x00000000e7100000, 0x00000000e7100000|100%|HS|  |TAMS 0x00000000e7000000| PB 0x00000000e7000000| Complete 
| 113|0x00000000e7100000, 0x00000000e7200000, 0x00000000e7200000|100%| O|  |TAMS 0x00000000e7100000| PB 0x00000000e7100000| Untracked 
| 114|0x00000000e7200000, 0x00000000e7300000, 0x00000000e7300000|100%| O|  |TAMS 0x00000000e7200000| PB 0x00000000e7200000| Untracked 
| 115|0x00000000e7300000, 0x00000000e7400000, 0x00000000e7400000|100%| O|  |TAMS 0x00000000e7300000| PB 0x00000000e7300000| Untracked 
| 116|0x00000000e7400000, 0x00000000e7500000, 0x00000000e7500000|100%| O|  |TAMS 0x00000000e7400000| PB 0x00000000e7400000| Untracked 
| 117|0x00000000e7500000, 0x00000000e7600000, 0x00000000e7600000|100%| O|  |TAMS 0x00000000e7500000| PB 0x00000000e7500000| Untracked 
| 118|0x00000000e7600000, 0x00000000e7700000, 0x00000000e7700000|100%| O|  |TAMS 0x00000000e7600000| PB 0x00000000e7600000| Untracked 
| 119|0x00000000e7700000, 0x00000000e7800000, 0x00000000e7800000|100%| O|  |TAMS 0x00000000e7700000| PB 0x00000000e7700000| Untracked 
| 120|0x00000000e7800000, 0x00000000e7900000, 0x00000000e7900000|100%| O|  |TAMS 0x00000000e7800000| PB 0x00000000e7800000| Untracked 
| 121|0x00000000e7900000, 0x00000000e7a00000, 0x00000000e7a00000|100%| O|  |TAMS 0x00000000e7900000| PB 0x00000000e7900000| Untracked 
| 122|0x00000000e7a00000, 0x00000000e7b00000, 0x00000000e7b00000|100%| O|  |TAMS 0x00000000e7a00000| PB 0x00000000e7a00000| Untracked 
| 123|0x00000000e7b00000, 0x00000000e7c00000, 0x00000000e7c00000|100%| O|  |TAMS 0x00000000e7b00000| PB 0x00000000e7b00000| Untracked 
| 124|0x00000000e7c00000, 0x00000000e7d00000, 0x00000000e7d00000|100%| O|  |TAMS 0x00000000e7c00000| PB 0x00000000e7c00000| Untracked 
| 125|0x00000000e7d00000, 0x00000000e7e00000, 0x00000000e7e00000|100%| O|  |TAMS 0x00000000e7d00000| PB 0x00000000e7d00000| Untracked 
| 126|0x00000000e7e00000, 0x00000000e7f00000, 0x00000000e7f00000|100%| O|  |TAMS 0x00000000e7e00000| PB 0x00000000e7e00000| Untracked 
| 127|0x00000000e7f00000, 0x00000000e8000000, 0x00000000e8000000|100%| O|  |TAMS 0x00000000e7f00000| PB 0x00000000e7f00000| Untracked 
| 128|0x00000000e8000000, 0x00000000e8100000, 0x00000000e8100000|100%| O|  |TAMS 0x00000000e8000000| PB 0x00000000e8000000| Untracked 
| 129|0x00000000e8100000, 0x00000000e8200000, 0x00000000e8200000|100%| O|  |TAMS 0x00000000e8100000| PB 0x00000000e8100000| Untracked 
| 130|0x00000000e8200000, 0x00000000e8300000, 0x00000000e8300000|100%|HS|  |TAMS 0x00000000e8200000| PB 0x00000000e8200000| Complete 
| 131|0x00000000e8300000, 0x00000000e8400000, 0x00000000e8400000|100%|HC|  |TAMS 0x00000000e8300000| PB 0x00000000e8300000| Complete 
| 132|0x00000000e8400000, 0x00000000e8500000, 0x00000000e8500000|100%|HC|  |TAMS 0x00000000e8400000| PB 0x00000000e8400000| Complete 
| 133|0x00000000e8500000, 0x00000000e8600000, 0x00000000e8600000|100%|HC|  |TAMS 0x00000000e8500000| PB 0x00000000e8500000| Complete 
| 134|0x00000000e8600000, 0x00000000e8700000, 0x00000000e8700000|100%| O|  |TAMS 0x00000000e8600000| PB 0x00000000e8600000| Untracked 
| 135|0x00000000e8700000, 0x00000000e8800000, 0x00000000e8800000|100%| O|  |TAMS 0x00000000e8700000| PB 0x00000000e8700000| Untracked 
| 136|0x00000000e8800000, 0x00000000e8900000, 0x00000000e8900000|100%| O|  |TAMS 0x00000000e8800000| PB 0x00000000e8800000| Untracked 
| 137|0x00000000e8900000, 0x00000000e8a00000, 0x00000000e8a00000|100%| O|  |TAMS 0x00000000e8900000| PB 0x00000000e8900000| Untracked 
| 138|0x00000000e8a00000, 0x00000000e8b00000, 0x00000000e8b00000|100%| O|  |TAMS 0x00000000e8a00000| PB 0x00000000e8a00000| Untracked 
| 139|0x00000000e8b00000, 0x00000000e8c00000, 0x00000000e8c00000|100%| O|Cm|TAMS 0x00000000e8b00000| PB 0x00000000e8b00000| Complete 
| 140|0x00000000e8c00000, 0x00000000e8d00000, 0x00000000e8d00000|100%| O|Cm|TAMS 0x00000000e8c00000| PB 0x00000000e8c00000| Complete 
| 141|0x00000000e8d00000, 0x00000000e8e00000, 0x00000000e8e00000|100%| O|Cm|TAMS 0x00000000e8d00000| PB 0x00000000e8d00000| Complete 
| 142|0x00000000e8e00000, 0x00000000e8f00000, 0x00000000e8f00000|100%| O|  |TAMS 0x00000000e8e00000| PB 0x00000000e8e00000| Untracked 
| 143|0x00000000e8f00000, 0x00000000e9000000, 0x00000000e9000000|100%| O|Cm|TAMS 0x00000000e8f00000| PB 0x00000000e8f00000| Complete 
| 144|0x00000000e9000000, 0x00000000e9093840, 0x00000000e9100000| 57%| O|  |TAMS 0x00000000e9000000| PB 0x00000000e9000000| Untracked 
| 145|0x00000000e9100000, 0x00000000e9200000, 0x00000000e9200000|100%|HS|  |TAMS 0x00000000e9100000| PB 0x00000000e9100000| Complete 
| 146|0x00000000e9200000, 0x00000000e9300000, 0x00000000e9300000|100%|HS|  |TAMS 0x00000000e9200000| PB 0x00000000e9200000| Complete 
| 147|0x00000000e9300000, 0x00000000e9400000, 0x00000000e9400000|100%|HS|  |TAMS 0x00000000e9300000| PB 0x00000000e9300000| Complete 
| 148|0x00000000e9400000, 0x00000000e9500000, 0x00000000e9500000|100%|HS|  |TAMS 0x00000000e9400000| PB 0x00000000e9400000| Complete 
| 149|0x00000000e9500000, 0x00000000e9600000, 0x00000000e9600000|100%|HS|  |TAMS 0x00000000e9500000| PB 0x00000000e9500000| Complete 
| 150|0x00000000e9600000, 0x00000000e9700000, 0x00000000e9700000|100%| O|Cm|TAMS 0x00000000e9600000| PB 0x00000000e9600000| Complete 
| 151|0x00000000e9700000, 0x00000000e9800000, 0x00000000e9800000|100%|HS|  |TAMS 0x00000000e9700000| PB 0x00000000e9700000| Complete 
| 152|0x00000000e9800000, 0x00000000e9900000, 0x00000000e9900000|100%|HC|  |TAMS 0x00000000e9800000| PB 0x00000000e9800000| Complete 
| 153|0x00000000e9900000, 0x00000000e9a00000, 0x00000000e9a00000|100%|HC|  |TAMS 0x00000000e9900000| PB 0x00000000e9900000| Complete 
| 154|0x00000000e9a00000, 0x00000000e9b00000, 0x00000000e9b00000|100%| O|Cm|TAMS 0x00000000e9a00000| PB 0x00000000e9a00000| Complete 
| 155|0x00000000e9b00000, 0x00000000e9c00000, 0x00000000e9c00000|100%| O|  |TAMS 0x00000000e9b00000| PB 0x00000000e9b00000| Untracked 
| 156|0x00000000e9c00000, 0x00000000e9d00000, 0x00000000e9d00000|100%| O|  |TAMS 0x00000000e9c00000| PB 0x00000000e9c00000| Untracked 
| 157|0x00000000e9d00000, 0x00000000e9e00000, 0x00000000e9e00000|100%| O|  |TAMS 0x00000000e9d00000| PB 0x00000000e9d00000| Untracked 
| 158|0x00000000e9e00000, 0x00000000e9f00000, 0x00000000e9f00000|100%| O|  |TAMS 0x00000000e9e00000| PB 0x00000000e9e00000| Untracked 
| 159|0x00000000e9f00000, 0x00000000ea000000, 0x00000000ea000000|100%| O|  |TAMS 0x00000000e9f00000| PB 0x00000000e9f00000| Untracked 
| 160|0x00000000ea000000, 0x00000000ea100000, 0x00000000ea100000|100%| O|  |TAMS 0x00000000ea000000| PB 0x00000000ea000000| Untracked 
| 161|0x00000000ea100000, 0x00000000ea200000, 0x00000000ea200000|100%| O|  |TAMS 0x00000000ea100000| PB 0x00000000ea100000| Untracked 
| 162|0x00000000ea200000, 0x00000000ea300000, 0x00000000ea300000|100%| O|  |TAMS 0x00000000ea200000| PB 0x00000000ea200000| Untracked 
| 163|0x00000000ea300000, 0x00000000ea400000, 0x00000000ea400000|100%| O|  |TAMS 0x00000000ea300000| PB 0x00000000ea300000| Untracked 
| 164|0x00000000ea400000, 0x00000000ea500000, 0x00000000ea500000|100%| O|  |TAMS 0x00000000ea400000| PB 0x00000000ea400000| Untracked 
| 165|0x00000000ea500000, 0x00000000ea600000, 0x00000000ea600000|100%| O|  |TAMS 0x00000000ea500000| PB 0x00000000ea500000| Untracked 
| 166|0x00000000ea600000, 0x00000000ea600000, 0x00000000ea700000|  0%| F|  |TAMS 0x00000000ea600000| PB 0x00000000ea600000| Untracked 
| 167|0x00000000ea700000, 0x00000000ea700000, 0x00000000ea800000|  0%| F|  |TAMS 0x00000000ea700000| PB 0x00000000ea700000| Untracked 
| 168|0x00000000ea800000, 0x00000000ea800000, 0x00000000ea900000|  0%| F|  |TAMS 0x00000000ea800000| PB 0x00000000ea800000| Untracked 
| 169|0x00000000ea900000, 0x00000000ea900000, 0x00000000eaa00000|  0%| F|  |TAMS 0x00000000ea900000| PB 0x00000000ea900000| Untracked 
| 170|0x00000000eaa00000, 0x00000000eaa00000, 0x00000000eab00000|  0%| F|  |TAMS 0x00000000eaa00000| PB 0x00000000eaa00000| Untracked 
| 171|0x00000000eab00000, 0x00000000eab00000, 0x00000000eac00000|  0%| F|  |TAMS 0x00000000eab00000| PB 0x00000000eab00000| Untracked 
| 172|0x00000000eac00000, 0x00000000eac00000, 0x00000000ead00000|  0%| F|  |TAMS 0x00000000eac00000| PB 0x00000000eac00000| Untracked 
| 173|0x00000000ead00000, 0x00000000ead00000, 0x00000000eae00000|  0%| F|  |TAMS 0x00000000ead00000| PB 0x00000000ead00000| Untracked 
| 174|0x00000000eae00000, 0x00000000eae00000, 0x00000000eaf00000|  0%| F|  |TAMS 0x00000000eae00000| PB 0x00000000eae00000| Untracked 
| 175|0x00000000eaf00000, 0x00000000eaf00000, 0x00000000eb000000|  0%| F|  |TAMS 0x00000000eaf00000| PB 0x00000000eaf00000| Untracked 
| 176|0x00000000eb000000, 0x00000000eb000000, 0x00000000eb100000|  0%| F|  |TAMS 0x00000000eb000000| PB 0x00000000eb000000| Untracked 
| 177|0x00000000eb100000, 0x00000000eb100000, 0x00000000eb200000|  0%| F|  |TAMS 0x00000000eb100000| PB 0x00000000eb100000| Untracked 
| 178|0x00000000eb200000, 0x00000000eb200000, 0x00000000eb300000|  0%| F|  |TAMS 0x00000000eb200000| PB 0x00000000eb200000| Untracked 
| 179|0x00000000eb300000, 0x00000000eb300000, 0x00000000eb400000|  0%| F|  |TAMS 0x00000000eb300000| PB 0x00000000eb300000| Untracked 
| 180|0x00000000eb400000, 0x00000000eb400000, 0x00000000eb500000|  0%| F|  |TAMS 0x00000000eb400000| PB 0x00000000eb400000| Untracked 
| 181|0x00000000eb500000, 0x00000000eb500000, 0x00000000eb600000|  0%| F|  |TAMS 0x00000000eb500000| PB 0x00000000eb500000| Untracked 
| 182|0x00000000eb600000, 0x00000000eb600000, 0x00000000eb700000|  0%| F|  |TAMS 0x00000000eb600000| PB 0x00000000eb600000| Untracked 
| 183|0x00000000eb700000, 0x00000000eb700000, 0x00000000eb800000|  0%| F|  |TAMS 0x00000000eb700000| PB 0x00000000eb700000| Untracked 
| 184|0x00000000eb800000, 0x00000000eb800000, 0x00000000eb900000|  0%| F|  |TAMS 0x00000000eb800000| PB 0x00000000eb800000| Untracked 
| 185|0x00000000eb900000, 0x00000000eb900000, 0x00000000eba00000|  0%| F|  |TAMS 0x00000000eb900000| PB 0x00000000eb900000| Untracked 
| 186|0x00000000eba00000, 0x00000000eba00000, 0x00000000ebb00000|  0%| F|  |TAMS 0x00000000eba00000| PB 0x00000000eba00000| Untracked 
| 187|0x00000000ebb00000, 0x00000000ebb00000, 0x00000000ebc00000|  0%| F|  |TAMS 0x00000000ebb00000| PB 0x00000000ebb00000| Untracked 
| 188|0x00000000ebc00000, 0x00000000ebc00000, 0x00000000ebd00000|  0%| F|  |TAMS 0x00000000ebc00000| PB 0x00000000ebc00000| Untracked 
| 189|0x00000000ebd00000, 0x00000000ebd00000, 0x00000000ebe00000|  0%| F|  |TAMS 0x00000000ebd00000| PB 0x00000000ebd00000| Untracked 
| 190|0x00000000ebe00000, 0x00000000ebe00000, 0x00000000ebf00000|  0%| F|  |TAMS 0x00000000ebe00000| PB 0x00000000ebe00000| Untracked 
| 191|0x00000000ebf00000, 0x00000000ebf00000, 0x00000000ec000000|  0%| F|  |TAMS 0x00000000ebf00000| PB 0x00000000ebf00000| Untracked 
| 192|0x00000000ec000000, 0x00000000ec000000, 0x00000000ec100000|  0%| F|  |TAMS 0x00000000ec000000| PB 0x00000000ec000000| Untracked 
| 193|0x00000000ec100000, 0x00000000ec100000, 0x00000000ec200000|  0%| F|  |TAMS 0x00000000ec100000| PB 0x00000000ec100000| Untracked 
| 194|0x00000000ec200000, 0x00000000ec200000, 0x00000000ec300000|  0%| F|  |TAMS 0x00000000ec200000| PB 0x00000000ec200000| Untracked 
| 195|0x00000000ec300000, 0x00000000ec300000, 0x00000000ec400000|  0%| F|  |TAMS 0x00000000ec300000| PB 0x00000000ec300000| Untracked 
| 196|0x00000000ec400000, 0x00000000ec400000, 0x00000000ec500000|  0%| F|  |TAMS 0x00000000ec400000| PB 0x00000000ec400000| Untracked 
| 197|0x00000000ec500000, 0x00000000ec500000, 0x00000000ec600000|  0%| F|  |TAMS 0x00000000ec500000| PB 0x00000000ec500000| Untracked 
| 198|0x00000000ec600000, 0x00000000ec600000, 0x00000000ec700000|  0%| F|  |TAMS 0x00000000ec600000| PB 0x00000000ec600000| Untracked 
| 199|0x00000000ec700000, 0x00000000ec700000, 0x00000000ec800000|  0%| F|  |TAMS 0x00000000ec700000| PB 0x00000000ec700000| Untracked 
| 200|0x00000000ec800000, 0x00000000ec800000, 0x00000000ec900000|  0%| F|  |TAMS 0x00000000ec800000| PB 0x00000000ec800000| Untracked 
| 201|0x00000000ec900000, 0x00000000ec900000, 0x00000000eca00000|  0%| F|  |TAMS 0x00000000ec900000| PB 0x00000000ec900000| Untracked 
| 202|0x00000000eca00000, 0x00000000eca00000, 0x00000000ecb00000|  0%| F|  |TAMS 0x00000000eca00000| PB 0x00000000eca00000| Untracked 
| 203|0x00000000ecb00000, 0x00000000ecb00000, 0x00000000ecc00000|  0%| F|  |TAMS 0x00000000ecb00000| PB 0x00000000ecb00000| Untracked 
| 204|0x00000000ecc00000, 0x00000000ecc00000, 0x00000000ecd00000|  0%| F|  |TAMS 0x00000000ecc00000| PB 0x00000000ecc00000| Untracked 
| 205|0x00000000ecd00000, 0x00000000ecd00000, 0x00000000ece00000|  0%| F|  |TAMS 0x00000000ecd00000| PB 0x00000000ecd00000| Untracked 
| 206|0x00000000ece00000, 0x00000000ece00000, 0x00000000ecf00000|  0%| F|  |TAMS 0x00000000ece00000| PB 0x00000000ece00000| Untracked 
| 207|0x00000000ecf00000, 0x00000000ecf00000, 0x00000000ed000000|  0%| F|  |TAMS 0x00000000ecf00000| PB 0x00000000ecf00000| Untracked 
| 208|0x00000000ed000000, 0x00000000ed000000, 0x00000000ed100000|  0%| F|  |TAMS 0x00000000ed000000| PB 0x00000000ed000000| Untracked 
| 209|0x00000000ed100000, 0x00000000ed100000, 0x00000000ed200000|  0%| F|  |TAMS 0x00000000ed100000| PB 0x00000000ed100000| Untracked 
| 210|0x00000000ed200000, 0x00000000ed200000, 0x00000000ed300000|  0%| F|  |TAMS 0x00000000ed200000| PB 0x00000000ed200000| Untracked 
| 211|0x00000000ed300000, 0x00000000ed300000, 0x00000000ed400000|  0%| F|  |TAMS 0x00000000ed300000| PB 0x00000000ed300000| Untracked 
| 212|0x00000000ed400000, 0x00000000ed400000, 0x00000000ed500000|  0%| F|  |TAMS 0x00000000ed400000| PB 0x00000000ed400000| Untracked 
| 213|0x00000000ed500000, 0x00000000ed500000, 0x00000000ed600000|  0%| F|  |TAMS 0x00000000ed500000| PB 0x00000000ed500000| Untracked 
| 214|0x00000000ed600000, 0x00000000ed600000, 0x00000000ed700000|  0%| F|  |TAMS 0x00000000ed600000| PB 0x00000000ed600000| Untracked 
| 215|0x00000000ed700000, 0x00000000ed700000, 0x00000000ed800000|  0%| F|  |TAMS 0x00000000ed700000| PB 0x00000000ed700000| Untracked 
| 216|0x00000000ed800000, 0x00000000ed800000, 0x00000000ed900000|  0%| F|  |TAMS 0x00000000ed800000| PB 0x00000000ed800000| Untracked 
| 217|0x00000000ed900000, 0x00000000ed900000, 0x00000000eda00000|  0%| F|  |TAMS 0x00000000ed900000| PB 0x00000000ed900000| Untracked 
| 218|0x00000000eda00000, 0x00000000eda00000, 0x00000000edb00000|  0%| F|  |TAMS 0x00000000eda00000| PB 0x00000000eda00000| Untracked 
| 219|0x00000000edb00000, 0x00000000edb00000, 0x00000000edc00000|  0%| F|  |TAMS 0x00000000edb00000| PB 0x00000000edb00000| Untracked 
| 220|0x00000000edc00000, 0x00000000edc00000, 0x00000000edd00000|  0%| F|  |TAMS 0x00000000edc00000| PB 0x00000000edc00000| Untracked 
| 221|0x00000000edd00000, 0x00000000edd00000, 0x00000000ede00000|  0%| F|  |TAMS 0x00000000edd00000| PB 0x00000000edd00000| Untracked 
| 222|0x00000000ede00000, 0x00000000ede00000, 0x00000000edf00000|  0%| F|  |TAMS 0x00000000ede00000| PB 0x00000000ede00000| Untracked 
| 223|0x00000000edf00000, 0x00000000edf00000, 0x00000000ee000000|  0%| F|  |TAMS 0x00000000edf00000| PB 0x00000000edf00000| Untracked 
| 224|0x00000000ee000000, 0x00000000ee000000, 0x00000000ee100000|  0%| F|  |TAMS 0x00000000ee000000| PB 0x00000000ee000000| Untracked 
| 225|0x00000000ee100000, 0x00000000ee100000, 0x00000000ee200000|  0%| F|  |TAMS 0x00000000ee100000| PB 0x00000000ee100000| Untracked 
| 226|0x00000000ee200000, 0x00000000ee200000, 0x00000000ee300000|  0%| F|  |TAMS 0x00000000ee200000| PB 0x00000000ee200000| Untracked 
| 227|0x00000000ee300000, 0x00000000ee300000, 0x00000000ee400000|  0%| F|  |TAMS 0x00000000ee300000| PB 0x00000000ee300000| Untracked 
| 228|0x00000000ee400000, 0x00000000ee400000, 0x00000000ee500000|  0%| F|  |TAMS 0x00000000ee400000| PB 0x00000000ee400000| Untracked 
| 229|0x00000000ee500000, 0x00000000ee500000, 0x00000000ee600000|  0%| F|  |TAMS 0x00000000ee500000| PB 0x00000000ee500000| Untracked 
| 230|0x00000000ee600000, 0x00000000ee600000, 0x00000000ee700000|  0%| F|  |TAMS 0x00000000ee600000| PB 0x00000000ee600000| Untracked 
| 231|0x00000000ee700000, 0x00000000ee700000, 0x00000000ee800000|  0%| F|  |TAMS 0x00000000ee700000| PB 0x00000000ee700000| Untracked 
| 232|0x00000000ee800000, 0x00000000ee800000, 0x00000000ee900000|  0%| F|  |TAMS 0x00000000ee800000| PB 0x00000000ee800000| Untracked 
| 233|0x00000000ee900000, 0x00000000ee900000, 0x00000000eea00000|  0%| F|  |TAMS 0x00000000ee900000| PB 0x00000000ee900000| Untracked 
| 234|0x00000000eea00000, 0x00000000eea00000, 0x00000000eeb00000|  0%| F|  |TAMS 0x00000000eea00000| PB 0x00000000eea00000| Untracked 
| 235|0x00000000eeb00000, 0x00000000eeb00000, 0x00000000eec00000|  0%| F|  |TAMS 0x00000000eeb00000| PB 0x00000000eeb00000| Untracked 
| 236|0x00000000eec00000, 0x00000000eec00000, 0x00000000eed00000|  0%| F|  |TAMS 0x00000000eec00000| PB 0x00000000eec00000| Untracked 
| 237|0x00000000eed00000, 0x00000000eed00000, 0x00000000eee00000|  0%| F|  |TAMS 0x00000000eed00000| PB 0x00000000eed00000| Untracked 
| 238|0x00000000eee00000, 0x00000000eee00000, 0x00000000eef00000|  0%| F|  |TAMS 0x00000000eee00000| PB 0x00000000eee00000| Untracked 
| 239|0x00000000eef00000, 0x00000000eef00000, 0x00000000ef000000|  0%| F|  |TAMS 0x00000000eef00000| PB 0x00000000eef00000| Untracked 
| 240|0x00000000ef000000, 0x00000000ef000000, 0x00000000ef100000|  0%| F|  |TAMS 0x00000000ef000000| PB 0x00000000ef000000| Untracked 
| 241|0x00000000ef100000, 0x00000000ef100000, 0x00000000ef200000|  0%| F|  |TAMS 0x00000000ef100000| PB 0x00000000ef100000| Untracked 
| 242|0x00000000ef200000, 0x00000000ef200000, 0x00000000ef300000|  0%| F|  |TAMS 0x00000000ef200000| PB 0x00000000ef200000| Untracked 
| 243|0x00000000ef300000, 0x00000000ef300000, 0x00000000ef400000|  0%| F|  |TAMS 0x00000000ef300000| PB 0x00000000ef300000| Untracked 
| 244|0x00000000ef400000, 0x00000000ef400000, 0x00000000ef500000|  0%| F|  |TAMS 0x00000000ef400000| PB 0x00000000ef400000| Untracked 
| 245|0x00000000ef500000, 0x00000000ef500000, 0x00000000ef600000|  0%| F|  |TAMS 0x00000000ef500000| PB 0x00000000ef500000| Untracked 
| 246|0x00000000ef600000, 0x00000000ef600000, 0x00000000ef700000|  0%| F|  |TAMS 0x00000000ef600000| PB 0x00000000ef600000| Untracked 
| 247|0x00000000ef700000, 0x00000000ef700000, 0x00000000ef800000|  0%| F|  |TAMS 0x00000000ef700000| PB 0x00000000ef700000| Untracked 
| 248|0x00000000ef800000, 0x00000000ef800000, 0x00000000ef900000|  0%| F|  |TAMS 0x00000000ef800000| PB 0x00000000ef800000| Untracked 
| 249|0x00000000ef900000, 0x00000000ef937738, 0x00000000efa00000| 21%| S|CS|TAMS 0x00000000ef900000| PB 0x00000000ef900000| Complete 
| 250|0x00000000efa00000, 0x00000000efb00000, 0x00000000efb00000|100%| S|CS|TAMS 0x00000000efa00000| PB 0x00000000efa00000| Complete 
| 251|0x00000000efb00000, 0x00000000efc00000, 0x00000000efc00000|100%| S|CS|TAMS 0x00000000efb00000| PB 0x00000000efb00000| Complete 
| 252|0x00000000efc00000, 0x00000000efc00000, 0x00000000efd00000|  0%| F|  |TAMS 0x00000000efc00000| PB 0x00000000efc00000| Untracked 
| 253|0x00000000efd00000, 0x00000000efd00000, 0x00000000efe00000|  0%| F|  |TAMS 0x00000000efd00000| PB 0x00000000efd00000| Untracked 
| 254|0x00000000efe00000, 0x00000000efe00000, 0x00000000eff00000|  0%| F|  |TAMS 0x00000000efe00000| PB 0x00000000efe00000| Untracked 
| 255|0x00000000eff00000, 0x00000000eff00000, 0x00000000f0000000|  0%| F|  |TAMS 0x00000000eff00000| PB 0x00000000eff00000| Untracked 
| 256|0x00000000f0000000, 0x00000000f0000000, 0x00000000f0100000|  0%| F|  |TAMS 0x00000000f0000000| PB 0x00000000f0000000| Untracked 
| 257|0x00000000f0100000, 0x00000000f0100000, 0x00000000f0200000|  0%| F|  |TAMS 0x00000000f0100000| PB 0x00000000f0100000| Untracked 
| 258|0x00000000f0200000, 0x00000000f0200000, 0x00000000f0300000|  0%| F|  |TAMS 0x00000000f0200000| PB 0x00000000f0200000| Untracked 
| 259|0x00000000f0300000, 0x00000000f0400000, 0x00000000f0400000|100%| E|CS|TAMS 0x00000000f0300000| PB 0x00000000f0300000| Complete 
| 260|0x00000000f0400000, 0x00000000f0500000, 0x00000000f0500000|100%| E|CS|TAMS 0x00000000f0400000| PB 0x00000000f0400000| Complete 
| 261|0x00000000f0500000, 0x00000000f0600000, 0x00000000f0600000|100%| E|CS|TAMS 0x00000000f0500000| PB 0x00000000f0500000| Complete 
| 262|0x00000000f0600000, 0x00000000f0600000, 0x00000000f0700000|  0%| F|  |TAMS 0x00000000f0600000| PB 0x00000000f0600000| Untracked 
| 263|0x00000000f0700000, 0x00000000f0700000, 0x00000000f0800000|  0%| F|  |TAMS 0x00000000f0700000| PB 0x00000000f0700000| Untracked 
| 264|0x00000000f0800000, 0x00000000f0800000, 0x00000000f0900000|  0%| F|  |TAMS 0x00000000f0800000| PB 0x00000000f0800000| Untracked 
| 265|0x00000000f0900000, 0x00000000f0900000, 0x00000000f0a00000|  0%| F|  |TAMS 0x00000000f0900000| PB 0x00000000f0900000| Untracked 
| 266|0x00000000f0a00000, 0x00000000f0a00000, 0x00000000f0b00000|  0%| F|  |TAMS 0x00000000f0a00000| PB 0x00000000f0a00000| Untracked 
| 267|0x00000000f0b00000, 0x00000000f0b00000, 0x00000000f0c00000|  0%| F|  |TAMS 0x00000000f0b00000| PB 0x00000000f0b00000| Untracked 
| 268|0x00000000f0c00000, 0x00000000f0c00000, 0x00000000f0d00000|  0%| F|  |TAMS 0x00000000f0c00000| PB 0x00000000f0c00000| Untracked 
| 269|0x00000000f0d00000, 0x00000000f0d00000, 0x00000000f0e00000|  0%| F|  |TAMS 0x00000000f0d00000| PB 0x00000000f0d00000| Untracked 
| 270|0x00000000f0e00000, 0x00000000f0e9c190, 0x00000000f0f00000| 60%| E|  |TAMS 0x00000000f0e00000| PB 0x00000000f0e00000| Complete 
| 271|0x00000000f0f00000, 0x00000000f1000000, 0x00000000f1000000|100%| E|CS|TAMS 0x00000000f0f00000| PB 0x00000000f0f00000| Complete 
| 272|0x00000000f1000000, 0x00000000f1100000, 0x00000000f1100000|100%| E|CS|TAMS 0x00000000f1000000| PB 0x00000000f1000000| Complete 
| 273|0x00000000f1100000, 0x00000000f1200000, 0x00000000f1200000|100%| E|CS|TAMS 0x00000000f1100000| PB 0x00000000f1100000| Complete 
| 274|0x00000000f1200000, 0x00000000f1300000, 0x00000000f1300000|100%| E|CS|TAMS 0x00000000f1200000| PB 0x00000000f1200000| Complete 
| 275|0x00000000f1300000, 0x00000000f1400000, 0x00000000f1400000|100%| E|CS|TAMS 0x00000000f1300000| PB 0x00000000f1300000| Complete 
| 276|0x00000000f1400000, 0x00000000f1500000, 0x00000000f1500000|100%| E|  |TAMS 0x00000000f1400000| PB 0x00000000f1400000| Complete 
| 277|0x00000000f1500000, 0x00000000f1600000, 0x00000000f1600000|100%| E|CS|TAMS 0x00000000f1500000| PB 0x00000000f1500000| Complete 
| 278|0x00000000f1600000, 0x00000000f1700000, 0x00000000f1700000|100%| E|CS|TAMS 0x00000000f1600000| PB 0x00000000f1600000| Complete 
| 279|0x00000000f1700000, 0x00000000f1800000, 0x00000000f1800000|100%| E|CS|TAMS 0x00000000f1700000| PB 0x00000000f1700000| Complete 
| 280|0x00000000f1800000, 0x00000000f1900000, 0x00000000f1900000|100%| E|CS|TAMS 0x00000000f1800000| PB 0x00000000f1800000| Complete 
| 281|0x00000000f1900000, 0x00000000f1a00000, 0x00000000f1a00000|100%| E|CS|TAMS 0x00000000f1900000| PB 0x00000000f1900000| Complete 
| 282|0x00000000f1a00000, 0x00000000f1b00000, 0x00000000f1b00000|100%| E|CS|TAMS 0x00000000f1a00000| PB 0x00000000f1a00000| Complete 
| 283|0x00000000f1b00000, 0x00000000f1c00000, 0x00000000f1c00000|100%| E|CS|TAMS 0x00000000f1b00000| PB 0x00000000f1b00000| Complete 
| 284|0x00000000f1c00000, 0x00000000f1d00000, 0x00000000f1d00000|100%| E|CS|TAMS 0x00000000f1c00000| PB 0x00000000f1c00000| Complete 
| 502|0x00000000ff600000, 0x00000000ff700000, 0x00000000ff700000|100%| O|Cm|TAMS 0x00000000ff600000| PB 0x00000000ff600000| Complete 
| 503|0x00000000ff700000, 0x00000000ff800000, 0x00000000ff800000|100%| O|  |TAMS 0x00000000ff700000| PB 0x00000000ff700000| Untracked 
| 504|0x00000000ff800000, 0x00000000ff900000, 0x00000000ff900000|100%| O|  |TAMS 0x00000000ff800000| PB 0x00000000ff800000| Untracked 
| 505|0x00000000ff900000, 0x00000000ffa00000, 0x00000000ffa00000|100%| O|  |TAMS 0x00000000ff900000| PB 0x00000000ff900000| Untracked 
| 506|0x00000000ffa00000, 0x00000000ffb00000, 0x00000000ffb00000|100%| O|  |TAMS 0x00000000ffa00000| PB 0x00000000ffa00000| Untracked 
| 507|0x00000000ffb00000, 0x00000000ffc00000, 0x00000000ffc00000|100%| O|  |TAMS 0x00000000ffb00000| PB 0x00000000ffb00000| Untracked 
| 508|0x00000000ffc00000, 0x00000000ffd00000, 0x00000000ffd00000|100%| O|  |TAMS 0x00000000ffc00000| PB 0x00000000ffc00000| Untracked 
| 509|0x00000000ffd00000, 0x00000000ffe00000, 0x00000000ffe00000|100%| E|CS|TAMS 0x00000000ffd00000| PB 0x00000000ffd00000| Complete 
| 510|0x00000000ffe00000, 0x00000000fff00000, 0x00000000fff00000|100%| E|CS|TAMS 0x00000000ffe00000| PB 0x00000000ffe00000| Complete 
| 511|0x00000000fff00000, 0x0000000100000000, 0x0000000100000000|100%| O|  |TAMS 0x00000000fff00000| PB 0x00000000fff00000| Untracked 

Card table byte_map: [0x00000220f42c0000,0x00000220f43c0000] _byte_map_base: 0x00000220f3bc0000

Marking Bits: (CMBitMap*) 0x00000220f0d55880
 Bits: [0x00000220f43c0000, 0x00000220f4bc0000)

Polling page: 0x00000220ee9f0000

Metaspace:

Usage:
  Non-class:    145.93 MB used.
      Class:     22.46 MB used.
       Both:    168.39 MB used.

Virtual space:
  Non-class space:      192.00 MB reserved,     147.12 MB ( 77%) committed,  3 nodes.
      Class space:      208.00 MB reserved,      23.62 MB ( 11%) committed,  1 nodes.
             Both:      400.00 MB reserved,     170.75 MB ( 43%) committed. 

Chunk freelists:
   Non-Class:  12.39 MB
       Class:  8.27 MB
        Both:  20.65 MB

MaxMetaspaceSize: 256.00 MB
CompressedClassSpaceSize: 208.00 MB
Initial GC threshold: 21.00 MB
Current GC threshold: 256.00 MB
CDS: off
 - commit_granule_bytes: 65536.
 - commit_granule_words: 8192.
 - virtual_space_node_default_size: 8388608.
 - enlarge_chunks_in_place: 1.
 - use_allocation_guard: 0.


Internal statistics:

num_allocs_failed_limit: 6.
num_arena_births: 4868.
num_arena_deaths: 0.
num_vsnodes_births: 4.
num_vsnodes_deaths: 0.
num_space_committed: 2729.
num_space_uncommitted: 0.
num_chunks_returned_to_freelist: 6.
num_chunks_taken_from_freelist: 11647.
num_chunk_merges: 3.
num_chunk_splits: 8194.
num_chunks_enlarged: 5756.
num_inconsistent_stats: 0.

CodeHeap 'non-profiled nmethods': size=120000Kb used=7940Kb max_used=8081Kb free=112060Kb
 bounds [0x0000022087ad0000, 0x00000220882c0000, 0x000002208f000000]
CodeHeap 'profiled nmethods': size=120000Kb used=30649Kb max_used=31026Kb free=89350Kb
 bounds [0x0000022080000000, 0x0000022081e60000, 0x0000022087530000]
CodeHeap 'non-nmethods': size=5760Kb used=2918Kb max_used=2981Kb free=2841Kb
 bounds [0x0000022087530000, 0x0000022087830000, 0x0000022087ad0000]
CodeCache: size=245760Kb, used=41507Kb, max_used=42088Kb, free=204251Kb
 total_blobs=16984, nmethods=15803, adapters=1082, full_count=0
Compilation: enabled, stopped_count=0, restarted_count=0

Compilation events (20 events):
Event: 30.405 Thread 0x00000220f77dd5b0 18386       2       com.sun.org.apache.xerces.internal.dom.DeferredDocumentImpl::getPrevSibling (7 bytes)
Event: 30.405 Thread 0x00000220f77dd5b0 nmethod 18386 0x0000022080997f10 code [0x00000220809980c0, 0x00000220809981f0]
Event: 30.406 Thread 0x00000220f77d4b80 nmethod 18345 0x0000022087d8bf90 code [0x0000022087d8c160, 0x0000022087d8cc70]
Event: 31.261 Thread 0x00000220f77dd5b0 18387       2       sun.management.spi.PlatformMBeanProvider$PlatformComponent$$Lambda/0x0000000100174e88::test (9 bytes)
Event: 32.433 Thread 0x00000220f77d4b80 18344       4       com.sun.org.apache.xerces.internal.impl.XMLScanner::scanAttributeValue (943 bytes)
Event: 32.433 Thread 0x00000220f77dd5b0 nmethod 18387 0x0000022080a56e90 code [0x0000022080a57020, 0x0000022080a57148]
Event: 32.433 Thread 0x00000220f77dd5b0 18391       2       java.lang.Character::isLetter (5 bytes)
Event: 32.433 Thread 0x00000220f77dd5b0 nmethod 18391 0x0000022080276990 code [0x0000022080276b40, 0x0000022080276ca0]
Event: 32.433 Thread 0x00000220f77dd5b0 18392       2       java.lang.Character::isLetter (18 bytes)
Event: 32.434 Thread 0x00000220f77dd5b0 nmethod 18392 0x0000022080469790 code [0x0000022080469940, 0x0000022080469aa0]
Event: 32.434 Thread 0x00000220f77dd5b0 18388       2       sun.management.spi.PlatformMBeanProvider$PlatformComponent$$Lambda/0x0000000100175110::apply (9 bytes)
Event: 32.434 Thread 0x00000220f77dd5b0 nmethod 18388 0x00000220800a4b10 code [0x00000220800a4ce0, 0x00000220800a4f08]
Event: 32.676 Thread 0x00000220f77dd5b0 18393       2       java.util.Formatter::ensureOpen (16 bytes)
Event: 34.444 Thread 0x00000220f77dd5b0 nmethod 18393 0x000002208047a410 code [0x000002208047a5c0, 0x000002208047a738]
Event: 34.444 Thread 0x00000220f77dd5b0 18394       2       sun.management.spi.PlatformMBeanProvider$PlatformComponent::getMBeans (87 bytes)
Event: 34.445 Thread 0x00000220f77dd5b0 nmethod 18394 0x0000022080d31290 code [0x0000022080d31540, 0x0000022080d31c28]
Event: 34.445 Thread 0x00000220f77dd5b0 18395       2       java.lang.management.ManagementFactory$$Lambda/0x0000000100170ae0::apply (12 bytes)
Event: 34.445 Thread 0x00000220f77dd5b0 nmethod 18395 0x00000220803f4410 code [0x00000220803f45c0, 0x00000220803f4778]
Event: 34.445 Thread 0x00000220f77dd5b0 18396       2       java.lang.management.ManagementFactory::lambda$getPlatformMXBeans$3 (13 bytes)
Event: 34.445 Thread 0x00000220f77dd5b0 nmethod 18396 0x00000220804aa290 code [0x00000220804aa440, 0x00000220804aa590]

GC Heap History (20 events):
Event: 18.074 GC heap before
{Heap before GC invocations=57 (full 0):
 garbage-first heap   total 235520K, used 202818K [0x00000000e0000000, 0x0000000100000000)
  region size 1024K, 65 young (66560K), 8 survivors (8192K)
 Metaspace       used 144301K, committed 146560K, reserved 344064K
  class space    used 19247K, committed 20352K, reserved 212992K
}
Event: 18.083 GC heap after
{Heap after GC invocations=58 (full 0):
 garbage-first heap   total 235520K, used 149964K [0x00000000e0000000, 0x0000000100000000)
  region size 1024K, 9 young (9216K), 9 survivors (9216K)
 Metaspace       used 144301K, committed 146560K, reserved 344064K
  class space    used 19247K, committed 20352K, reserved 212992K
}
Event: 18.372 GC heap before
{Heap before GC invocations=59 (full 0):
 garbage-first heap   total 247808K, used 206284K [0x00000000e0000000, 0x0000000100000000)
  region size 1024K, 65 young (66560K), 9 survivors (9216K)
 Metaspace       used 144601K, committed 146816K, reserved 344064K
  class space    used 19264K, committed 20352K, reserved 212992K
}
Event: 18.382 GC heap after
{Heap after GC invocations=60 (full 0):
 garbage-first heap   total 247808K, used 154799K [0x00000000e0000000, 0x0000000100000000)
  region size 1024K, 8 young (8192K), 8 survivors (8192K)
 Metaspace       used 144601K, committed 146816K, reserved 344064K
  class space    used 19264K, committed 20352K, reserved 212992K
}
Event: 18.864 GC heap before
{Heap before GC invocations=60 (full 0):
 garbage-first heap   total 247808K, used 218287K [0x00000000e0000000, 0x0000000100000000)
  region size 1024K, 70 young (71680K), 8 survivors (8192K)
 Metaspace       used 145195K, committed 147328K, reserved 344064K
  class space    used 19300K, committed 20352K, reserved 212992K
}
Event: 18.874 GC heap after
{Heap after GC invocations=61 (full 0):
 garbage-first heap   total 247808K, used 160041K [0x00000000e0000000, 0x0000000100000000)
  region size 1024K, 8 young (8192K), 8 survivors (8192K)
 Metaspace       used 145195K, committed 147328K, reserved 344064K
  class space    used 19300K, committed 20352K, reserved 212992K
}
Event: 19.996 GC heap before
{Heap before GC invocations=61 (full 0):
 garbage-first heap   total 247808K, used 219433K [0x00000000e0000000, 0x0000000100000000)
  region size 1024K, 67 young (68608K), 8 survivors (8192K)
 Metaspace       used 149642K, committed 151872K, reserved 409600K
  class space    used 19629K, committed 20736K, reserved 212992K
}
Event: 20.005 GC heap after
{Heap after GC invocations=62 (full 0):
 garbage-first heap   total 247808K, used 165652K [0x00000000e0000000, 0x0000000100000000)
  region size 1024K, 6 young (6144K), 6 survivors (6144K)
 Metaspace       used 149642K, committed 151872K, reserved 409600K
  class space    used 19629K, committed 20736K, reserved 212992K
}
Event: 20.667 GC heap before
{Heap before GC invocations=63 (full 0):
 garbage-first heap   total 275456K, used 221972K [0x00000000e0000000, 0x0000000100000000)
  region size 1024K, 63 young (64512K), 6 survivors (6144K)
 Metaspace       used 153438K, committed 155648K, reserved 409600K
  class space    used 20282K, committed 21376K, reserved 212992K
}
Event: 20.674 GC heap after
{Heap after GC invocations=64 (full 0):
 garbage-first heap   total 275456K, used 165551K [0x00000000e0000000, 0x0000000100000000)
  region size 1024K, 3 young (3072K), 3 survivors (3072K)
 Metaspace       used 153438K, committed 155648K, reserved 409600K
  class space    used 20282K, committed 21376K, reserved 212992K
}
Event: 21.736 GC heap before
{Heap before GC invocations=64 (full 0):
 garbage-first heap   total 275456K, used 248495K [0x00000000e0000000, 0x0000000100000000)
  region size 1024K, 84 young (86016K), 3 survivors (3072K)
 Metaspace       used 158939K, committed 161280K, reserved 409600K
  class space    used 21178K, committed 22336K, reserved 212992K
}
Event: 21.746 GC heap after
{Heap after GC invocations=65 (full 0):
 garbage-first heap   total 275456K, used 160024K [0x00000000e0000000, 0x0000000100000000)
  region size 1024K, 6 young (6144K), 6 survivors (6144K)
 Metaspace       used 158939K, committed 161280K, reserved 409600K
  class space    used 21178K, committed 22336K, reserved 212992K
}
Event: 22.826 GC heap before
{Heap before GC invocations=65 (full 0):
 garbage-first heap   total 275456K, used 253208K [0x00000000e0000000, 0x0000000100000000)
  region size 1024K, 97 young (99328K), 6 survivors (6144K)
 Metaspace       used 166206K, committed 168640K, reserved 409600K
  class space    used 22230K, committed 23424K, reserved 212992K
}
Event: 22.836 GC heap after
{Heap after GC invocations=66 (full 0):
 garbage-first heap   total 275456K, used 164761K [0x00000000e0000000, 0x0000000100000000)
  region size 1024K, 11 young (11264K), 11 survivors (11264K)
 Metaspace       used 166206K, committed 168640K, reserved 409600K
  class space    used 22230K, committed 23424K, reserved 212992K
}
Event: 23.542 GC heap before
{Heap before GC invocations=67 (full 0):
 garbage-first heap   total 275456K, used 251801K [0x00000000e0000000, 0x0000000100000000)
  region size 1024K, 98 young (100352K), 11 survivors (11264K)
 Metaspace       used 168406K, committed 170816K, reserved 409600K
  class space    used 22578K, committed 23744K, reserved 212992K
}
Event: 23.565 GC heap after
{Heap after GC invocations=68 (full 0):
 garbage-first heap   total 275456K, used 172991K [0x00000000e0000000, 0x0000000100000000)
  region size 1024K, 13 young (13312K), 13 survivors (13312K)
 Metaspace       used 168406K, committed 170816K, reserved 409600K
  class space    used 22578K, committed 23744K, reserved 212992K
}
Event: 24.798 GC heap before
{Heap before GC invocations=68 (full 0):
 garbage-first heap   total 275456K, used 252863K [0x00000000e0000000, 0x0000000100000000)
  region size 1024K, 92 young (94208K), 13 survivors (13312K)
 Metaspace       used 169848K, committed 172224K, reserved 409600K
  class space    used 22773K, committed 23936K, reserved 212992K
}
Event: 24.822 GC heap after
{Heap after GC invocations=69 (full 0):
 garbage-first heap   total 278528K, used 169528K [0x00000000e0000000, 0x0000000100000000)
  region size 1024K, 9 young (9216K), 9 survivors (9216K)
 Metaspace       used 169848K, committed 172224K, reserved 409600K
  class space    used 22773K, committed 23936K, reserved 212992K
}
Event: 24.962 GC heap before
{Heap before GC invocations=69 (full 0):
 garbage-first heap   total 278528K, used 178744K [0x00000000e0000000, 0x0000000100000000)
  region size 1024K, 20 young (20480K), 9 survivors (9216K)
 Metaspace       used 170173K, committed 172608K, reserved 409600K
  class space    used 22827K, committed 24000K, reserved 212992K
}
Event: 24.972 GC heap after
{Heap after GC invocations=70 (full 0):
 garbage-first heap   total 278528K, used 171819K [0x00000000e0000000, 0x0000000100000000)
  region size 1024K, 3 young (3072K), 3 survivors (3072K)
 Metaspace       used 170173K, committed 172608K, reserved 409600K
  class space    used 22827K, committed 24000K, reserved 212992K
}

Dll operation events (3 events):
Event: 0.038 Loaded shared library C:\Program Files\Android\Android Studio\jbr\bin\java.dll
Event: 0.042 Loaded shared library C:\Program Files\Android\Android Studio\jbr\bin\zip.dll
Event: 0.525 Loaded shared library C:\Program Files\Android\Android Studio\jbr\bin\verify.dll

Deoptimization events (20 events):
Event: 26.218 Thread 0x00000220ff4e7640 DEOPT PACKING pc=0x0000022081e5153c sp=0x000000490b4f8fc0
Event: 26.218 Thread 0x00000220ff4e7640 DEOPT UNPACKING pc=0x0000022087584b42 sp=0x000000490b4f8518 mode 0
Event: 26.218 Thread 0x00000220ff4e7640 DEOPT PACKING pc=0x0000022081e5153c sp=0x000000490b4f8fe0
Event: 26.218 Thread 0x00000220ff4e7640 DEOPT UNPACKING pc=0x0000022087584b42 sp=0x000000490b4f8538 mode 0
Event: 26.219 Thread 0x00000220ff4e7640 DEOPT PACKING pc=0x0000022081e5153c sp=0x000000490b4f8cb0
Event: 26.219 Thread 0x00000220ff4e7640 DEOPT UNPACKING pc=0x0000022087584b42 sp=0x000000490b4f8208 mode 0
Event: 26.220 Thread 0x00000220ff4e7640 DEOPT PACKING pc=0x0000022081e5153c sp=0x000000490b4f8fc0
Event: 26.220 Thread 0x00000220ff4e7640 DEOPT UNPACKING pc=0x0000022087584b42 sp=0x000000490b4f8518 mode 0
Event: 26.221 Thread 0x00000220ff4e7640 DEOPT PACKING pc=0x0000022081e5153c sp=0x000000490b4f8f40
Event: 26.221 Thread 0x00000220ff4e7640 DEOPT UNPACKING pc=0x0000022087584b42 sp=0x000000490b4f8498 mode 0
Event: 26.222 Thread 0x00000220ff4e7640 DEOPT PACKING pc=0x0000022081e5153c sp=0x000000490b4f8e80
Event: 26.222 Thread 0x00000220ff4e7640 DEOPT UNPACKING pc=0x0000022087584b42 sp=0x000000490b4f83d8 mode 0
Event: 26.223 Thread 0x00000220ff4e7640 DEOPT PACKING pc=0x0000022081e5153c sp=0x000000490b4f8fc0
Event: 26.223 Thread 0x00000220ff4e7640 DEOPT UNPACKING pc=0x0000022087584b42 sp=0x000000490b4f8518 mode 0
Event: 26.223 Thread 0x00000220ff4e7640 DEOPT PACKING pc=0x0000022081e5153c sp=0x000000490b4f8fc0
Event: 26.223 Thread 0x00000220ff4e7640 DEOPT UNPACKING pc=0x0000022087584b42 sp=0x000000490b4f8518 mode 0
Event: 26.224 Thread 0x00000220ff4e7640 DEOPT PACKING pc=0x0000022081e5153c sp=0x000000490b4f8cb0
Event: 26.224 Thread 0x00000220ff4e7640 DEOPT UNPACKING pc=0x0000022087584b42 sp=0x000000490b4f8208 mode 0
Event: 26.224 Thread 0x00000220ff4e7640 DEOPT PACKING pc=0x0000022081e5153c sp=0x000000490b4f8cb0
Event: 26.224 Thread 0x00000220ff4e7640 DEOPT UNPACKING pc=0x0000022087584b42 sp=0x000000490b4f8208 mode 0

Classes loaded (20 events):
Event: 28.276 Loading class com/sun/org/apache/xerces/internal/dom/NamedNodeMapImpl done
Event: 28.276 Loading class com/sun/org/apache/xerces/internal/dom/AttributeMap done
Event: 28.276 Loading class com/sun/org/apache/xerces/internal/dom/DeferredAttrNSImpl
Event: 28.277 Loading class com/sun/org/apache/xerces/internal/dom/AttrNSImpl
Event: 28.277 Loading class com/sun/org/apache/xerces/internal/dom/AttrImpl
Event: 28.278 Loading class com/sun/org/apache/xerces/internal/dom/AttrImpl done
Event: 28.278 Loading class com/sun/org/apache/xerces/internal/dom/AttrNSImpl done
Event: 28.278 Loading class com/sun/org/apache/xerces/internal/dom/DeferredAttrNSImpl done
Event: 30.404 Loading class com/sun/org/apache/xerces/internal/dom/DeferredTextImpl
Event: 30.404 Loading class com/sun/org/apache/xerces/internal/dom/TextImpl
Event: 30.404 Loading class org/w3c/dom/CharacterData
Event: 30.405 Loading class org/w3c/dom/CharacterData done
Event: 30.405 Loading class org/w3c/dom/Text
Event: 30.405 Loading class org/w3c/dom/Text done
Event: 30.405 Loading class com/sun/org/apache/xerces/internal/dom/CharacterDataImpl
Event: 30.405 Loading class com/sun/org/apache/xerces/internal/dom/CharacterDataImpl done
Event: 30.405 Loading class com/sun/org/apache/xerces/internal/dom/TextImpl done
Event: 30.405 Loading class com/sun/org/apache/xerces/internal/dom/DeferredTextImpl done
Event: 30.405 Loading class com/sun/org/apache/xerces/internal/dom/CharacterDataImpl$1
Event: 30.405 Loading class com/sun/org/apache/xerces/internal/dom/CharacterDataImpl$1 done

Classes unloaded (0 events):
No events

Classes redefined (0 events):
No events

Internal exceptions (20 events):
Event: 30.403 Thread 0x00000220ff4e7640 Exception <a 'sun/nio/fs/WindowsException'{0x00000000f118dd00}> (0x00000000f118dd00) 
thrown [s\src\hotspot\share\prims\jni.cpp, line 537]
Event: 32.433 Thread 0x00000220ff4e7640 Exception <a 'sun/nio/fs/WindowsException'{0x00000000f11a8a70}> (0x00000000f11a8a70) 
thrown [s\src\hotspot\share\prims\jni.cpp, line 537]
Event: 32.435 Thread 0x00000220ff4e7640 Exception <a 'sun/nio/fs/WindowsException'{0x00000000f11b4c30}> (0x00000000f11b4c30) 
thrown [s\src\hotspot\share\prims\jni.cpp, line 537]
Event: 32.436 Thread 0x00000220ff4e7640 Exception <a 'sun/nio/fs/WindowsException'{0x00000000f11c0d60}> (0x00000000f11c0d60) 
thrown [s\src\hotspot\share\prims\jni.cpp, line 537]
Event: 32.436 Thread 0x00000220ff4e7640 Exception <a 'sun/nio/fs/WindowsException'{0x00000000f11ce518}> (0x00000000f11ce518) 
thrown [s\src\hotspot\share\prims\jni.cpp, line 537]
Event: 32.437 Thread 0x00000220ff4e7640 Exception <a 'sun/nio/fs/WindowsException'{0x00000000f11db630}> (0x00000000f11db630) 
thrown [s\src\hotspot\share\prims\jni.cpp, line 537]
Event: 32.438 Thread 0x00000220ff4e7640 Exception <a 'sun/nio/fs/WindowsException'{0x00000000f11e7520}> (0x00000000f11e7520) 
thrown [s\src\hotspot\share\prims\jni.cpp, line 537]
Event: 32.438 Thread 0x00000220ff4e7640 Exception <a 'sun/nio/fs/WindowsException'{0x00000000f11fb458}> (0x00000000f11fb458) 
thrown [s\src\hotspot\share\prims\jni.cpp, line 537]
Event: 32.439 Thread 0x00000220ff4e7640 Exception <a 'sun/nio/fs/WindowsException'{0x00000000f1007800}> (0x00000000f1007800) 
thrown [s\src\hotspot\share\prims\jni.cpp, line 537]
Event: 32.439 Thread 0x00000220ff4e7640 Exception <a 'sun/nio/fs/WindowsException'{0x00000000f1014c30}> (0x00000000f1014c30) 
thrown [s\src\hotspot\share\prims\jni.cpp, line 537]
Event: 32.673 Thread 0x00000220fe05d970 Exception <a 'sun/nio/fs/WindowsException'{0x00000000f1055590}> (0x00000000f1055590) 
thrown [s\src\hotspot\share\prims\jni.cpp, line 537]
Event: 32.675 Thread 0x00000220fe05d970 Exception <a 'sun/nio/fs/WindowsException'{0x00000000f1063260}> (0x00000000f1063260) 
thrown [s\src\hotspot\share\prims\jni.cpp, line 537]
Event: 32.675 Thread 0x00000220fe05d970 Exception <a 'sun/nio/fs/WindowsException'{0x00000000f1064720}> (0x00000000f1064720) 
thrown [s\src\hotspot\share\prims\jni.cpp, line 537]
Event: 32.676 Thread 0x00000220fe05d970 Exception <a 'sun/nio/fs/WindowsException'{0x00000000f1073010}> (0x00000000f1073010) 
thrown [s\src\hotspot\share\prims\jni.cpp, line 537]
Event: 34.445 Thread 0x00000220ff4e7640 Exception <a 'sun/nio/fs/WindowsException'{0x00000000f1022100}> (0x00000000f1022100) 
thrown [s\src\hotspot\share\prims\jni.cpp, line 537]
Event: 35.446 Thread 0x00000220ff4e7640 Exception <a 'sun/nio/fs/WindowsException'{0x00000000f102e020}> (0x00000000f102e020) 
thrown [s\src\hotspot\share\prims\jni.cpp, line 537]
Event: 35.447 Thread 0x00000220ff4e7640 Exception <a 'sun/nio/fs/WindowsException'{0x00000000f103a2c0}> (0x00000000f103a2c0) 
thrown [s\src\hotspot\share\prims\jni.cpp, line 537]
Event: 35.447 Thread 0x00000220ff4e7640 Exception <a 'sun/nio/fs/WindowsException'{0x00000000f10464b0}> (0x00000000f10464b0) 
thrown [s\src\hotspot\share\prims\jni.cpp, line 537]
Event: 35.448 Thread 0x00000220ff4e7640 Exception <a 'sun/nio/fs/WindowsException'{0x00000000f1090740}> (0x00000000f1090740) 
thrown [s\src\hotspot\share\prims\jni.cpp, line 537]
Event: 35.448 Thread 0x00000220ff4e7640 Exception <a 'sun/nio/fs/WindowsException'{0x00000000f109c650}> (0x00000000f109c650) 
thrown [s\src\hotspot\share\prims\jni.cpp, line 537]

ZGC Phase Switch (0 events):
No events

VM Operations (20 events):
Event: 24.846 Executing non-safepoint VM operation: HandshakeAllThreads (Deoptimize)
Event: 24.846 Executing non-safepoint VM operation: HandshakeAllThreads (Deoptimize) done
Event: 24.962 Executing safepoint VM operation: G1TryInitiateConcMark (G1 Humongous Allocation)
Event: 24.972 Executing safepoint VM operation: G1TryInitiateConcMark (G1 Humongous Allocation) done
Event: 25.122 Executing safepoint VM operation: G1PauseRemark
Event: 26.136 Executing safepoint VM operation: G1PauseRemark done
Event: 26.222 Executing safepoint VM operation: G1PauseCleanup
Event: 26.222 Executing safepoint VM operation: G1PauseCleanup done
Event: 27.225 Executing safepoint VM operation: Cleanup
Event: 27.256 Executing safepoint VM operation: Cleanup done
Event: 27.261 Executing non-safepoint VM operation: HandshakeAllThreads (Deoptimize)
Event: 27.261 Executing non-safepoint VM operation: HandshakeAllThreads (Deoptimize) done
Event: 27.263 Executing non-safepoint VM operation: HandshakeAllThreads (Deoptimize)
Event: 27.263 Executing non-safepoint VM operation: HandshakeAllThreads (Deoptimize) done
Event: 28.272 Executing safepoint VM operation: Cleanup
Event: 28.273 Executing safepoint VM operation: Cleanup done
Event: 29.286 Executing safepoint VM operation: Cleanup
Event: 29.366 Executing safepoint VM operation: Cleanup done
Event: 35.397 Executing safepoint VM operation: Cleanup
Event: 35.397 Executing safepoint VM operation: Cleanup done

Memory protections (0 events):
No events

Nmethod flushes (20 events):
Event: 25.130 Thread 0x00000220f75e2d10 flushing  nmethod 0x000002208088d310
Event: 25.130 Thread 0x00000220f75e2d10 flushing  nmethod 0x0000022080afb390
Event: 25.130 Thread 0x00000220f75e2d10 flushing  nmethod 0x0000022081a12a90
Event: 25.130 Thread 0x00000220f75e2d10 flushing  nmethod 0x000002208080a090
Event: 25.130 Thread 0x00000220f75e2d10 flushing  nmethod 0x00000220808b3290
Event: 25.130 Thread 0x00000220f75e2d10 flushing  nmethod 0x0000022080996d90
Event: 25.130 Thread 0x00000220f75e2d10 flushing  nmethod 0x0000022080997f10
Event: 25.130 Thread 0x00000220f75e2d10 flushing  nmethod 0x00000220809d7610
Event: 25.130 Thread 0x00000220f75e2d10 flushing  nmethod 0x0000022080b71410
Event: 25.130 Thread 0x00000220f75e2d10 flushing  nmethod 0x0000022080c60610
Event: 25.130 Thread 0x00000220f75e2d10 flushing  nmethod 0x0000022080d8e910
Event: 25.130 Thread 0x00000220f75e2d10 flushing  nmethod 0x00000220810db710
Event: 25.130 Thread 0x00000220f75e2d10 flushing  nmethod 0x00000220811a1b90
Event: 25.130 Thread 0x00000220f75e2d10 flushing  nmethod 0x00000220811a4690
Event: 25.130 Thread 0x00000220f75e2d10 flushing  nmethod 0x000002208127f910
Event: 25.130 Thread 0x00000220f75e2d10 flushing  nmethod 0x00000220812ba010
Event: 25.130 Thread 0x00000220f75e2d10 flushing  nmethod 0x0000022081305e90
Event: 25.130 Thread 0x00000220f75e2d10 flushing  nmethod 0x00000220813e7890
Event: 25.130 Thread 0x00000220f75e2d10 flushing  nmethod 0x00000220813e7c10
Event: 25.130 Thread 0x00000220f75e2d10 flushing  nmethod 0x00000220818af910

Events (20 events):
Event: 6.165 Thread 0x00000220fcbf6020 Thread added: 0x00000220feaf9e90
Event: 6.165 Thread 0x00000220fcbf6020 Thread added: 0x00000220feaf7dc0
Event: 6.165 Thread 0x00000220fcbf6020 Thread added: 0x00000220feaf8ae0
Event: 6.166 Thread 0x00000220fcbf6020 Thread added: 0x00000220feaf9170
Event: 6.166 Thread 0x00000220fcbf6020 Thread added: 0x00000220feaf6a10
Event: 6.628 Thread 0x00000220fcbf6020 Thread added: 0x00000220feafa520
Event: 6.769 Thread 0x00000220f77d4b80 Thread added: 0x00000220f77ddc80
Event: 7.218 Thread 0x00000220fcbf6020 Thread added: 0x000002208f2dd9e0
Event: 7.794 Thread 0x00000220fcbf6020 Thread added: 0x000002208f2df420
Event: 8.518 Thread 0x00000220fcbf6020 Thread added: 0x000002208f2de070
Event: 9.310 Thread 0x00000220f77ddc80 Thread exited: 0x00000220f77ddc80
Event: 15.361 Thread 0x00000220fcbf6020 Thread added: 0x0000022090e2c060
Event: 15.809 Thread 0x00000220fcbf6020 Thread added: 0x0000022090e2cd80
Event: 17.099 Thread 0x00000220fcbf6020 Thread added: 0x0000022098240090
Event: 23.469 Thread 0x00000220fcbf6020 Thread added: 0x00000220ff4e7640
Event: 23.477 Thread 0x00000220ff4e7640 Thread added: 0x00000220ff4e5570
Event: 23.497 Thread 0x00000220ff4e7640 Thread added: 0x00000220ff4e5c00
Event: 23.956 Thread 0x00000220ff4e7640 Thread added: 0x00000220ff4e6290
Event: 24.670 Thread 0x00000220ff4e7640 Thread added: 0x00000220ff4e6fb0
Event: 29.373 Thread 0x00000220f77dd5b0 Thread added: 0x000002209a74abe0


Dynamic libraries:
0x00007ff79f0b0000 - 0x00007ff79f0ba000 	C:\Program Files\Android\Android Studio\jbr\bin\java.exe
0x00007ffbe0ac0000 - 0x00007ffbe0d27000 	C:\WINDOWS\SYSTEM32\ntdll.dll
0x00007ffbdea30000 - 0x00007ffbdeaf9000 	C:\WINDOWS\System32\KERNEL32.DLL
0x00007ffbdd7a0000 - 0x00007ffbddb97000 	C:\WINDOWS\System32\KERNELBASE.dll
0x00007ffbdada0000 - 0x00007ffbdae40000 	C:\WINDOWS\SYSTEM32\apphelp.dll
0x00007ffbddc50000 - 0x00007ffbddd9b000 	C:\WINDOWS\System32\ucrtbase.dll
0x00007ffbc84b0000 - 0x00007ffbc84cb000 	C:\Program Files\Android\Android Studio\jbr\bin\VCRUNTIME140.dll
0x00007ffbbce10000 - 0x00007ffbbce28000 	C:\Program Files\Android\Android Studio\jbr\bin\jli.dll
0x00007ffbe0830000 - 0x00007ffbe09f6000 	C:\WINDOWS\System32\USER32.dll
0x00007ffbc93e0000 - 0x00007ffbc9672000 	C:\WINDOWS\WinSxS\amd64_microsoft.windows.common-controls_6595b64144ccf1df_6.0.26100.8457_none_3e0b2faee331e92d\COMCTL32.dll
0x00007ffbdde60000 - 0x00007ffbdde87000 	C:\WINDOWS\System32\win32u.dll
0x00007ffbe0800000 - 0x00007ffbe082b000 	C:\WINDOWS\System32\GDI32.dll
0x00007ffbdf510000 - 0x00007ffbdf5b9000 	C:\WINDOWS\System32\msvcrt.dll
0x00007ffbdd4f0000 - 0x00007ffbdd61c000 	C:\WINDOWS\System32\gdi32full.dll
0x00007ffbddba0000 - 0x00007ffbddc43000 	C:\WINDOWS\System32\msvcp_win.dll
0x00007ffbdf4a0000 - 0x00007ffbdf4d2000 	C:\WINDOWS\System32\IMM32.DLL
0x00007ffbd2670000 - 0x00007ffbd267c000 	C:\Program Files\Android\Android Studio\jbr\bin\vcruntime140_1.dll
0x00007ffb9ed40000 - 0x00007ffb9edcd000 	C:\Program Files\Android\Android Studio\jbr\bin\msvcp140.dll
0x00007ffb39d90000 - 0x00007ffb3aa26000 	C:\Program Files\Android\Android Studio\jbr\bin\server\jvm.dll
0x00007ffbdf320000 - 0x00007ffbdf3d6000 	C:\WINDOWS\System32\ADVAPI32.dll
0x00007ffbdf3e0000 - 0x00007ffbdf487000 	C:\WINDOWS\System32\sechost.dll
0x00007ffbdfbf0000 - 0x00007ffbdfd08000 	C:\WINDOWS\System32\RPCRT4.dll
0x00007ffbdf810000 - 0x00007ffbdf890000 	C:\WINDOWS\System32\WS2_32.dll
0x00007ffbdd350000 - 0x00007ffbdd3ae000 	C:\WINDOWS\SYSTEM32\POWRPROF.dll
0x00007ffbc9c90000 - 0x00007ffbc9cc6000 	C:\WINDOWS\SYSTEM32\WINMM.dll
0x00007ffbd7b70000 - 0x00007ffbd7b7b000 	C:\WINDOWS\SYSTEM32\VERSION.dll
0x00007ffbdd330000 - 0x00007ffbdd344000 	C:\WINDOWS\SYSTEM32\UMPDC.dll
0x00007ffbdc280000 - 0x00007ffbdc29b000 	C:\WINDOWS\SYSTEM32\kernel.appcore.dll
0x00007ffbd2650000 - 0x00007ffbd265a000 	C:\Program Files\Android\Android Studio\jbr\bin\jimage.dll
0x00007ffbcc750000 - 0x00007ffbcc992000 	C:\WINDOWS\SYSTEM32\DBGHELP.DLL
0x00007ffbdeb00000 - 0x00007ffbdee83000 	C:\WINDOWS\System32\combase.dll
0x00007ffbdfb00000 - 0x00007ffbdfbd9000 	C:\WINDOWS\System32\OLEAUT32.dll
0x00007ffbb9f00000 - 0x00007ffbb9f3b000 	C:\WINDOWS\SYSTEM32\dbgcore.DLL
0x00007ffbde700000 - 0x00007ffbde7a8000 	C:\WINDOWS\System32\bcryptPrimitives.dll
0x00007ffbbd720000 - 0x00007ffbbd72e000 	C:\Program Files\Android\Android Studio\jbr\bin\instrument.dll
0x00007ffbba4b0000 - 0x00007ffbba4d0000 	C:\Program Files\Android\Android Studio\jbr\bin\java.dll
0x00007ffbba280000 - 0x00007ffbba298000 	C:\Program Files\Android\Android Studio\jbr\bin\zip.dll
0x00007ffbdfd10000 - 0x00007ffbe047e000 	C:\WINDOWS\System32\SHELL32.dll
0x00007ffbdde90000 - 0x00007ffbde6fc000 	C:\WINDOWS\System32\windows.storage.dll
0x00007ffbdf5e0000 - 0x00007ffbdf6d6000 	C:\WINDOWS\System32\SHCORE.dll
0x00007ffbdf7a0000 - 0x00007ffbdf806000 	C:\WINDOWS\System32\shlwapi.dll
0x00007ffbdd410000 - 0x00007ffbdd439000 	C:\WINDOWS\SYSTEM32\profapi.dll
0x00007ffbd1ec0000 - 0x00007ffbd1ed0000 	C:\Program Files\Android\Android Studio\jbr\bin\net.dll
0x00007ffbd5920000 - 0x00007ffbd5a49000 	C:\WINDOWS\SYSTEM32\WINHTTP.dll
0x00007ffbdc7f0000 - 0x00007ffbdc85c000 	C:\WINDOWS\system32\mswsock.dll
0x00007ffbb9360000 - 0x00007ffbb9376000 	C:\Program Files\Android\Android Studio\jbr\bin\nio.dll
0x00007ffbc3590000 - 0x00007ffbc35a0000 	C:\Program Files\Android\Android Studio\jbr\bin\verify.dll
0x00007ffbba4e0000 - 0x00007ffbba507000 	C:\Users\gyral\.gradle\native\c067742578af261105cb4f569cf0c3c89f3d7b1fecec35dd04571415982c5e48\windows-amd64\native-platform.dll
0x00007ffb6c7a0000 - 0x00007ffb6c8e4000 	C:\Users\gyral\.gradle\native\38dada09dfb8b06ba9b0570ebf7e218e3eb74d4ef43ca46872605cf95ebc2f47\windows-amd64\native-platform-file-events.dll
0x00007ffbd0a30000 - 0x00007ffbd0a39000 	C:\Program Files\Android\Android Studio\jbr\bin\management.dll
0x00007ffbc8430000 - 0x00007ffbc843b000 	C:\Program Files\Android\Android Studio\jbr\bin\management_ext.dll
0x00007ffbe0490000 - 0x00007ffbe0498000 	C:\WINDOWS\System32\PSAPI.DLL
0x00007ffbdcad0000 - 0x00007ffbdcaeb000 	C:\WINDOWS\SYSTEM32\CRYPTSP.dll
0x00007ffbdc1e0000 - 0x00007ffbdc219000 	C:\WINDOWS\system32\rsaenh.dll
0x00007ffbdc8a0000 - 0x00007ffbdc8d3000 	C:\WINDOWS\SYSTEM32\USERENV.dll
0x00007ffbdd3e0000 - 0x00007ffbdd40a000 	C:\WINDOWS\SYSTEM32\bcrypt.dll
0x00007ffbdcaf0000 - 0x00007ffbdcafc000 	C:\WINDOWS\SYSTEM32\CRYPTBASE.dll
0x00007ffbdbc90000 - 0x00007ffbdbcc2000 	C:\WINDOWS\SYSTEM32\IPHLPAPI.DLL
0x00007ffbdf490000 - 0x00007ffbdf49a000 	C:\WINDOWS\System32\NSI.dll
0x00007ffbd1ea0000 - 0x00007ffbd1ea9000 	C:\Program Files\Android\Android Studio\jbr\bin\extnet.dll
0x00007ffb9ce00000 - 0x00007ffb9ce08000 	C:\WINDOWS\system32\wshunix.dll
0x00007ffb88d50000 - 0x00007ffb88d68000 	C:\WINDOWS\system32\napinsp.dll
0x00007ffbdbd20000 - 0x00007ffbdbe52000 	C:\WINDOWS\SYSTEM32\DNSAPI.dll
0x00007ffb88d30000 - 0x00007ffb88d43000 	C:\WINDOWS\System32\winrnr.dll
0x00007ffb88d70000 - 0x00007ffb88d92000 	C:\WINDOWS\system32\nlansp_c.dll
0x00007ffba8fb0000 - 0x00007ffba8fc6000 	C:\WINDOWS\system32\wshbth.dll
0x000000005ffd0000 - 0x000000005fff6000 	C:\Program Files\Bonjour\mdnsNSP.dll
0x00007ffbd1800000 - 0x00007ffbd180b000 	C:\Windows\System32\rasadhlp.dll
0x00007ffbd2c30000 - 0x00007ffbd2cb6000 	C:\WINDOWS\System32\fwpuclnt.dll

JVMTI agents:
C:\Users\gyral\.gradle\wrapper\dists\gradle-8.4-bin\1w5dpkrfk8irigvoxmyhowfim\gradle-8.4\lib\agents\gradle-instrumentation-agent-8.4.jar path:C:\Program Files\Android\Android Studio\jbr\bin\instrument.dll, loaded, initialized, instrumentlib options:none

dbghelp: loaded successfully - version: 4.0.5 - missing functions: none
symbol engine: initialized successfully - sym options: 0x614 - pdb path: .;C:\Program Files\Android\Android Studio\jbr\bin;C:\WINDOWS\SYSTEM32;C:\WINDOWS\WinSxS\amd64_microsoft.windows.common-controls_6595b64144ccf1df_6.0.26100.8457_none_3e0b2faee331e92d;C:\Program Files\Android\Android Studio\jbr\bin\server;C:\Users\gyral\.gradle\native\c067742578af261105cb4f569cf0c3c89f3d7b1fecec35dd04571415982c5e48\windows-amd64;C:\Users\gyral\.gradle\native\38dada09dfb8b06ba9b0570ebf7e218e3eb74d4ef43ca46872605cf95ebc2f47\windows-amd64;C:\Program Files\Bonjour

VM Arguments:
jvm_args: -XX:MaxMetaspaceSize=256m --add-opens=java.base/java.util=ALL-UNNAMED --add-opens=java.base/java.lang=ALL-UNNAMED --add-opens=java.base/java.lang.invoke=ALL-UNNAMED --add-opens=java.prefs/java.util.prefs=ALL-UNNAMED --add-opens=java.base/java.nio.charset=ALL-UNNAMED --add-opens=java.base/java.net=ALL-UNNAMED --add-opens=java.base/java.util.concurrent.atomic=ALL-UNNAMED -Xmx512m -Dfile.encoding=UTF-8 -Duser.country=US -Duser.language=en -Duser.variant -javaagent:C:\Users\gyral\.gradle\wrapper\dists\gradle-8.4-bin\1w5dpkrfk8irigvoxmyhowfim\gradle-8.4\lib\agents\gradle-instrumentation-agent-8.4.jar 
java_command: org.gradle.launcher.daemon.bootstrap.GradleDaemon 8.4
java_class_path (initial): C:\Users\gyral\.gradle\wrapper\dists\gradle-8.4-bin\1w5dpkrfk8irigvoxmyhowfim\gradle-8.4\lib\gradle-launcher-8.4.jar
Launcher Type: SUN_STANDARD

[Global flags]
     intx CICompilerCount                          = 4                                         {product} {ergonomic}
   size_t CompressedClassSpaceSize                 = 218103808                                 {product} {ergonomic}
     uint ConcGCThreads                            = 2                                         {product} {ergonomic}
     uint G1ConcRefinementThreads                  = 8                                         {product} {ergonomic}
   size_t G1HeapRegionSize                         = 1048576                                   {product} {ergonomic}
    uintx GCDrainStackTargetSize                   = 64                                        {product} {ergonomic}
   size_t InitialHeapSize                          = 65011712                                  {product} {ergonomic}
   size_t MarkStackSize                            = 4194304                                   {product} {ergonomic}
   size_t MaxHeapSize                              = 536870912                                 {product} {command line}
   size_t MaxMetaspaceSize                         = 268435456                                 {product} {command line}
   size_t MaxNewSize                               = 321912832                                 {product} {ergonomic}
   size_t MinHeapDeltaBytes                        = 1048576                                   {product} {ergonomic}
   size_t MinHeapSize                              = 8388608                                   {product} {ergonomic}
    uintx NonNMethodCodeHeapSize                   = 5839372                                {pd product} {ergonomic}
    uintx NonProfiledCodeHeapSize                  = 122909434                              {pd product} {ergonomic}
    uintx ProfiledCodeHeapSize                     = 122909434                              {pd product} {ergonomic}
    uintx ReservedCodeCacheSize                    = 251658240                              {pd product} {ergonomic}
     bool SegmentedCodeCache                       = true                                      {product} {ergonomic}
   size_t SoftMaxHeapSize                          = 536870912                              {manageable} {ergonomic}
     bool UseCompressedOops                        = true                           {product lp64_product} {ergonomic}
     bool UseG1GC                                  = true                                      {product} {ergonomic}
     bool UseLargePagesIndividualAllocation        = false                                  {pd product} {ergonomic}

Logging:
Log output configuration:
 #0: stdout all=warning uptime,level,tags foldmultilines=false
 #1: stderr all=off uptime,level,tags foldmultilines=false

Release file:
JAVA_VERSION="21.0.10" 
MODULES="java.base java.compiler java.datatransfer java.xml java.prefs java.desktop java.instrument java.logging java.management java.security.sasl java.naming java.rmi java.management.rmi java.net.http java.scripting java.security.jgss java.transaction.xa java.sql java.sql.rowset java.xml.crypto java.se java.smartcardio jdk.accessibility jdk.internal.jvmstat jdk.attach jdk.charsets jdk.internal.opt jdk.zipfs jdk.compiler jdk.crypto.ec jdk.crypto.cryptoki jdk.dynalink jdk.hotspot.agent jdk.httpserver jdk.internal.ed jdk.internal.le jdk.internal.vm.ci jdk.jartool jdk.javadoc jdk.jcmd jdk.jdeps jdk.jdwp.agent jdk.jdi jdk.jfr jdk.jlink jdk.jsobject jdk.localedata jdk.management jdk.management.agent jdk.management.jfr jdk.naming.dns jdk.naming.rmi jdk.net jdk.sctp jdk.security.auth jdk.security.jgss jdk.unsupported jdk.unsupported.desktop jdk.xml.dom" 
IMPLEMENTOR="JetBrains s.r.o." 
JAVA_RUNTIME_VERSION="21.0.10+-14961533-b1163.108" 
LIBC="default" 
OS_ARCH="x86_64" 
OS_NAME="Windows" 
SOURCE=".:git:1351622c2ff2" 

Environment Variables:
PATH=C:\Program Files\Common Files\Oracle\Java\javapath;C:\WINDOWS\system32;C:\WINDOWS;C:\WINDOWS\System32\Wbem;C:\WINDOWS\System32\WindowsPowerShell\v1.0\;C:\WINDOWS\System32\OpenSSH\;C:\Program Files\nodejs\;C:\ProgramData\chocolatey\bin;C:\Users\gyral\Downloads\apache-maven-3.9.11\bin;C:\Program Files\Git\cmd;C:\Program Files\MySQL\MySQL Shell 8.0\bin\;C:\Users\gyral\AppData\Local\Programs\Python\Launcher\;C:\Users\gyral\AppData\Local\Microsoft\WindowsApps;C:\Users\gyral\AppData\Local\Programs\Microsoft VS Code\bin;C:\Users\gyral\AppData\Local\JetBrains\Toolbox\scripts;;C:\Program Files\JetBrains\PyCharm 2025.1.2\bin;;C:\Users\gyral\AppData\Roaming\npm;C:\Users\gyral\AppData\Local\Programs\Antigravity IDE\bin
USERNAME=gyral
OS=Windows_NT
PROCESSOR_IDENTIFIER=Intel64 Family 6 Model 142 Stepping 12, GenuineIntel
TMP=C:\Users\gyral\AppData\Local\Temp
TEMP=C:\Users\gyral\AppData\Local\Temp




Periodic native trim disabled

JNI global refs:
JNI global refs: 28, weak refs: 34

JNI global refs memory usage: 835, weak refs: 833

Process memory usage:
Resident Set Size: 588768K (14% of 3996148K total physical memory with 305948K free physical memory)

OOME stack traces (most recent first):
Classloader memory used:
Loader org.gradle.internal.classloader.VisitableURLClassLoader                         : 100351K
Loader bootstrap                                                                       : 31046K
Loader org.gradle.internal.classloader.VisitableURLClassLoader$InstrumentingVisitableURLClassLoader: 28519K
Loader org.gradle.initialization.MixInLegacyTypesClassLoader                           : 10889K
Loader jdk.internal.loader.ClassLoaders$PlatformClassLoader                            : 520K
Loader jdk.internal.jrtfs.JrtFileSystemProvider$JrtFsLoader                            : 339K
Loader jdk.internal.reflect.DelegatingClassLoader                                      : 274K
Loader jdk.internal.loader.ClassLoaders$AppClassLoader                                 : 227K
Loader org.gradle.groovy.scripts.internal.DefaultScriptCompilationHandler$ScriptClassLoader: 136K
Loader org.gradle.internal.classloader.VisitableURLClassLoader                         : 95840B
Loader org.codehaus.groovy.runtime.callsite.CallSiteClassLoader                        : 27480B
Loader sun.reflect.misc.MethodUtil                                                     : 2984B

Classes loaded by more than one classloader:
Class Program                                                                         : loaded 5 times (x 72B)
Class Build_gradle                                                                    : loaded 3 times (x 130B)
Class Build_gradle$1                                                                  : loaded 3 times (x 74B)
Class org.gradle.internal.classloader.FilteringClassLoader                            : loaded 2 times (x 105B)
Class [Lcom.google.common.base.AbstractIterator$State;                                : loaded 2 times (x 69B)
Class com.google.common.base.CharMatcher$IsEither                                     : loaded 2 times (x 111B)
Class jdk.internal.jimage.BasicImageReader                                            : loaded 2 times (x 95B)
Class org.gradle.internal.classloader.ClassLoaderHierarchy                            : loaded 2 times (x 70B)
Class com.google.common.collect.ImmutableEnumSet                                      : loaded 2 times (x 146B)
Class com.google.common.util.concurrent.ExecutionError                                : loaded 2 times (x 82B)
Class com.google.common.collect.ImmutableList$1                                       : loaded 2 times (x 97B)
Class org.gradle.api.internal.classpath.ManifestUtil                                  : loaded 2 times (x 71B)
Class com.google.common.collect.RegularImmutableMap                                   : loaded 2 times (x 121B)
Class com.google.common.collect.ImmutableMap$MapViewOfValuesAsSingletonSets           : loaded 2 times (x 125B)
Class [Lorg.objectweb.asm.Symbol;                                                     : loaded 2 times (x 69B)
Class org.objectweb.asm.ClassVisitor                                                  : loaded 2 times (x 88B)
Class com.google.common.collect.UnmodifiableListIterator                              : loaded 2 times (x 95B)
Class jdk.internal.jimage.decompressor.StringSharingDecompressorFactory               : loaded 2 times (x 74B)
Class org.objectweb.asm.MethodTooLargeException                                       : loaded 2 times (x 83B)
Class [Lcom.google.common.cache.CacheBuilder$OneWeigher;                              : loaded 2 times (x 69B)
Class com.google.common.base.Suppliers                                                : loaded 2 times (x 71B)
Class com.google.common.base.Platform$JdkPatternCompiler                              : loaded 2 times (x 75B)
Class org.gradle.internal.classloader.DefaultClassLoaderFactory                       : loaded 2 times (x 82B)
Class org.jetbrains.kotlin.config.LanguageVersionSettings                             : loaded 2 times (x 70B)
Class com.google.common.base.CharMatcher$None                                         : loaded 2 times (x 112B)
Class ijJvmDebugger1_7ho1mx1xflvhf5lv5r64nbndi$_run_closure1$_closure2                : loaded 2 times (x 140B)
Class org.gradle.internal.classloader.ClassLoaderVisitor                              : loaded 2 times (x 76B)
Class [Lcom.google.common.collect.ImmutableMapEntry;                                  : loaded 2 times (x 69B)
Class org.gradle.api.internal.classpath.EffectiveClassPath                            : loaded 2 times (x 90B)
Class com.google.common.collect.ImmutableRangeSet                                     : loaded 2 times (x 115B)
Class [Lorg.jetbrains.kotlin.config.LanguageOrApiVersion;                             : loaded 2 times (x 69B)
Class com.google.common.collect.ImmutableEnumMap                                      : loaded 2 times (x 125B)
Class com.google.common.collect.ListMultimap                                          : loaded 2 times (x 70B)
Class com.google.common.collect.Sets$1                                                : loaded 2 times (x 139B)
Class org.objectweb.asm.AnnotationVisitor                                             : loaded 2 times (x 78B)
Class com.google.common.base.Splitter                                                 : loaded 2 times (x 72B)
Class org.gradle.api.internal.DefaultClassPathProvider                                : loaded 2 times (x 76B)
Class com.google.common.collect.Sets$2                                                : loaded 2 times (x 139B)
Class [Lorg.gradle.api.internal.ClassPathProvider;                                    : loaded 2 times (x 69B)
Class org.gradle.api.internal.ClassPathProvider                                       : loaded 2 times (x 70B)
Class org.jetbrains.kotlin.cli.common.CompilerSystemProperties                        : loaded 2 times (x 80B)
Class org.jetbrains.kotlin.config.LanguageVersion$Companion                           : loaded 2 times (x 71B)
Class [Lorg.objectweb.asm.AnnotationVisitor;                                          : loaded 2 times (x 69B)
Class com.google.common.collect.Sets$3                                                : loaded 2 times (x 139B)
Class com.google.common.util.concurrent.AbstractFuture$SafeAtomicHelper               : loaded 2 times (x 79B)
Class com.google.common.cache.LocalCache$LocalLoadingCache                            : loaded 2 times (x 134B)
Class com.google.common.base.AbstractIterator$State                                   : loaded 2 times (x 79B)
Class jdk.internal.jrtfs.SystemImage                                                  : loaded 2 times (x 74B)
Class ijJvmDebugger1_7ho1mx1xflvhf5lv5r64nbndi                                        : loaded 2 times (x 179B)
Class org.gradle.internal.service.UnknownServiceException                             : loaded 2 times (x 83B)
Class com.google.common.collect.Sets$4                                                : loaded 2 times (x 139B)
Class org.objectweb.asm.ModuleVisitor                                                 : loaded 2 times (x 81B)
Class com.google.common.cache.LocalCache$Strength$1                                   : loaded 2 times (x 81B)
Class com.google.common.util.concurrent.SettableFuture                                : loaded 2 times (x 114B)
Class com.google.common.cache.LocalCache$Strength$2                                   : loaded 2 times (x 81B)
Class com.google.common.cache.LocalCache$Strength$3                                   : loaded 2 times (x 81B)
Class com.google.common.collect.MapDifference                                         : loaded 2 times (x 70B)
Class com.google.common.base.Splitter$1                                               : loaded 2 times (x 77B)
Class org.objectweb.asm.FieldWriter                                                   : loaded 2 times (x 78B)
Class com.google.common.cache.CacheBuilder$NullListener                               : loaded 2 times (x 82B)
Class org.gradle.internal.classpath.TransformedClassPath                              : loaded 2 times (x 96B)
Class com.google.common.collect.ImmutableRangeSet$AsSet                               : loaded 2 times (x 299B)
Class com.google.common.cache.CacheLoader$FunctionToCacheLoader                       : loaded 2 times (x 75B)
Class com.google.common.collect.Iterators$ArrayItr                                    : loaded 2 times (x 97B)
Class com.google.common.collect.ImmutableCollection$Builder                           : loaded 2 times (x 76B)
Class jdk.internal.jrtfs.SystemImage$1                                                : loaded 2 times (x 78B)
Class com.google.common.base.Joiner                                                   : loaded 2 times (x 79B)
Class com.google.common.base.MoreObjects                                              : loaded 2 times (x 71B)
Class jdk.internal.jrtfs.SystemImage$2                                                : loaded 2 times (x 76B)
Class org.jetbrains.kotlin.config.LanguageOrApiVersion                                : loaded 2 times (x 70B)
Class [Lorg.objectweb.asm.Type;                                                       : loaded 2 times (x 69B)
Class com.google.common.collect.Platform                                              : loaded 2 times (x 71B)
Class com.google.common.collect.UnmodifiableIterator                                  : loaded 2 times (x 80B)
Class org.gradle.internal.service.ServiceLocator                                      : loaded 2 times (x 70B)
Class com.google.common.base.Ascii                                                    : loaded 2 times (x 71B)
Class com.google.common.collect.SingletonImmutableBiMap                               : loaded 2 times (x 143B)
Class com.google.common.cache.LocalCache$1                                            : loaded 2 times (x 89B)
Class com.google.common.collect.AbstractMapEntry                                      : loaded 2 times (x 81B)
Class jdk.internal.jrtfs.JrtFileSystemProvider                                        : loaded 2 times (x 101B)
Class ijKotlinCoroutineJvmDebugInit1_1y6fked67iotatirchb4x916h$_run_closure1          : loaded 2 times (x 139B)
Class com.google.common.collect.Sets$ImprovedAbstractSet                              : loaded 2 times (x 135B)
Class com.google.common.collect.ImmutableList$Builder                                 : loaded 2 times (x 77B)
Class com.google.common.cache.LocalCache$2                                            : loaded 2 times (x 142B)
Class com.google.common.collect.AbstractMultimap                                      : loaded 2 times (x 123B)
Class com.google.common.collect.ImmutableRangeSet$1                                   : loaded 2 times (x 209B)
Class org.jetbrains.kotlin.config.MavenComparableVersion$IntegerItem                  : loaded 2 times (x 80B)
Class com.google.common.util.concurrent.AbstractFuture$UnsafeAtomicHelper$1           : loaded 2 times (x 76B)
Class com.google.common.collect.RegularImmutableAsList                                : loaded 2 times (x 216B)
Class com.google.common.collect.Range                                                 : loaded 2 times (x 87B)
Class com.google.common.util.concurrent.AbstractFuture$Trusted                        : loaded 2 times (x 70B)
Class com.google.common.collect.Iterators                                             : loaded 2 times (x 71B)
Class com.google.common.base.CharMatcher$RangesMatcher                                : loaded 2 times (x 112B)
Class com.google.common.util.concurrent.UncheckedExecutionException                   : loaded 2 times (x 82B)
Class com.google.common.collect.Lists$StringAsImmutableList                           : loaded 2 times (x 207B)
Class org.gradle.kotlin.dsl.VersionCatalogAccessorsKt                                 : loaded 2 times (x 71B)
Class jdk.internal.jimage.ImageLocation                                               : loaded 2 times (x 90B)
Class jdk.internal.jrtfs.JrtDirectoryStream$1                                         : loaded 2 times (x 83B)
Class com.google.common.collect.ImmutableSortedSetFauxverideShim                      : loaded 2 times (x 147B)
Class org.jetbrains.kotlin.config.MavenComparableVersion                              : loaded 2 times (x 78B)
Class com.google.common.base.CharMatcher$JavaLetterOrDigit                            : loaded 2 times (x 111B)
Class org.gradle.internal.InternalTransformer                                         : loaded 2 times (x 70B)
Class com.google.common.collect.AbstractMapBasedMultimap$KeySet$1                     : loaded 2 times (x 82B)
Class org.objectweb.asm.ClassWriter                                                   : loaded 2 times (x 106B)
Class com.google.common.cache.CacheLoader$UnsupportedLoadingOperationException        : loaded 2 times (x 82B)
Class com.google.common.base.CharMatcher$And                                          : loaded 2 times (x 112B)
Class jdk.internal.jimage.ImageBufferCache$1                                          : loaded 2 times (x 83B)
Class org.gradle.internal.classloader.ClasspathUtil$1                                 : loaded 2 times (x 76B)
Class com.google.common.base.Objects                                                  : loaded 2 times (x 71B)
Class org.objectweb.asm.FieldVisitor                                                  : loaded 2 times (x 77B)
Class com.google.common.collect.IndexedImmutableSet                                   : loaded 2 times (x 150B)
Class com.google.common.collect.ImmutableMap$1                                        : loaded 2 times (x 81B)
Class com.google.common.collect.BiMap                                                 : loaded 2 times (x 70B)
Class jdk.internal.jimage.ImageBufferCache$2                                          : loaded 2 times (x 91B)
Class org.gradle.api.internal.classpath.DefaultModuleRegistry$DefaultModule           : loaded 2 times (x 86B)
Class com.google.common.primitives.Ints                                               : loaded 2 times (x 71B)
Class com.google.common.collect.AbstractIterator                                      : loaded 2 times (x 82B)
Class com.google.common.math.MathPreconditions                                        : loaded 2 times (x 71B)
Class com.google.common.collect.Multiset                                              : loaded 2 times (x 70B)
Class com.google.common.collect.ArrayListMultimapGwtSerializationDependencies         : loaded 2 times (x 172B)
Class com.google.common.collect.RegularImmutableMap$KeySet                            : loaded 2 times (x 150B)
Class com.google.common.collect.AbstractIndexedListIterator                           : loaded 2 times (x 96B)
Class com.google.common.collect.ImmutableMapEntrySet                                  : loaded 2 times (x 151B)
Class org.gradle.api.internal.classpath.Module                                        : loaded 2 times (x 70B)
Class com.google.common.cache.Weigher                                                 : loaded 2 times (x 70B)
Class org.gradle.api.internal.classpath.UnknownModuleException                        : loaded 2 times (x 82B)
Class org.gradle.cache.GlobalCache                                                    : loaded 2 times (x 70B)
Class org.jetbrains.kotlin.config.ApiVersion                                          : loaded 2 times (x 86B)
Class com.google.common.base.Stopwatch                                                : loaded 2 times (x 72B)
Class com.google.common.cache.LocalCache$Strength                                     : loaded 2 times (x 81B)
Class com.google.common.cache.Cache                                                   : loaded 2 times (x 70B)
Class jdk.internal.jimage.ImageHeader                                                 : loaded 2 times (x 71B)
Class com.google.common.util.concurrent.AbstractFuture$Cancellation                   : loaded 2 times (x 72B)
Class com.google.common.collect.ImmutableMap$Builder                                  : loaded 2 times (x 82B)
Class com.google.common.base.NullnessCasts                                            : loaded 2 times (x 71B)
Class com.google.common.cache.RemovalListener                                         : loaded 2 times (x 70B)
Class org.gradle.api.internal.DefaultClassPathRegistry                                : loaded 2 times (x 76B)
Class org.jetbrains.kotlin.cli.common.messages.MessageCollector                       : loaded 2 times (x 70B)
Class com.google.common.primitives.IntsMethodsForWeb                                  : loaded 2 times (x 71B)
Class com.google.common.collect.Multimap                                              : loaded 2 times (x 70B)
Class org.gradle.api.internal.ClassPathRegistry                                       : loaded 2 times (x 70B)
Class org.gradle.internal.classpath.DefaultClassPath$ImmutableUniqueList              : loaded 2 times (x 199B)
Class com.google.common.base.ExtraObjectsMethodsForWeb                                : loaded 2 times (x 71B)
Class jdk.internal.jimage.decompressor.ResourceDecompressor                           : loaded 2 times (x 70B)
Class com.google.common.base.Equivalence$Identity                                     : loaded 2 times (x 82B)
Class com.google.common.cache.CacheBuilder                                            : loaded 2 times (x 72B)
Class com.google.common.collect.SingletonImmutableList                                : loaded 2 times (x 207B)
Class Settings_gradle$1                                                               : loaded 2 times (x 74B)
Class org.gradle.internal.classpath.ClassPath                                         : loaded 2 times (x 70B)
Class org.gradle.api.UncheckedIOException                                             : loaded 2 times (x 82B)
Class com.google.common.collect.ImmutableList$ReverseImmutableList                    : loaded 2 times (x 208B)
Class com.google.common.base.JdkPattern                                               : loaded 2 times (x 75B)
Class org.objectweb.asm.SymbolTable$Entry                                             : loaded 2 times (x 74B)
Class com.google.common.util.concurrent.AbstractFuture$AtomicHelper                   : loaded 2 times (x 78B)
Class org.objectweb.asm.Edge                                                          : loaded 2 times (x 72B)
Class com.google.common.base.Suppliers$SupplierOfInstance                             : loaded 2 times (x 79B)
Class com.google.common.collect.Iterators$1                                           : loaded 2 times (x 81B)
Class jdk.internal.jimage.ImageStringsReader                                          : loaded 2 times (x 80B)
Class com.google.common.cache.LocalCache$ComputingValueReference                      : loaded 2 times (x 96B)
Class com.google.common.collect.SingletonImmutableSet                                 : loaded 2 times (x 146B)
Class com.google.common.collect.ImmutableMap$IteratorBasedImmutableMap                : loaded 2 times (x 125B)
Class com.google.common.cache.LocalCache$Segment                                      : loaded 2 times (x 154B)
Class jdk.internal.jimage.ImageReader                                                 : loaded 2 times (x 75B)
Class com.google.common.collect.SortedIterable                                        : loaded 2 times (x 70B)
Class org.jetbrains.kotlin.utils.DescriptionAware                                     : loaded 2 times (x 70B)
Class [Lorg.objectweb.asm.SymbolTable$Entry;                                          : loaded 2 times (x 69B)
Class com.google.common.cache.CacheLoader                                             : loaded 2 times (x 74B)
Class com.google.common.collect.Iterators$4                                           : loaded 2 times (x 82B)
Class com.google.common.collect.ImmutableBiMap                                        : loaded 2 times (x 143B)
Class com.google.common.collect.AbstractListMultimap                                  : loaded 2 times (x 172B)
Class jdk.internal.jimage.ImageReader$SharedImageReader                               : loaded 2 times (x 95B)
Class org.gradle.internal.installation.GradleInstallation$1                           : loaded 2 times (x 75B)
Class org.gradle.api.internal.classpath.ModuleRegistry                                : loaded 2 times (x 70B)
Class com.google.common.util.concurrent.internal.InternalFutureFailureAccess          : loaded 2 times (x 72B)
Class com.google.common.collect.Iterators$5                                           : loaded 2 times (x 82B)
Class com.google.common.collect.ImmutableSet$JdkBackedSetBuilderImpl                  : loaded 2 times (x 76B)
Class com.google.common.base.Splitter$SplittingIterator                               : loaded 2 times (x 84B)
Class jdk.internal.jimage.decompressor.ResourceDecompressorFactory                    : loaded 2 times (x 74B)
Class com.google.common.util.concurrent.AbstractFuture$UnsafeAtomicHelper             : loaded 2 times (x 78B)
Class com.google.common.cache.LocalCache$LocalManualCache$1                           : loaded 2 times (x 75B)
Class com.google.common.base.CharMatcher$ForPredicate                                 : loaded 2 times (x 112B)
Class com.google.common.collect.ImmutableCollection                                   : loaded 2 times (x 125B)
Class com.google.common.base.CharMatcher$AnyOf                                        : loaded 2 times (x 112B)
Class jdk.internal.jimage.ImageReader$Node                                            : loaded 2 times (x 84B)
Class org.gradle.api.internal.classpath.DefaultModuleRegistry                         : loaded 2 times (x 86B)
Class com.google.common.util.concurrent.ListenableFuture                              : loaded 2 times (x 70B)
Class com.google.common.cache.ReferenceEntry                                          : loaded 2 times (x 70B)
Class com.google.common.collect.ImmutableSet$CachingAsList                            : loaded 2 times (x 147B)
Class com.google.common.base.Converter                                                : loaded 2 times (x 90B)
Class com.google.common.collect.Lists                                                 : loaded 2 times (x 71B)
Class com.google.common.base.CharMatcher$Any                                          : loaded 2 times (x 112B)
Class jdk.internal.jimage.BasicImageReader$1                                          : loaded 2 times (x 77B)
Class com.google.common.util.concurrent.AbstractFuture                                : loaded 2 times (x 106B)
Class com.google.common.base.FunctionalEquivalence                                    : loaded 2 times (x 83B)
Class com.google.common.collect.Iterators$9                                           : loaded 2 times (x 81B)
Class com.google.common.collect.AbstractMapBasedMultimap                              : loaded 2 times (x 139B)
Class com.google.common.collect.ImmutableAsList                                       : loaded 2 times (x 209B)
Class org.objectweb.asm.RecordComponentVisitor                                        : loaded 2 times (x 77B)
Class com.google.common.cache.CacheLoader$SupplierToCacheLoader                       : loaded 2 times (x 75B)
Class ijJvmDebugger1_7ho1mx1xflvhf5lv5r64nbndi$_run_closure1                          : loaded 2 times (x 139B)
Class org.jetbrains.kotlin.cli.common.CompilerSystemProperties$value$1                : loaded 2 times (x 125B)
Class [Lorg.jetbrains.kotlin.config.LanguageVersion;                                  : loaded 2 times (x 69B)
Class com.google.common.collect.Maps$EntryTransformer                                 : loaded 2 times (x 70B)
Class jdk.internal.jimage.decompressor.Decompressor                                   : loaded 2 times (x 72B)
Class jdk.internal.jimage.ImageReader$Resource                                        : loaded 2 times (x 84B)
Class org.gradle.internal.service.ServiceLookupException                              : loaded 2 times (x 82B)
Class com.google.common.collect.ImmutableSortedSet                                    : loaded 2 times (x 299B)
Class [Lcom.google.common.cache.LocalCache$EntryFactory;                              : loaded 2 times (x 69B)
Class com.google.common.base.CharMatcher$JavaLetter                                   : loaded 2 times (x 111B)
Class jdk.internal.jrtfs.JrtFileAttributes                                            : loaded 2 times (x 83B)
Class org.gradle.internal.classloader.ClassLoaderFactory                              : loaded 2 times (x 70B)
Class com.google.common.cache.LocalCache$LocalManualCache                             : loaded 2 times (x 99B)
Class com.google.common.base.CharMatcher$IsNot                                        : loaded 2 times (x 111B)
Class com.google.common.base.CommonPattern                                            : loaded 2 times (x 74B)
Class org.gradle.internal.service.CachingServiceLocator                               : loaded 2 times (x 82B)
Class com.google.common.collect.RegularImmutableSortedSet                             : loaded 2 times (x 299B)
Class com.google.common.collect.AbstractMapBasedMultimap$KeySet                       : loaded 2 times (x 137B)
Class com.google.common.math.IntMath                                                  : loaded 2 times (x 71B)
Class com.google.common.collect.Iterators$10                                          : loaded 2 times (x 81B)
Class com.google.common.collect.ImmutableMapEntry                                     : loaded 2 times (x 85B)
Class com.google.common.base.CharMatcher$JavaDigit                                    : loaded 2 times (x 111B)
Class com.google.common.base.Equivalence                                              : loaded 2 times (x 82B)
Class com.google.common.collect.ImmutableMapEntry$NonTerminalImmutableMapEntry        : loaded 2 times (x 85B)
Class com.google.common.base.Function                                                 : loaded 2 times (x 70B)
Class [Lorg.jetbrains.kotlin.cli.common.CompilerSystemProperties;                     : loaded 2 times (x 69B)
Class com.google.common.cache.CacheBuilder$OneWeigher                                 : loaded 2 times (x 82B)
Class com.google.common.collect.RegularImmutableList                                  : loaded 2 times (x 212B)
Class com.google.common.collect.ImmutableBiMapFauxverideShim                          : loaded 2 times (x 120B)
Class jdk.internal.jimage.ImageBufferCache                                            : loaded 2 times (x 71B)
Class jdk.internal.jrtfs.JrtPath                                                      : loaded 2 times (x 118B)
Class org.gradle.internal.classloader.ClasspathUtil                                   : loaded 2 times (x 71B)
Class com.google.common.base.Charsets                                                 : loaded 2 times (x 71B)
Class com.google.common.util.concurrent.Uninterruptibles                              : loaded 2 times (x 71B)
Class com.google.common.collect.Maps                                                  : loaded 2 times (x 71B)
Class com.google.common.base.CharMatcher$JavaUpperCase                                : loaded 2 times (x 111B)
Class org.gradle.api.specs.Spec                                                       : loaded 2 times (x 70B)
Class [Lcom.google.common.collect.ImmutableEntry;                                     : loaded 2 times (x 69B)
Class jdk.internal.jimage.ImageReader$SharedImageReader$LocationVisitor               : loaded 2 times (x 70B)
Class com.google.common.cache.LocalCache$LoadingValueReference                        : loaded 2 times (x 96B)
Class com.google.common.collect.ObjectArrays                                          : loaded 2 times (x 71B)
Class com.google.common.base.Platform                                                 : loaded 2 times (x 71B)
Class jdk.internal.jimage.decompressor.ResourceDecompressorRepository                 : loaded 2 times (x 71B)
Class [Lorg.objectweb.asm.AnnotationWriter;                                           : loaded 2 times (x 69B)
Class com.google.common.primitives.Ints$IntConverter                                  : loaded 2 times (x 90B)
Class com.google.common.collect.Maps$8                                                : loaded 2 times (x 82B)
Class jdk.internal.jimage.ImageReader$Directory                                       : loaded 2 times (x 84B)
Class com.google.common.collect.ImmutableRangeSet$Builder                             : loaded 2 times (x 77B)
Class com.google.common.collect.Sets$SetView                                          : loaded 2 times (x 138B)
Class com.google.common.cache.LocalCache$StrongValueReference                         : loaded 2 times (x 90B)
Class com.google.common.util.concurrent.AbstractFuture$SynchronizedHelper             : loaded 2 times (x 78B)
Class com.google.common.base.CharMatcher$Invisible                                    : loaded 2 times (x 112B)
Class org.objectweb.asm.Type                                                          : loaded 2 times (x 72B)
Class org.gradle.internal.classloader.VisitableURLClassLoader$InstrumentingVisitableURLClassLoader: loaded 2 times (x 123B)
Class org.objectweb.asm.ByteVector                                                    : loaded 2 times (x 79B)
Class [Lcom.google.common.cache.CacheBuilder$NullListener;                            : loaded 2 times (x 69B)
Class com.google.common.math.IntMath$1                                                : loaded 2 times (x 71B)
Class org.gradle.internal.classloader.VisitableURLClassLoader$Spec                    : loaded 2 times (x 74B)
Class org.gradle.internal.classpath.DefaultClassPath                                  : loaded 2 times (x 90B)
Class org.objectweb.asm.Symbol                                                        : loaded 2 times (x 73B)
Class com.google.common.base.AbstractIterator                                         : loaded 2 times (x 80B)
Class jdk.internal.jimage.decompressor.ZipDecompressorFactory                         : loaded 2 times (x 74B)
Class org.jetbrains.kotlin.config.ApiVersion$Companion                                : loaded 2 times (x 71B)
Class com.google.common.collect.RegularImmutableMap$Values                            : loaded 2 times (x 207B)
Class com.google.common.collect.ImmutableSet                                          : loaded 2 times (x 145B)
Class com.google.common.base.CharMatcher$BitSetMatcher                                : loaded 2 times (x 112B)
Class com.google.common.base.CharMatcher$Ascii                                        : loaded 2 times (x 112B)
Class org.gradle.internal.classloader.ClassLoaderSpec                                 : loaded 2 times (x 71B)
Class org.objectweb.asm.AnnotationWriter                                              : loaded 2 times (x 79B)
Class com.google.common.cache.CacheStats                                              : loaded 2 times (x 71B)
Class org.jetbrains.kotlin.config.MavenComparableVersion$ListItem                     : loaded 2 times (x 218B)
Class org.objectweb.asm.RecordComponentWriter                                         : loaded 2 times (x 78B)
Class com.google.common.util.concurrent.AbstractFuture$Listener                       : loaded 2 times (x 72B)
Class com.google.common.base.CharMatcher$Or                                           : loaded 2 times (x 112B)
Class Settings_gradle$1$1                                                             : loaded 2 times (x 74B)
Class ijKotlinCoroutineJvmDebugInit1_1y6fked67iotatirchb4x916h$_run_closure1$_closure2: loaded 2 times (x 139B)
Class [Lorg.jetbrains.kotlin.utils.DescriptionAware;                                  : loaded 2 times (x 69B)
Class org.objectweb.asm.Attribute                                                     : loaded 2 times (x 77B)
Class com.google.common.base.Supplier                                                 : loaded 2 times (x 70B)
Class ijKotlinCoroutineJvmDebugInit1_1y6fked67iotatirchb4x916h                        : loaded 2 times (x 179B)
Class org.gradle.internal.classloader.VisitableURLClassLoader                         : loaded 2 times (x 117B)
Class com.google.common.util.concurrent.AbstractFuture$Waiter                         : loaded 2 times (x 72B)
Class Settings_gradle                                                                 : loaded 2 times (x 128B)
Class org.gradle.internal.Cast                                                        : loaded 2 times (x 71B)
Class org.gradle.api.Action                                                           : loaded 2 times (x 70B)
Class com.google.common.collect.Sets                                                  : loaded 2 times (x 71B)
Class org.objectweb.asm.Handler                                                       : loaded 2 times (x 72B)
Class com.google.common.base.Ticker                                                   : loaded 2 times (x 72B)
Class com.google.common.base.Strings                                                  : loaded 2 times (x 71B)
Class com.google.common.base.CharMatcher$FastMatcher                                  : loaded 2 times (x 111B)
Class jdk.internal.jimage.decompressor.ZipDecompressor                                : loaded 2 times (x 75B)
Class org.gradle.internal.agents.InstrumentingClassLoader                             : loaded 2 times (x 70B)
Class [Lcom.google.common.cache.LocalCache$Segment;                                   : loaded 2 times (x 69B)
Class [Lcom.google.common.cache.LocalCache$Strength;                                  : loaded 2 times (x 69B)
Class com.google.common.cache.CacheBuilder$1                                          : loaded 2 times (x 85B)
Class com.google.common.collect.ImmutableMap                                          : loaded 2 times (x 120B)
Class com.google.common.base.Predicate                                                : loaded 2 times (x 70B)
Class org.gradle.internal.classpath.DefaultClassPath$ImmutableUniqueList$Builder      : loaded 2 times (x 75B)
Class com.google.common.collect.AbstractRangeSet                                      : loaded 2 times (x 114B)
Class com.google.common.cache.LocalCache                                              : loaded 2 times (x 187B)
Class com.google.common.cache.CacheBuilder$2                                          : loaded 2 times (x 72B)
Class com.google.common.base.CharMatcher$NegatedFastMatcher                           : loaded 2 times (x 113B)
Class org.jetbrains.kotlin.config.LanguageVersion                                     : loaded 2 times (x 91B)
Class [Lcom.google.common.collect.AbstractMapEntry;                                   : loaded 2 times (x 69B)
Class com.google.common.collect.ImmutableEntry                                        : loaded 2 times (x 82B)
Class com.google.common.collect.ArrayListMultimap                                     : loaded 2 times (x 172B)
Class com.google.common.base.AbstractIterator$1                                       : loaded 2 times (x 71B)
Class com.google.common.base.CharMatcher$Digit                                        : loaded 2 times (x 112B)
Class org.gradle.api.GradleException                                                  : loaded 2 times (x 82B)
Class com.google.common.collect.ForwardingMap                                         : loaded 2 times (x 132B)
Class com.google.common.collect.CollectPreconditions                                  : loaded 2 times (x 71B)
Class com.google.common.base.CharMatcher$JavaIsoControl                               : loaded 2 times (x 112B)
Class jdk.internal.jimage.ImageStrings                                                : loaded 2 times (x 70B)
Class com.google.common.collect.SortedMapDifference                                   : loaded 2 times (x 70B)
Class com.google.common.base.CharMatcher$JavaLowerCase                                : loaded 2 times (x 111B)
Class com.google.common.cache.LocalCache$EntryFactory                                 : loaded 2 times (x 83B)
Class com.google.common.cache.LocalCache$AbstractReferenceEntry                       : loaded 2 times (x 107B)
Class com.google.common.base.Splitter$1$1                                             : loaded 2 times (x 86B)
Class com.google.common.base.CharMatcher$Whitespace                                   : loaded 2 times (x 112B)
Class org.gradle.internal.IoActions                                                   : loaded 2 times (x 71B)
Class com.google.common.collect.ImmutableRangeSet$ComplementRanges                    : loaded 2 times (x 207B)
Class org.objectweb.asm.SymbolTable                                                   : loaded 2 times (x 72B)
Class com.google.common.cache.CacheLoader$InvalidCacheLoadException                   : loaded 2 times (x 82B)
Class com.google.common.collect.ImmutableSet$RegularSetBuilderImpl                    : loaded 2 times (x 77B)
Class com.google.common.base.CharMatcher$SingleWidth                                  : loaded 2 times (x 112B)
Class org.gradle.internal.classloader.SystemClassLoaderSpec                           : loaded 2 times (x 71B)
Class com.google.common.cache.LocalCache$StrongEntry                                  : loaded 2 times (x 108B)
Class com.google.common.util.concurrent.AbstractFuture$TrustedFuture                  : loaded 2 times (x 114B)
Class com.google.common.cache.LoadingCache                                            : loaded 2 times (x 70B)
Class org.objectweb.asm.MethodWriter                                                  : loaded 2 times (x 106B)
Class [Lcom.google.common.cache.Weigher;                                              : loaded 2 times (x 69B)
Class com.google.common.collect.RegularImmutableMap$BucketOverflowException           : loaded 2 times (x 82B)
Class jdk.internal.jrtfs.JrtFileSystem                                                : loaded 2 times (x 102B)
Class org.jetbrains.kotlin.cli.common.CompilerSystemProperties$Companion              : loaded 2 times (x 71B)
Class jdk.internal.jimage.decompressor.CompressedResourceHeader                       : loaded 2 times (x 71B)
Class com.google.common.collect.RegularImmutableBiMap                                 : loaded 2 times (x 148B)
Class com.google.common.cache.LocalCache$ValueReference                               : loaded 2 times (x 70B)
Class com.google.common.base.CharMatcher$Negated                                      : loaded 2 times (x 113B)
Class com.google.common.base.CharMatcher$Is                                           : loaded 2 times (x 111B)
Class com.google.common.util.concurrent.AbstractFuture$Failure                        : loaded 2 times (x 72B)
Class com.google.common.base.Equivalence$Equals                                       : loaded 2 times (x 82B)
Class com.google.common.collect.Hashing                                               : loaded 2 times (x 71B)
Class com.google.common.base.PatternCompiler                                          : loaded 2 times (x 70B)
Class com.google.common.base.Preconditions                                            : loaded 2 times (x 71B)
Class com.google.common.base.Joiner$1                                                 : loaded 2 times (x 80B)
Class org.objectweb.asm.Label                                                         : loaded 2 times (x 73B)
Class org.objectweb.asm.CurrentFrame                                                  : loaded 2 times (x 73B)
Class org.objectweb.asm.ClassTooLargeException                                        : loaded 2 times (x 83B)
Class com.google.common.collect.PeekingIterator                                       : loaded 2 times (x 70B)
Class com.google.common.base.CharMatcher                                              : loaded 2 times (x 111B)
Class com.google.common.collect.RangeGwtSerializationDependencies                     : loaded 2 times (x 71B)
Class org.jetbrains.kotlin.config.MavenComparableVersion$Item                         : loaded 2 times (x 70B)
Class com.google.common.base.Joiner$2                                                 : loaded 2 times (x 79B)
Class org.objectweb.asm.Frame                                                         : loaded 2 times (x 73B)
Class org.objectweb.asm.MethodVisitor                                                 : loaded 2 times (x 105B)
Class com.google.common.cache.LocalCache$EntryFactory$1                               : loaded 2 times (x 83B)
Class [Lcom.google.common.cache.RemovalListener;                                      : loaded 2 times (x 69B)
Class com.google.common.base.CharMatcher$1                                            : loaded 2 times (x 113B)
Class com.google.common.base.CharMatcher$NamedFastMatcher                             : loaded 2 times (x 112B)
Class com.google.common.collect.RangeSet                                              : loaded 2 times (x 70B)
Class com.google.common.cache.LocalCache$EntryFactory$2                               : loaded 2 times (x 83B)
Class com.google.common.collect.CollectCollectors                                     : loaded 2 times (x 71B)
Class org.objectweb.asm.ModuleWriter                                                  : loaded 2 times (x 82B)
Class com.google.common.cache.LocalCache$EntryFactory$3                               : loaded 2 times (x 83B)
Class com.google.common.base.Ticker$1                                                 : loaded 2 times (x 72B)
Class com.google.common.collect.ImmutableMapEntrySet$RegularEntrySet                  : loaded 2 times (x 151B)
Class com.google.common.collect.Maps$BiMapConverter                                   : loaded 2 times (x 90B)
Class com.google.common.cache.LocalCache$EntryFactory$4                               : loaded 2 times (x 83B)
Class com.google.common.collect.ImmutableSet$Builder                                  : loaded 2 times (x 85B)
Class com.google.common.base.CharMatcher$InRange                                      : loaded 2 times (x 111B)
Class com.google.common.cache.LocalCache$EntryFactory$5                               : loaded 2 times (x 83B)
Class com.google.common.base.PairwiseEquivalence                                      : loaded 2 times (x 83B)
Class com.google.common.cache.LocalCache$EntryFactory$6                               : loaded 2 times (x 83B)
Class org.gradle.internal.installation.CurrentGradleInstallationLocator               : loaded 2 times (x 71B)
Class com.google.common.collect.Maps$KeySet                                           : loaded 2 times (x 137B)
Class com.google.common.cache.LocalCache$EntryFactory$7                               : loaded 2 times (x 83B)
Class com.google.common.collect.ImmutableSet$EmptySetBuilderImpl                      : loaded 2 times (x 76B)
Class com.google.common.collect.ImmutableList                                         : loaded 2 times (x 206B)
Class org.gradle.internal.service.DefaultServiceLocator                               : loaded 2 times (x 83B)
Class org.jetbrains.kotlin.util.capitalizeDecapitalize.CapitalizeDecapitalizeKt       : loaded 2 times (x 71B)
Class com.google.common.cache.LocalCache$EntryFactory$8                               : loaded 2 times (x 83B)
Class com.google.common.collect.ImmutableSet$SetBuilderImpl                           : loaded 2 times (x 76B)
Class jdk.internal.jrtfs.JrtDirectoryStream                                           : loaded 2 times (x 89B)
Class org.gradle.internal.installation.CurrentGradleInstallation                      : loaded 2 times (x 73B)
Class com.google.common.cache.CacheLoader$1                                           : loaded 2 times (x 75B)
Class com.google.common.collect.ForwardingObject                                      : loaded 2 times (x 72B)
Class com.google.common.collect.ImmutableList$SubList                                 : loaded 2 times (x 208B)
Class org.gradle.util.internal.GUtil                                                  : loaded 2 times (x 71B)
Class com.google.common.util.concurrent.AbstractFuture$SetFuture                      : loaded 2 times (x 75B)
Class com.google.common.cache.AbstractCache$StatsCounter                              : loaded 2 times (x 70B)
Class com.google.common.collect.Iterators$MergingIterator                             : loaded 2 times (x 81B)
Class com.google.common.collect.RegularImmutableSet                                   : loaded 2 times (x 148B)
Class org.gradle.internal.installation.GradleInstallation                             : loaded 2 times (x 75B)
Class com.google.common.collect.Iterables                                             : loaded 2 times (x 71B)
Class com.google.common.base.Splitter$Strategy                                        : loaded 2 times (x 70B)
Class jdk.internal.jimage.decompressor.ResourceDecompressor$StringsProvider           : loaded 2 times (x 70B)

---------------  S Y S T E M  ---------------

OS:
 Windows 11 , 64 bit Build 26100 (10.0.26100.8328)
OS uptime: 0 days 6:21 hours

CPU: total 8 (initial active 8) (4 cores per cpu, 2 threads per core) family 6 model 142 stepping 12 microcode 0xde, cx8, cmov, fxsr, ht, mmx, 3dnowpref, sse, sse2, sse3, ssse3, sse4.1, sse4.2, popcnt, lzcnt, tsc, tscinvbit, avx, avx2, aes, erms, clmul, bmi1, bmi2, adx, fma, vzeroupper, clflush, clflushopt, rdtscp, f16c
Processor Information for the first 8 processors :
  Max Mhz: 2304, Current Mhz: 1803, Mhz Limit: 1797

Memory: 4k page, system-wide physical 3902M (267M free)
TotalPageFile size 15678M (AvailPageFile size 0M)
current process WorkingSet (physical memory assigned to process): 377M, peak: 584M
current process commit charge ("private bytes"): 713M, peak: 716M

vm_info: OpenJDK 64-Bit Server VM (21.0.10+-14961533-b1163.108) for windows-amd64 JRE (21.0.10+-14961533-b1163.108), built on 2026-03-02T19:58:50Z by "builder" with MS VC++ 16.10 / 16.11 (VS2019)

END.
