#
# There is insufficient memory for the Java Runtime Environment to continue.
# Native memory allocation (mmap) failed to map 411041792 bytes. Error detail: G1 virtual space
# Possible reasons:
#   The system is out of physical RAM or swap space
#   This process is running with CompressedOops enabled, and the Java Heap may be blocking the growth of the native heap
# Possible solutions:
#   Reduce memory load on the system
#   Increase physical memory or swap space
#   Check if swap backing store is full
#   Decrease Java heap size (-Xmx/-Xms)
#   Decrease number of Java threads
#   Decrease Java thread stack sizes (-Xss)
#   Set larger code cache with -XX:ReservedCodeCacheSize=
#   JVM is running with Unscaled Compressed Oops mode in which the Java heap is
#     placed in the first 4GB address space. The Java Heap base address is the
#     maximum limit for the native heap growth. Please use -XX:HeapBaseMinAddress
#     to set the Java Heap base and to place the Java Heap above 4GB virtual address.
# This output file may be truncated or incomplete.
#
#  Out of Memory Error (os_windows.cpp:3703), pid=16480, tid=2644
#
# JRE version: Java(TM) SE Runtime Environment (23.0+37) (build 23+37-2369)
# Java VM: Java HotSpot(TM) 64-Bit Server VM (23+37-2369, mixed mode, sharing, tiered, compressed oops, compressed class ptrs, g1 gc, windows-amd64)
# No core dump will be written. Minidumps are not enabled by default on client versions of Windows
#

---------------  S U M M A R Y ------------

Command Line: --add-opens=java.base/java.util=ALL-UNNAMED --add-opens=java.base/java.lang=ALL-UNNAMED --add-opens=java.base/java.lang.invoke=ALL-UNNAMED --add-opens=java.prefs/java.util.prefs=ALL-UNNAMED --add-opens=java.base/java.nio.charset=ALL-UNNAMED --add-opens=java.base/java.net=ALL-UNNAMED --add-opens=java.base/java.util.concurrent.atomic=ALL-UNNAMED -Xmx2048m -Dfile.encoding=UTF-8 -Duser.country=US -Duser.language=en -Duser.variant -javaagent:C:\Users\gyral\.gradle\wrapper\dists\gradle-8.4-bin\1w5dpkrfk8irigvoxmyhowfim\gradle-8.4\lib\agents\gradle-instrumentation-agent-8.4.jar org.gradle.launcher.daemon.bootstrap.GradleDaemon 8.4

Host: Intel(R) Core(TM) i7-10510U CPU @ 1.80GHz, 8 cores, 3G,  Windows 11 , 64 bit Build 26100 (10.0.26100.8328)
Time: Wed May 27 12:34:43 2026 Malay Peninsula Standard Time elapsed time: 164.083755 seconds (0d 0h 2m 44s)

---------------  T H R E A D  ---------------

Current thread (0x000002b0420e4560):  VMThread "VM Thread"          [id=2644, stack(0x000000efbe000000,0x000000efbe100000) (1024K)]

Stack: [0x000000efbe000000,0x000000efbe100000]
Native frames: (J=compiled Java code, j=interpreted, Vv=VM code, C=native code)
V  [jvm.dll+0x6e08a9]  (no source info available)
V  [jvm.dll+0x87da63]  (no source info available)
V  [jvm.dll+0x87feee]  (no source info available)
V  [jvm.dll+0x8805c3]  (no source info available)
V  [jvm.dll+0x27aee6]  (no source info available)
V  [jvm.dll+0x6dd1b5]  (no source info available)
V  [jvm.dll+0x6d103a]  (no source info available)
V  [jvm.dll+0x35b3ea]  (no source info available)
V  [jvm.dll+0x3637f6]  (no source info available)
V  [jvm.dll+0x34fd5e]  (no source info available)
V  [jvm.dll+0x34fff8]  (no source info available)
V  [jvm.dll+0x3289cc]  (no source info available)
V  [jvm.dll+0x328a5a]  (no source info available)
V  [jvm.dll+0x374c92]  (no source info available)
V  [jvm.dll+0x373392]  (no source info available)
V  [jvm.dll+0x3281a7]  (no source info available)
V  [jvm.dll+0x372b44]  (no source info available)
V  [jvm.dll+0x886500]  (no source info available)
V  [jvm.dll+0x887827]  (no source info available)
V  [jvm.dll+0x887d58]  (no source info available)
V  [jvm.dll+0x887ff3]  (no source info available)
V  [jvm.dll+0x824f1b]  (no source info available)
V  [jvm.dll+0x6df055]  (no source info available)
C  [ucrtbase.dll+0x37b0]  (no source info available)
C  [KERNEL32.DLL+0x2e957]  (no source info available)
C  [ntdll.dll+0x427c]  (no source info available)

VM_Operation (0x000000efc1efbde0): G1CollectForAllocation, mode: safepoint, requested by thread 0x000002b09bb6e920


---------------  P R O C E S S  ---------------

Threads class SMR info:
_java_thread_list=0x000002b0a3217a50, length=138, elements={
0x000002b0252e5730, 0x000002b0420fecc0, 0x000002b0420ff720, 0x000002b042103940,
0x000002b042104600, 0x000002b042105880, 0x000002b0421062e0, 0x000002b042109820,
0x000002b042111a50, 0x000002b042223aa0, 0x000002b0423d9ca0, 0x000002b088d97710,
0x000002b089026a30, 0x000002b088a0d030, 0x000002b088f78fe0, 0x000002b088f7a950,
0x000002b0890a7ab0, 0x000002b0890a7420, 0x000002b0890a6700, 0x000002b0890a8140,
0x000002b0890a6d90, 0x000002b0890a6070, 0x000002b0890a59e0, 0x000002b08aa5b3a0,
0x000002b08aa59ff0, 0x000002b08aa5ba30, 0x000002b08aa58c40, 0x000002b08aa592d0,
0x000002b08aa59960, 0x000002b08aa5a680, 0x000002b08aa5ad10, 0x000002b08be131b0,
0x000002b08be12b20, 0x000002b095f03030, 0x000002b095f071d0, 0x000002b095f08c10,
0x000002b095f05790, 0x000002b095f092a0, 0x000002b09647c420, 0x000002b09647f8a0,
0x000002b09647ff30, 0x000002b09647cab0, 0x000002b09647bd90, 0x000002b0964805c0,
0x000002b096482000, 0x000002b096482690, 0x000002b0964812e0, 0x000002b096480c50,
0x000002b096481970, 0x000002b08be13840, 0x000002b09b1d0e90, 0x000002b09b1d35f0,
0x000002b09b864960, 0x000002b0961df4f0, 0x000002b09bb6dc00, 0x000002b09bb6e290,
0x000002b09bb6e920, 0x000002b09bb6efb0, 0x000002b09bb6fcd0, 0x000002b09bb6f640,
0x000002b09bb6cee0, 0x000002b09bb709f0, 0x000002b09bb6d570, 0x000002b09bb737e0,
0x000002b09bb72ac0, 0x000002b09bb71da0, 0x000002b09bb71080, 0x000002b09bb73150,
0x000002b09bb71710, 0x000002b09bb72430, 0x000002b09bb765d0, 0x000002b09bb76c60,
0x000002b09bb772f0, 0x000002b09bb77980, 0x000002b09bb78010, 0x000002b09bb78d30,
0x000002b09bb7c1b0, 0x000002b09bb7ae00, 0x000002b09bb7bb20, 0x000002b09b860130,
0x000002b09b863c40, 0x000002b08be15280, 0x000002b095f07ef0, 0x000002b09ca93660,
0x000002b09ca90f00, 0x000002b09ca94a10, 0x000002b09ca91590, 0x000002b09ca91c20,
0x000002b09ca950a0, 0x000002b09ca95730, 0x000002b09ca922b0, 0x000002b09ca97800,
0x000002b09ca96ae0, 0x000002b09ca98520, 0x000002b09ca98bb0, 0x000002b09ca96450,
0x000002b09ca99240, 0x000002b09ca95dc0, 0x000002b09b1d1520, 0x000002b09b1d5030,
0x000002b08ba33280, 0x000002b09ce338a0, 0x000002b09ce32b80, 0x000002b09ce33210,
0x000002b09ce317d0, 0x000002b09ce31e60, 0x000002b09ce33f30, 0x000002b09ce36690,
0x000002b09ce373b0, 0x000002b09ce380d0, 0x000002b09ce37a40, 0x000002b09ce39480,
0x000002b09ce39b10, 0x000002b09ce3a1a0, 0x000002b09ce3a830, 0x000002b09ce3b550,
0x000002b09ce38760, 0x000002b09ce3bbe0, 0x000002b09ce3f060, 0x000002b09ce3dcb0,
0x000002b09ce3e340, 0x000002b09ce40aa0, 0x000002b09ca8da80, 0x000002b09ca8ee30,
0x000002b09ca8d3f0, 0x000002b09ca8b9b0, 0x000002b09ca8f4c0, 0x000002b09ca901e0,
0x000002b09ca92fd0, 0x000002b09ca8fb50, 0x000002b09bb758b0, 0x000002b09dc66f00,
0x000002b08ab40790, 0x000002b09dd01720, 0x000002b09cc86260, 0x000002b09cc87ca0,
0x000002b09cc85bd0, 0x000002b09cc88330
}

Java Threads: ( => current thread )
  0x000002b0252e5730 JavaThread "main"                              [_thread_blocked, id=17124, stack(0x000000efbd900000,0x000000efbda00000) (1024K)]
  0x000002b0420fecc0 JavaThread "Reference Handler"          daemon [_thread_blocked, id=8076, stack(0x000000efbe100000,0x000000efbe200000) (1024K)]
  0x000002b0420ff720 JavaThread "Finalizer"                  daemon [_thread_blocked, id=8872, stack(0x000000efbe200000,0x000000efbe300000) (1024K)]
  0x000002b042103940 JavaThread "Signal Dispatcher"          daemon [_thread_blocked, id=12796, stack(0x000000efbe300000,0x000000efbe400000) (1024K)]
  0x000002b042104600 JavaThread "Attach Listener"            daemon [_thread_blocked, id=17016, stack(0x000000efbe400000,0x000000efbe500000) (1024K)]
  0x000002b042105880 JavaThread "Service Thread"             daemon [_thread_blocked, id=10052, stack(0x000000efbe500000,0x000000efbe600000) (1024K)]
  0x000002b0421062e0 JavaThread "Monitor Deflation Thread"   daemon [_thread_blocked, id=6432, stack(0x000000efbe600000,0x000000efbe700000) (1024K)]
  0x000002b042109820 JavaThread "C2 CompilerThread0"         daemon [_thread_blocked, id=4452, stack(0x000000efbe700000,0x000000efbe800000) (1024K)]
  0x000002b042111a50 JavaThread "C1 CompilerThread0"         daemon [_thread_blocked, id=14444, stack(0x000000efbe800000,0x000000efbe900000) (1024K)]
  0x000002b042223aa0 JavaThread "Common-Cleaner"             daemon [_thread_blocked, id=16396, stack(0x000000efbe900000,0x000000efbea00000) (1024K)]
  0x000002b0423d9ca0 JavaThread "Notification Thread"        daemon [_thread_blocked, id=15372, stack(0x000000efbea00000,0x000000efbeb00000) (1024K)]
  0x000002b088d97710 JavaThread "Daemon health stats"               [_thread_blocked, id=17508, stack(0x000000efbf200000,0x000000efbf300000) (1024K)]
  0x000002b089026a30 JavaThread "Incoming local TCP Connector on port 60008"        [_thread_in_native, id=17520, stack(0x000000efbf300000,0x000000efbf400000) (1024K)]
  0x000002b088a0d030 JavaThread "Daemon periodic checks"            [_thread_blocked, id=17524, stack(0x000000efbf400000,0x000000efbf500000) (1024K)]
  0x000002b088f78fe0 JavaThread "Daemon"                            [_thread_blocked, id=17540, stack(0x000000efbf500000,0x000000efbf600000) (1024K)]
  0x000002b088f7a950 JavaThread "Handler for socket connection from /127.0.0.1:60008 to /127.0.0.1:60009"        [_thread_in_native, id=17544, stack(0x000000efbf600000,0x000000efbf700000) (1024K)]
  0x000002b0890a7ab0 JavaThread "Cancel handler"                    [_thread_blocked, id=17552, stack(0x000000efbf700000,0x000000efbf800000) (1024K)]
  0x000002b0890a7420 JavaThread "Daemon worker"                     [_thread_blocked, id=17556, stack(0x000000efbf800000,0x000000efbf900000) (1024K)]
  0x000002b0890a6700 JavaThread "Asynchronous log dispatcher for DefaultDaemonConnection: socket connection from /127.0.0.1:60008 to /127.0.0.1:60009"        [_thread_blocked, id=17568, stack(0x000000efbf900000,0x000000efbfa00000) (1024K)]
  0x000002b0890a8140 JavaThread "Stdin handler"                     [_thread_blocked, id=17572, stack(0x000000efbfa00000,0x000000efbfb00000) (1024K)]
  0x000002b0890a6d90 JavaThread "Daemon client event forwarder"        [_thread_blocked, id=17576, stack(0x000000efbfb00000,0x000000efbfc00000) (1024K)]
  0x000002b0890a6070 JavaThread "Cache worker for journal cache (C:\Users\gyral\.gradle\caches\journal-1)"        [_thread_blocked, id=17608, stack(0x000000efbfc00000,0x000000efbfd00000) (1024K)]
  0x000002b0890a59e0 JavaThread "File lock request listener"        [_thread_in_native, id=17628, stack(0x000000efbfd00000,0x000000efbfe00000) (1024K)]
  0x000002b08aa5b3a0 JavaThread "Cache worker for file hash cache (C:\Users\gyral\.gradle\caches\8.4\fileHashes)"        [_thread_blocked, id=17652, stack(0x000000efbfe00000,0x000000efbff00000) (1024K)]
  0x000002b08aa59ff0 JavaThread "File watcher server"        daemon [_thread_blocked, id=17700, stack(0x000000efc0000000,0x000000efc0100000) (1024K)]
  0x000002b08aa5ba30 JavaThread "File watcher consumer"      daemon [_thread_blocked, id=17704, stack(0x000000efc0100000,0x000000efc0200000) (1024K)]
  0x000002b08aa58c40 JavaThread "Cache worker for checksums cache (C:\Users\gyral\Downloads\IT342-Belen-PantryPulse-main\IT342-Belen-PantryPulse-main\pantrypulse-mobile\.gradle\8.4\checksums)"        [_thread_blocked, id=17724, stack(0x000000efc0200000,0x000000efc0300000) (1024K)]
  0x000002b08aa592d0 JavaThread "Cache worker for file hash cache (C:\Users\gyral\Downloads\IT342-Belen-PantryPulse-main\IT342-Belen-PantryPulse-main\pantrypulse-mobile\.gradle\8.4\fileHashes)"        [_thread_blocked, id=17728, stack(0x000000efc0300000,0x000000efc0400000) (1024K)]
  0x000002b08aa59960 JavaThread "Cache worker for cache directory md-supplier (C:\Users\gyral\.gradle\caches\8.4\md-supplier)"        [_thread_blocked, id=17732, stack(0x000000efc0400000,0x000000efc0500000) (1024K)]
  0x000002b08aa5a680 JavaThread "Cache worker for file content cache (C:\Users\gyral\.gradle\caches\8.4\fileContent)"        [_thread_blocked, id=17740, stack(0x000000efc0500000,0x000000efc0600000) (1024K)]
  0x000002b08aa5ad10 JavaThread "Cache worker for cache directory md-rule (C:\Users\gyral\.gradle\caches\8.4\md-rule)"        [_thread_blocked, id=17768, stack(0x000000efc0700000,0x000000efc0800000) (1024K)]
  0x000002b08be131b0 JavaThread "Cache worker for execution history cache (C:\Users\gyral\.gradle\caches\8.4\executionHistory)"        [_thread_blocked, id=17776, stack(0x000000efc0800000,0x000000efc0900000) (1024K)]
  0x000002b08be12b20 JavaThread "Cache worker for kotlin-dsl (C:\Users\gyral\.gradle\caches\8.4\kotlin-dsl)"        [_thread_blocked, id=17804, stack(0x000000efc0600000,0x000000efc0700000) (1024K)]
  0x000002b095f03030 JavaThread "jar transforms"                    [_thread_blocked, id=9920, stack(0x000000efc0900000,0x000000efc0a00000) (1024K)]
  0x000002b095f071d0 JavaThread "jar transforms Thread 2"           [_thread_blocked, id=16448, stack(0x000000efc0a00000,0x000000efc0b00000) (1024K)]
  0x000002b095f08c10 JavaThread "jar transforms Thread 3"           [_thread_blocked, id=18140, stack(0x000000efc0b00000,0x000000efc0c00000) (1024K)]
  0x000002b095f05790 JavaThread "jar transforms Thread 4"           [_thread_blocked, id=18204, stack(0x000000efc0c00000,0x000000efc0d00000) (1024K)]
  0x000002b095f092a0 JavaThread "Cache worker for dependencies-accessors (C:\Users\gyral\Downloads\IT342-Belen-PantryPulse-main\IT342-Belen-PantryPulse-main\pantrypulse-mobile\.gradle\8.4\dependencies-accessors)"        [_thread_blocked, id=18208, stack(0x000000efc0d00000,0x000000efc0e00000) (1024K)]
  0x000002b09647c420 JavaThread "Cache worker for Build Output Cleanup Cache (C:\Users\gyral\Downloads\IT342-Belen-PantryPulse-main\IT342-Belen-PantryPulse-main\pantrypulse-mobile\.gradle\buildOutputCleanup)"        [_thread_blocked, id=18244, stack(0x000000efc0e00000,0x000000efc0f00000) (1024K)]
  0x000002b09647f8a0 JavaThread "jar transforms Thread 5"           [_thread_blocked, id=11156, stack(0x000000efc0f00000,0x000000efc1000000) (1024K)]
  0x000002b09647ff30 JavaThread "jar transforms Thread 6"           [_thread_blocked, id=16416, stack(0x000000efc1000000,0x000000efc1100000) (1024K)]
  0x000002b09647cab0 JavaThread "Unconstrained build operations"        [_thread_blocked, id=13844, stack(0x000000efc1100000,0x000000efc1200000) (1024K)]
  0x000002b09647bd90 JavaThread "Unconstrained build operations Thread 2"        [_thread_blocked, id=9756, stack(0x000000efc1200000,0x000000efc1300000) (1024K)]
  0x000002b0964805c0 JavaThread "Unconstrained build operations Thread 3"        [_thread_blocked, id=5332, stack(0x000000efc1300000,0x000000efc1400000) (1024K)]
  0x000002b096482000 JavaThread "Unconstrained build operations Thread 4"        [_thread_blocked, id=4788, stack(0x000000efc1400000,0x000000efc1500000) (1024K)]
  0x000002b096482690 JavaThread "Unconstrained build operations Thread 5"        [_thread_blocked, id=18332, stack(0x000000efc1500000,0x000000efc1600000) (1024K)]
  0x000002b0964812e0 JavaThread "Unconstrained build operations Thread 6"        [_thread_blocked, id=18328, stack(0x000000efc1600000,0x000000efc1700000) (1024K)]
  0x000002b096480c50 JavaThread "Unconstrained build operations Thread 7"        [_thread_blocked, id=18324, stack(0x000000efc1700000,0x000000efc1800000) (1024K)]
  0x000002b096481970 JavaThread "jar transforms Thread 7"           [_thread_blocked, id=18316, stack(0x000000efc1800000,0x000000efc1900000) (1024K)]
  0x000002b08be13840 JavaThread "jar transforms Thread 8"           [_thread_blocked, id=16972, stack(0x000000efc1900000,0x000000efc1a00000) (1024K)]
  0x000002b09b1d0e90 JavaThread "Memory manager"                    [_thread_blocked, id=18416, stack(0x000000efc1a00000,0x000000efc1b00000) (1024K)]
  0x000002b09b1d35f0 JavaThread "build event listener"              [_thread_blocked, id=5916, stack(0x000000efc1b00000,0x000000efc1c00000) (1024K)]
  0x000002b09b864960 JavaThread "included builds"                   [_thread_blocked, id=6308, stack(0x000000efbd700000,0x000000efbd800000) (1024K)]
  0x000002b0961df4f0 JavaThread "Execution worker"                  [_thread_blocked, id=17656, stack(0x000000efbd800000,0x000000efbd900000) (1024K)]
  0x000002b09bb6dc00 JavaThread "Execution worker Thread 2"         [_thread_blocked, id=5680, stack(0x000000efc1c00000,0x000000efc1d00000) (1024K)]
  0x000002b09bb6e290 JavaThread "Execution worker Thread 3"         [_thread_blocked, id=17328, stack(0x000000efc1d00000,0x000000efc1e00000) (1024K)]
  0x000002b09bb6e920 JavaThread "Execution worker Thread 4"         [_thread_blocked, id=7200, stack(0x000000efc1e00000,0x000000efc1f00000) (1024K)]
  0x000002b09bb6efb0 JavaThread "Execution worker Thread 5"         [_thread_blocked, id=184, stack(0x000000efc1f00000,0x000000efc2000000) (1024K)]
  0x000002b09bb6fcd0 JavaThread "Execution worker Thread 6"         [_thread_blocked, id=16216, stack(0x000000efc2000000,0x000000efc2100000) (1024K)]
  0x000002b09bb6f640 JavaThread "Execution worker Thread 7"         [_thread_blocked, id=2416, stack(0x000000efc2100000,0x000000efc2200000) (1024K)]
  0x000002b09bb6cee0 JavaThread "Cache worker for execution history cache (C:\Users\gyral\Downloads\IT342-Belen-PantryPulse-main\IT342-Belen-PantryPulse-main\pantrypulse-mobile\.gradle\8.4\executionHistory)"        [_thread_blocked, id=1916, stack(0x000000efc2200000,0x000000efc2300000) (1024K)]
  0x000002b09bb709f0 JavaThread "Unconstrained build operations Thread 8"        [_thread_blocked, id=1588, stack(0x000000efc2300000,0x000000efc2400000) (1024K)]
  0x000002b09bb6d570 JavaThread "Unconstrained build operations Thread 9"        [_thread_blocked, id=16704, stack(0x000000efc2400000,0x000000efc2500000) (1024K)]
  0x000002b09bb737e0 JavaThread "Unconstrained build operations Thread 10"        [_thread_blocked, id=15624, stack(0x000000efc2500000,0x000000efc2600000) (1024K)]
  0x000002b09bb72ac0 JavaThread "Unconstrained build operations Thread 11"        [_thread_blocked, id=6744, stack(0x000000efc2600000,0x000000efc2700000) (1024K)]
  0x000002b09bb71da0 JavaThread "Unconstrained build operations Thread 12"        [_thread_blocked, id=11800, stack(0x000000efc2700000,0x000000efc2800000) (1024K)]
  0x000002b09bb71080 JavaThread "Unconstrained build operations Thread 13"        [_thread_blocked, id=784, stack(0x000000efc2800000,0x000000efc2900000) (1024K)]
  0x000002b09bb73150 JavaThread "Unconstrained build operations Thread 14"        [_thread_blocked, id=7748, stack(0x000000efc2900000,0x000000efc2a00000) (1024K)]
  0x000002b09bb71710 JavaThread "WorkerExecutor Queue"              [_thread_blocked, id=17660, stack(0x000000efc2a00000,0x000000efc2b00000) (1024K)]
  0x000002b09bb72430 JavaThread "Unconstrained build operations Thread 15"        [_thread_blocked, id=14220, stack(0x000000efc2b00000,0x000000efc2c00000) (1024K)]
  0x000002b09bb765d0 JavaThread "Unconstrained build operations Thread 16"        [_thread_blocked, id=12812, stack(0x000000efc2c00000,0x000000efc2d00000) (1024K)]
  0x000002b09bb76c60 JavaThread "Unconstrained build operations Thread 17"        [_thread_blocked, id=3600, stack(0x000000efc2d00000,0x000000efc2e00000) (1024K)]
  0x000002b09bb772f0 JavaThread "Unconstrained build operations Thread 18"        [_thread_blocked, id=17748, stack(0x000000efc2e00000,0x000000efc2f00000) (1024K)]
  0x000002b09bb77980 JavaThread "Unconstrained build operations Thread 19"        [_thread_blocked, id=6056, stack(0x000000efc2f00000,0x000000efc3000000) (1024K)]
  0x000002b09bb78010 JavaThread "Unconstrained build operations Thread 20"        [_thread_blocked, id=580, stack(0x000000efc3000000,0x000000efc3100000) (1024K)]
  0x000002b09bb78d30 JavaThread "Unconstrained build operations Thread 21"        [_thread_blocked, id=15912, stack(0x000000efc3100000,0x000000efc3200000) (1024K)]
  0x000002b09bb7c1b0 JavaThread "WorkerExecutor Queue Thread 2"        [_thread_blocked, id=17268, stack(0x000000efc3200000,0x000000efc3300000) (1024K)]
  0x000002b09bb7ae00 JavaThread "WorkerExecutor Queue Thread 3"        [_thread_blocked, id=16636, stack(0x000000efc3300000,0x000000efc3400000) (1024K)]
  0x000002b09bb7bb20 JavaThread "WorkerExecutor Queue Thread 4"        [_thread_blocked, id=17044, stack(0x000000efc3400000,0x000000efc3500000) (1024K)]
  0x000002b09b860130 JavaThread "WorkerExecutor Queue Thread 5"        [_thread_blocked, id=14316, stack(0x000000efc3500000,0x000000efc3600000) (1024K)]
  0x000002b09b863c40 JavaThread "WorkerExecutor Queue Thread 6"        [_thread_blocked, id=17780, stack(0x000000efc3600000,0x000000efc3700000) (1024K)]
  0x000002b08be15280 JavaThread "WorkerExecutor Queue Thread 7"        [_thread_blocked, id=7548, stack(0x000000efc3700000,0x000000efc3800000) (1024K)]
  0x000002b095f07ef0 JavaThread "WorkerExecutor Queue Thread 8"        [_thread_blocked, id=17300, stack(0x000000efc3800000,0x000000efc3900000) (1024K)]
  0x000002b09ca93660 JavaThread "Unconstrained build operations Thread 22"        [_thread_blocked, id=4476, stack(0x000000efc3900000,0x000000efc3a00000) (1024K)]
  0x000002b09ca90f00 JavaThread "Unconstrained build operations Thread 23"        [_thread_blocked, id=16024, stack(0x000000efc3a00000,0x000000efc3b00000) (1024K)]
  0x000002b09ca94a10 JavaThread "Unconstrained build operations Thread 24"        [_thread_blocked, id=15928, stack(0x000000efc3b00000,0x000000efc3c00000) (1024K)]
  0x000002b09ca91590 JavaThread "Unconstrained build operations Thread 25"        [_thread_blocked, id=6512, stack(0x000000efc3c00000,0x000000efc3d00000) (1024K)]
  0x000002b09ca91c20 JavaThread "Unconstrained build operations Thread 26"        [_thread_blocked, id=12784, stack(0x000000efc3d00000,0x000000efc3e00000) (1024K)]
  0x000002b09ca950a0 JavaThread "Unconstrained build operations Thread 27"        [_thread_blocked, id=16264, stack(0x000000efc3e00000,0x000000efc3f00000) (1024K)]
  0x000002b09ca95730 JavaThread "Unconstrained build operations Thread 28"        [_thread_blocked, id=6952, stack(0x000000efc3f00000,0x000000efc4000000) (1024K)]
  0x000002b09ca922b0 JavaThread "Unconstrained build operations Thread 29"        [_thread_blocked, id=17076, stack(0x000000efc4000000,0x000000efc4100000) (1024K)]
  0x000002b09ca97800 JavaThread "Unconstrained build operations Thread 30"        [_thread_blocked, id=17816, stack(0x000000efc4100000,0x000000efc4200000) (1024K)]
  0x000002b09ca96ae0 JavaThread "Unconstrained build operations Thread 31"        [_thread_blocked, id=17760, stack(0x000000efc4200000,0x000000efc4300000) (1024K)]
  0x000002b09ca98520 JavaThread "Unconstrained build operations Thread 32"        [_thread_blocked, id=12088, stack(0x000000efc4300000,0x000000efc4400000) (1024K)]
  0x000002b09ca98bb0 JavaThread "Unconstrained build operations Thread 33"        [_thread_blocked, id=15772, stack(0x000000efc4400000,0x000000efc4500000) (1024K)]
  0x000002b09ca96450 JavaThread "Unconstrained build operations Thread 34"        [_thread_blocked, id=8888, stack(0x000000efc4500000,0x000000efc4600000) (1024K)]
  0x000002b09ca99240 JavaThread "Unconstrained build operations Thread 35"        [_thread_blocked, id=1164, stack(0x000000efc4600000,0x000000efc4700000) (1024K)]
  0x000002b09ca95dc0 JavaThread "Unconstrained build operations Thread 36"        [_thread_blocked, id=6776, stack(0x000000efc4700000,0x000000efc4800000) (1024K)]
  0x000002b09b1d1520 JavaThread "Unconstrained build operations Thread 37"        [_thread_blocked, id=15664, stack(0x000000efc4800000,0x000000efc4900000) (1024K)]
  0x000002b09b1d5030 JavaThread "Unconstrained build operations Thread 38"        [_thread_blocked, id=17920, stack(0x000000efc4b00000,0x000000efc4c00000) (1024K)]
  0x000002b08ba33280 JavaThread "Unconstrained build operations Thread 39"        [_thread_blocked, id=17916, stack(0x000000efc4c00000,0x000000efc4d00000) (1024K)]
  0x000002b09ce338a0 JavaThread "Unconstrained build operations Thread 40"        [_thread_blocked, id=17884, stack(0x000000efc4d00000,0x000000efc4e00000) (1024K)]
  0x000002b09ce32b80 JavaThread "Unconstrained build operations Thread 41"        [_thread_blocked, id=17888, stack(0x000000efc4e00000,0x000000efc4f00000) (1024K)]
  0x000002b09ce33210 JavaThread "Unconstrained build operations Thread 42"        [_thread_blocked, id=17876, stack(0x000000efc4f00000,0x000000efc5000000) (1024K)]
  0x000002b09ce317d0 JavaThread "Unconstrained build operations Thread 43"        [_thread_blocked, id=17880, stack(0x000000efc5000000,0x000000efc5100000) (1024K)]
  0x000002b09ce31e60 JavaThread "Unconstrained build operations Thread 44"        [_thread_blocked, id=14476, stack(0x000000efc5100000,0x000000efc5200000) (1024K)]
  0x000002b09ce33f30 JavaThread "pool-3-thread-1"                   [_thread_blocked, id=16984, stack(0x000000efc5200000,0x000000efc5300000) (1024K)]
  0x000002b09ce36690 JavaThread "stderr"                            [_thread_in_native, id=16452, stack(0x000000efc4900000,0x000000efc4a00000) (1024K)]
  0x000002b09ce373b0 JavaThread "stderr"                            [_thread_in_native, id=17756, stack(0x000000efc5300000,0x000000efc5400000) (1024K)]
  0x000002b09ce380d0 JavaThread "stdout"                            [_thread_in_native, id=18008, stack(0x000000efc5400000,0x000000efc5500000) (1024K)]
  0x000002b09ce37a40 JavaThread "stdout"                            [_thread_in_native, id=18016, stack(0x000000efc5500000,0x000000efc5600000) (1024K)]
  0x000002b09ce39480 JavaThread "Unconstrained build operations Thread 45"        [_thread_blocked, id=18076, stack(0x000000efc5600000,0x000000efc5700000) (1024K)]
  0x000002b09ce39b10 JavaThread "Unconstrained build operations Thread 46"        [_thread_blocked, id=18184, stack(0x000000efc5700000,0x000000efc5800000) (1024K)]
  0x000002b09ce3a1a0 JavaThread "Unconstrained build operations Thread 47"        [_thread_blocked, id=18152, stack(0x000000efc5800000,0x000000efc5900000) (1024K)]
  0x000002b09ce3a830 JavaThread "Unconstrained build operations Thread 48"        [_thread_blocked, id=18160, stack(0x000000efc5900000,0x000000efc5a00000) (1024K)]
  0x000002b09ce3b550 JavaThread "Unconstrained build operations Thread 49"        [_thread_blocked, id=16172, stack(0x000000efc5a00000,0x000000efc5b00000) (1024K)]
  0x000002b09ce38760 JavaThread "Unconstrained build operations Thread 50"        [_thread_blocked, id=18148, stack(0x000000efc5b00000,0x000000efc5c00000) (1024K)]
  0x000002b09ce3bbe0 JavaThread "Unconstrained build operations Thread 51"        [_thread_blocked, id=18164, stack(0x000000efc5c00000,0x000000efc5d00000) (1024K)]
  0x000002b09ce3f060 JavaThread "Unconstrained build operations Thread 52"        [_thread_blocked, id=4324, stack(0x000000efc5d00000,0x000000efc5e00000) (1024K)]
  0x000002b09ce3dcb0 JavaThread "Unconstrained build operations Thread 53"        [_thread_blocked, id=11044, stack(0x000000efc5e00000,0x000000efc5f00000) (1024K)]
  0x000002b09ce3e340 JavaThread "Unconstrained build operations Thread 54"        [_thread_blocked, id=18096, stack(0x000000efc5f00000,0x000000efc6000000) (1024K)]
  0x000002b09ce40aa0 JavaThread "Unconstrained build operations Thread 55"        [_thread_blocked, id=17792, stack(0x000000efc6000000,0x000000efc6100000) (1024K)]
  0x000002b09ca8da80 JavaThread "Unconstrained build operations Thread 56"        [_thread_blocked, id=13068, stack(0x000000efc6100000,0x000000efc6200000) (1024K)]
  0x000002b09ca8ee30 JavaThread "Unconstrained build operations Thread 57"        [_thread_blocked, id=18268, stack(0x000000efc6200000,0x000000efc6300000) (1024K)]
  0x000002b09ca8d3f0 JavaThread "Unconstrained build operations Thread 58"        [_thread_blocked, id=16364, stack(0x000000efc6300000,0x000000efc6400000) (1024K)]
  0x000002b09ca8b9b0 JavaThread "Unconstrained build operations Thread 59"        [_thread_blocked, id=18080, stack(0x000000efc6400000,0x000000efc6500000) (1024K)]
  0x000002b09ca8f4c0 JavaThread "Unconstrained build operations Thread 60"        [_thread_blocked, id=14952, stack(0x000000efc6500000,0x000000efc6600000) (1024K)]
  0x000002b09ca901e0 JavaThread "Unconstrained build operations Thread 61"        [_thread_blocked, id=18216, stack(0x000000efc6600000,0x000000efc6700000) (1024K)]
  0x000002b09ca92fd0 JavaThread "Unconstrained build operations Thread 62"        [_thread_blocked, id=2752, stack(0x000000efc6700000,0x000000efc6800000) (1024K)]
  0x000002b09ca8fb50 JavaThread "Unconstrained build operations Thread 63"        [_thread_blocked, id=18252, stack(0x000000efc6800000,0x000000efc6900000) (1024K)]
  0x000002b09bb758b0 JavaThread "Unconstrained build operations Thread 64"        [_thread_blocked, id=18188, stack(0x000000efc6900000,0x000000efc6a00000) (1024K)]
  0x000002b09dc66f00 JavaThread "Unconstrained build operations Thread 65"        [_thread_blocked, id=9468, stack(0x000000efc6a00000,0x000000efc6b00000) (1024K)]
  0x000002b08ab40790 JavaThread "Unconstrained build operations Thread 66"        [_thread_blocked, id=5984, stack(0x000000efbd600000,0x000000efbd700000) (1024K)]
  0x000002b09dd01720 JavaThread "Unconstrained build operations Thread 67"        [_thread_blocked, id=15648, stack(0x000000efc6d00000,0x000000efc6e00000) (1024K)]
  0x000002b09cc86260 JavaThread "Unconstrained build operations Thread 68"        [_thread_blocked, id=18192, stack(0x000000efc6e00000,0x000000efc6f00000) (1024K)]
  0x000002b09cc87ca0 JavaThread "Unconstrained build operations Thread 69"        [_thread_blocked, id=18196, stack(0x000000efc6f00000,0x000000efc7000000) (1024K)]
  0x000002b09cc85bd0 JavaThread "Unconstrained build operations Thread 70"        [_thread_blocked, id=15584, stack(0x000000efc7000000,0x000000efc7100000) (1024K)]
  0x000002b09cc88330 JavaThread "Unconstrained build operations Thread 71"        [_thread_blocked, id=17332, stack(0x000000efc7100000,0x000000efc7200000) (1024K)]
Total: 138

Other Threads:
=>0x000002b0420e4560 VMThread "VM Thread"                           [id=2644, stack(0x000000efbe000000,0x000000efbe100000) (1024K)]
  0x000002b0420cdeb0 WatcherThread "VM Periodic Task Thread"        [id=4016, stack(0x000000efbdf00000,0x000000efbe000000) (1024K)]
  0x000002b02533c930 WorkerThread "GC Thread#0"                     [id=9776, stack(0x000000efbda00000,0x000000efbdb00000) (1024K)]
  0x000002b042cfddb0 WorkerThread "GC Thread#1"                     [id=11296, stack(0x000000efbeb00000,0x000000efbec00000) (1024K)]
  0x000002b042bc3ba0 WorkerThread "GC Thread#2"                     [id=16624, stack(0x000000efbec00000,0x000000efbed00000) (1024K)]
  0x000002b042b6ab80 WorkerThread "GC Thread#3"                     [id=16940, stack(0x000000efbed00000,0x000000efbee00000) (1024K)]
  0x000002b042b6af30 WorkerThread "GC Thread#4"                     [id=14740, stack(0x000000efbee00000,0x000000efbef00000) (1024K)]
  0x000002b08800d8d0 WorkerThread "GC Thread#5"                     [id=17492, stack(0x000000efbf000000,0x000000efbf100000) (1024K)]
  0x000002b088f16280 WorkerThread "GC Thread#6"                     [id=17496, stack(0x000000efbef00000,0x000000efbf000000) (1024K)]
  0x000002b088ef9f20 WorkerThread "GC Thread#7"                     [id=17500, stack(0x000000efbf100000,0x000000efbf200000) (1024K)]
  0x000002b02538bb80 ConcurrentGCThread "G1 Main Marker"            [id=16496, stack(0x000000efbdb00000,0x000000efbdc00000) (1024K)]
  0x000002b02538c5a0 WorkerThread "G1 Conc#0"                       [id=13776, stack(0x000000efbdc00000,0x000000efbdd00000) (1024K)]
  0x000002b088fca100 WorkerThread "G1 Conc#1"                       [id=17692, stack(0x000000efbff00000,0x000000efc0000000) (1024K)]
  0x000002b041f9fdb0 ConcurrentGCThread "G1 Refine#0"               [id=17032, stack(0x000000efbdd00000,0x000000efbde00000) (1024K)]
  0x000002b041fa1f00 ConcurrentGCThread "G1 Service"                [id=3984, stack(0x000000efbde00000,0x000000efbdf00000) (1024K)]
Total: 15

Threads with active compile tasks:
Total: 0

VM state: at safepoint (normal execution)

VM Mutex/Monitor currently owned by a thread:  ([mutex/lock_event])
[0x00007ffb39cb3910] Threads_lock - owner thread: 0x000002b0420e4560
[0x00007ffb39cb3a10] Heap_lock - owner thread: 0x000002b09bb6e920

Heap address: 0x0000000080000000, size: 2048 MB, Compressed Oops mode: 32-bit

CDS archive(s) mapped at: [0x000002b043000000-0x000002b043d70000-0x000002b043d70000), size 14090240, SharedBaseAddress: 0x000002b043000000, ArchiveRelocationMode: 1.
Compressed class space mapped at: 0x000002b044000000-0x000002b084000000, reserved size: 1073741824
Narrow klass base: 0x000002b043000000, Narrow klass shift: 0, Narrow klass range: 0x41000000

GC Precious Log:
 CardTable entry size: 512
 Card Set container configuration: InlinePtr #cards 5 size 8 Array Of Cards #cards 10 size 36 Howl #buckets 4 coarsen threshold 1843 Howl Bitmap #cards 512 size 80 coarsen threshold 460 Card regions per heap region 1 cards per card region 2048
 CPUs: 8 total, 8 available
 Memory: 3902M
 Large Page Support: Disabled
 NUMA Support: Disabled
 Compressed Oops: Enabled (32-bit)
 Heap Region Size: 1M
 Heap Min Capacity: 8M
 Heap Initial Capacity: 62M
 Heap Max Capacity: 2G
 Pre-touch: Disabled
 Parallel Workers: 8
 Concurrent Workers: 2
 Concurrent Refinement Workers: 8
 Periodic GC: Disabled

Heap:
 garbage-first heap   total reserved 2097152K, committed 403456K, used 161562K [0x0000000080000000, 0x0000000100000000)
  region size 1024K, 2 young (2048K), 2 survivors (2048K)
 Metaspace       used 168334K, committed 170944K, reserved 1245184K
  class space    used 22170K, committed 23424K, reserved 1048576K

Heap Regions: E=young(eden), S=young(survivor), O=old, HS=humongous(starts), HC=humongous(continues), CS=collection set, F=free, TAMS=top-at-mark-start, PB=parsable bottom
|   0|0x0000000080000000, 0x0000000080100000, 0x0000000080100000|100%|HS|  |TAMS 0x0000000080100000| PB 0x0000000080000000| Complete |  0
|   1|0x0000000080100000, 0x0000000080200000, 0x0000000080200000|100%|HC|  |TAMS 0x0000000080200000| PB 0x0000000080100000| Complete |  0
|   2|0x0000000080200000, 0x0000000080300000, 0x0000000080300000|100%|HC|  |TAMS 0x0000000080300000| PB 0x0000000080200000| Complete |  0
|   3|0x0000000080300000, 0x0000000080400000, 0x0000000080400000|100%|HC|  |TAMS 0x0000000080400000| PB 0x0000000080300000| Complete |  0
|   4|0x0000000080400000, 0x0000000080500000, 0x0000000080500000|100%| O|  |TAMS 0x0000000080500000| PB 0x0000000080400000| Untracked |  0
|   5|0x0000000080500000, 0x0000000080600000, 0x0000000080600000|100%| O|  |TAMS 0x0000000080600000| PB 0x0000000080500000| Untracked |  0
|   6|0x0000000080600000, 0x0000000080700000, 0x0000000080700000|100%| O|  |TAMS 0x0000000080700000| PB 0x0000000080600000| Untracked |  0
|   7|0x0000000080700000, 0x0000000080800000, 0x0000000080800000|100%| O|  |TAMS 0x0000000080800000| PB 0x0000000080700000| Untracked |  0
|   8|0x0000000080800000, 0x0000000080900000, 0x0000000080900000|100%| O|  |TAMS 0x0000000080900000| PB 0x0000000080800000| Untracked |  0
|   9|0x0000000080900000, 0x0000000080a00000, 0x0000000080a00000|100%| O|  |TAMS 0x0000000080a00000| PB 0x0000000080900000| Untracked |  0
|  10|0x0000000080a00000, 0x0000000080b00000, 0x0000000080b00000|100%| O|  |TAMS 0x0000000080b00000| PB 0x0000000080a00000| Untracked |  0
|  11|0x0000000080b00000, 0x0000000080c00000, 0x0000000080c00000|100%| O|  |TAMS 0x0000000080c00000| PB 0x0000000080b00000| Untracked |  0
|  12|0x0000000080c00000, 0x0000000080d00000, 0x0000000080d00000|100%| O|  |TAMS 0x0000000080d00000| PB 0x0000000080c00000| Untracked |  0
|  13|0x0000000080d00000, 0x0000000080e00000, 0x0000000080e00000|100%| O|  |TAMS 0x0000000080e00000| PB 0x0000000080d00000| Untracked |  0
|  14|0x0000000080e00000, 0x0000000080f00000, 0x0000000080f00000|100%| O|  |TAMS 0x0000000080f00000| PB 0x0000000080e00000| Untracked |  0
|  15|0x0000000080f00000, 0x0000000081000000, 0x0000000081000000|100%| O|  |TAMS 0x0000000081000000| PB 0x0000000080f00000| Untracked |  0
|  16|0x0000000081000000, 0x0000000081100000, 0x0000000081100000|100%| O|  |TAMS 0x0000000081100000| PB 0x0000000081000000| Untracked |  0
|  17|0x0000000081100000, 0x0000000081200000, 0x0000000081200000|100%| O|  |TAMS 0x0000000081200000| PB 0x0000000081100000| Untracked |  0
|  18|0x0000000081200000, 0x0000000081300000, 0x0000000081300000|100%| O|  |TAMS 0x0000000081300000| PB 0x0000000081200000| Untracked |  0
|  19|0x0000000081300000, 0x0000000081400000, 0x0000000081400000|100%| O|  |TAMS 0x0000000081400000| PB 0x0000000081300000| Untracked |  0
|  20|0x0000000081400000, 0x0000000081500000, 0x0000000081500000|100%| O|  |TAMS 0x0000000081500000| PB 0x0000000081400000| Untracked |  0
|  21|0x0000000081500000, 0x0000000081600000, 0x0000000081600000|100%| O|  |TAMS 0x0000000081600000| PB 0x0000000081500000| Untracked |  0
|  22|0x0000000081600000, 0x0000000081700000, 0x0000000081700000|100%| O|  |TAMS 0x0000000081700000| PB 0x0000000081600000| Untracked |  0
|  23|0x0000000081700000, 0x0000000081800000, 0x0000000081800000|100%| O|  |TAMS 0x0000000081800000| PB 0x0000000081700000| Untracked |  0
|  24|0x0000000081800000, 0x0000000081900000, 0x0000000081900000|100%| O|  |TAMS 0x0000000081900000| PB 0x0000000081800000| Untracked |  0
|  25|0x0000000081900000, 0x0000000081a00000, 0x0000000081a00000|100%| O|  |TAMS 0x0000000081a00000| PB 0x0000000081900000| Untracked |  0
|  26|0x0000000081a00000, 0x0000000081b00000, 0x0000000081b00000|100%| O|  |TAMS 0x0000000081b00000| PB 0x0000000081a00000| Untracked |  0
|  27|0x0000000081b00000, 0x0000000081c00000, 0x0000000081c00000|100%| O|  |TAMS 0x0000000081c00000| PB 0x0000000081b00000| Untracked |  0
|  28|0x0000000081c00000, 0x0000000081d00000, 0x0000000081d00000|100%| O|  |TAMS 0x0000000081d00000| PB 0x0000000081c00000| Untracked |  0
|  29|0x0000000081d00000, 0x0000000081e00000, 0x0000000081e00000|100%| O|  |TAMS 0x0000000081e00000| PB 0x0000000081d00000| Untracked |  0
|  30|0x0000000081e00000, 0x0000000081f00000, 0x0000000081f00000|100%| O|  |TAMS 0x0000000081f00000| PB 0x0000000081e00000| Untracked |  0
|  31|0x0000000081f00000, 0x0000000082000000, 0x0000000082000000|100%| O|  |TAMS 0x0000000082000000| PB 0x0000000081f00000| Untracked |  0
|  32|0x0000000082000000, 0x0000000082100000, 0x0000000082100000|100%| O|  |TAMS 0x0000000082100000| PB 0x0000000082000000| Untracked |  0
|  33|0x0000000082100000, 0x0000000082200000, 0x0000000082200000|100%| O|  |TAMS 0x0000000082200000| PB 0x0000000082100000| Untracked |  0
|  34|0x0000000082200000, 0x0000000082300000, 0x0000000082300000|100%| O|  |TAMS 0x0000000082300000| PB 0x0000000082200000| Untracked |  0
|  35|0x0000000082300000, 0x0000000082400000, 0x0000000082400000|100%| O|  |TAMS 0x0000000082400000| PB 0x0000000082300000| Untracked |  0
|  36|0x0000000082400000, 0x0000000082500000, 0x0000000082500000|100%| O|  |TAMS 0x0000000082500000| PB 0x0000000082400000| Untracked |  0
|  37|0x0000000082500000, 0x0000000082600000, 0x0000000082600000|100%| O|  |TAMS 0x0000000082600000| PB 0x0000000082500000| Untracked |  0
|  38|0x0000000082600000, 0x0000000082700000, 0x0000000082700000|100%| O|  |TAMS 0x0000000082700000| PB 0x0000000082600000| Untracked |  0
|  39|0x0000000082700000, 0x0000000082800000, 0x0000000082800000|100%| O|  |TAMS 0x0000000082800000| PB 0x0000000082700000| Untracked |  0
|  40|0x0000000082800000, 0x0000000082900000, 0x0000000082900000|100%| O|  |TAMS 0x0000000082900000| PB 0x0000000082800000| Untracked |  0
|  41|0x0000000082900000, 0x0000000082a00000, 0x0000000082a00000|100%| O|  |TAMS 0x0000000082a00000| PB 0x0000000082900000| Untracked |  0
|  42|0x0000000082a00000, 0x0000000082b00000, 0x0000000082b00000|100%| O|  |TAMS 0x0000000082b00000| PB 0x0000000082a00000| Untracked |  0
|  43|0x0000000082b00000, 0x0000000082c00000, 0x0000000082c00000|100%| O|  |TAMS 0x0000000082c00000| PB 0x0000000082b00000| Untracked |  0
|  44|0x0000000082c00000, 0x0000000082d00000, 0x0000000082d00000|100%| O|  |TAMS 0x0000000082d00000| PB 0x0000000082c00000| Untracked |  0
|  45|0x0000000082d00000, 0x0000000082e00000, 0x0000000082e00000|100%| O|  |TAMS 0x0000000082e00000| PB 0x0000000082d00000| Untracked |  0
|  46|0x0000000082e00000, 0x0000000082f00000, 0x0000000082f00000|100%| O|  |TAMS 0x0000000082f00000| PB 0x0000000082e00000| Untracked |  0
|  47|0x0000000082f00000, 0x0000000083000000, 0x0000000083000000|100%| O|  |TAMS 0x0000000083000000| PB 0x0000000082f00000| Untracked |  0
|  48|0x0000000083000000, 0x0000000083100000, 0x0000000083100000|100%| O|  |TAMS 0x0000000083100000| PB 0x0000000083000000| Untracked |  0
|  49|0x0000000083100000, 0x0000000083200000, 0x0000000083200000|100%| O|  |TAMS 0x0000000083200000| PB 0x0000000083100000| Untracked |  0
|  50|0x0000000083200000, 0x0000000083300000, 0x0000000083300000|100%| O|  |TAMS 0x0000000083300000| PB 0x0000000083200000| Untracked |  0
|  51|0x0000000083300000, 0x0000000083400000, 0x0000000083400000|100%| O|  |TAMS 0x0000000083400000| PB 0x0000000083300000| Untracked |  0
|  52|0x0000000083400000, 0x0000000083500000, 0x0000000083500000|100%| O|  |TAMS 0x0000000083400000| PB 0x0000000083400000| Untracked |  0
|  53|0x0000000083500000, 0x0000000083600000, 0x0000000083600000|100%| O|  |TAMS 0x0000000083600000| PB 0x0000000083500000| Untracked |  0
|  54|0x0000000083600000, 0x0000000083700000, 0x0000000083700000|100%| O|  |TAMS 0x0000000083700000| PB 0x0000000083600000| Untracked |  0
|  55|0x0000000083700000, 0x0000000083800000, 0x0000000083800000|100%| O|  |TAMS 0x0000000083800000| PB 0x0000000083700000| Untracked |  0
|  56|0x0000000083800000, 0x0000000083900000, 0x0000000083900000|100%| O|  |TAMS 0x0000000083800000| PB 0x0000000083800000| Untracked |  0
|  57|0x0000000083900000, 0x0000000083a00000, 0x0000000083a00000|100%| O|  |TAMS 0x0000000083a00000| PB 0x0000000083900000| Untracked |  0
|  58|0x0000000083a00000, 0x0000000083b00000, 0x0000000083b00000|100%| O|  |TAMS 0x0000000083b00000| PB 0x0000000083a00000| Untracked |  0
|  59|0x0000000083b00000, 0x0000000083c00000, 0x0000000083c00000|100%| O|  |TAMS 0x0000000083c00000| PB 0x0000000083b00000| Untracked |  0
|  60|0x0000000083c00000, 0x0000000083d00000, 0x0000000083d00000|100%|HS|  |TAMS 0x0000000083d00000| PB 0x0000000083c00000| Complete |  0
|  61|0x0000000083d00000, 0x0000000083e00000, 0x0000000083e00000|100%|HC|  |TAMS 0x0000000083e00000| PB 0x0000000083d00000| Complete |  0
|  62|0x0000000083e00000, 0x0000000083f00000, 0x0000000083f00000|100%|HC|  |TAMS 0x0000000083f00000| PB 0x0000000083e00000| Complete |  0
|  63|0x0000000083f00000, 0x0000000084000000, 0x0000000084000000|100%|HC|  |TAMS 0x0000000084000000| PB 0x0000000083f00000| Complete |  0
|  64|0x0000000084000000, 0x0000000084100000, 0x0000000084100000|100%| O|  |TAMS 0x0000000084100000| PB 0x0000000084000000| Untracked |  0
|  65|0x0000000084100000, 0x0000000084200000, 0x0000000084200000|100%| O|  |TAMS 0x0000000084200000| PB 0x0000000084100000| Untracked |  0
|  66|0x0000000084200000, 0x0000000084300000, 0x0000000084300000|100%| O|  |TAMS 0x0000000084300000| PB 0x0000000084200000| Untracked |  0
|  67|0x0000000084300000, 0x0000000084400000, 0x0000000084400000|100%| O|  |TAMS 0x0000000084400000| PB 0x0000000084300000| Untracked |  0
|  68|0x0000000084400000, 0x0000000084500000, 0x0000000084500000|100%|HS|  |TAMS 0x0000000084500000| PB 0x0000000084400000| Complete |  0
|  69|0x0000000084500000, 0x0000000084600000, 0x0000000084600000|100%| O|  |TAMS 0x0000000084600000| PB 0x0000000084500000| Untracked |  0
|  70|0x0000000084600000, 0x0000000084700000, 0x0000000084700000|100%| O|  |TAMS 0x0000000084700000| PB 0x0000000084600000| Untracked |  0
|  71|0x0000000084700000, 0x0000000084800000, 0x0000000084800000|100%| O|  |TAMS 0x0000000084800000| PB 0x0000000084700000| Untracked |  0
|  72|0x0000000084800000, 0x0000000084900000, 0x0000000084900000|100%| O|  |TAMS 0x0000000084900000| PB 0x0000000084800000| Untracked |  0
|  73|0x0000000084900000, 0x0000000084a00000, 0x0000000084a00000|100%| O|  |TAMS 0x0000000084a00000| PB 0x0000000084900000| Untracked |  0
|  74|0x0000000084a00000, 0x0000000084b00000, 0x0000000084b00000|100%| O|  |TAMS 0x0000000084b00000| PB 0x0000000084a00000| Untracked |  0
|  75|0x0000000084b00000, 0x0000000084c00000, 0x0000000084c00000|100%| O|  |TAMS 0x0000000084c00000| PB 0x0000000084b00000| Untracked |  0
|  76|0x0000000084c00000, 0x0000000084d00000, 0x0000000084d00000|100%| O|  |TAMS 0x0000000084d00000| PB 0x0000000084c00000| Untracked |  0
|  77|0x0000000084d00000, 0x0000000084e00000, 0x0000000084e00000|100%| O|  |TAMS 0x0000000084e00000| PB 0x0000000084d00000| Untracked |  0
|  78|0x0000000084e00000, 0x0000000084f00000, 0x0000000084f00000|100%| O|  |TAMS 0x0000000084ebecf0| PB 0x0000000084e00000| Untracked |  0
|  79|0x0000000084f00000, 0x0000000085000000, 0x0000000085000000|100%|HS|  |TAMS 0x0000000085000000| PB 0x0000000084f00000| Complete |  0
|  80|0x0000000085000000, 0x0000000085100000, 0x0000000085100000|100%|HC|  |TAMS 0x0000000085100000| PB 0x0000000085000000| Complete |  0
|  81|0x0000000085100000, 0x0000000085200000, 0x0000000085200000|100%| O|  |TAMS 0x0000000085200000| PB 0x0000000085100000| Untracked |  0
|  82|0x0000000085200000, 0x0000000085300000, 0x0000000085300000|100%|HS|  |TAMS 0x0000000085300000| PB 0x0000000085200000| Complete |  0
|  83|0x0000000085300000, 0x0000000085400000, 0x0000000085400000|100%| O|  |TAMS 0x0000000085400000| PB 0x0000000085300000| Untracked |  0
|  84|0x0000000085400000, 0x0000000085500000, 0x0000000085500000|100%| O|  |TAMS 0x0000000085500000| PB 0x0000000085400000| Untracked |  0
|  85|0x0000000085500000, 0x0000000085600000, 0x0000000085600000|100%|HS|  |TAMS 0x0000000085600000| PB 0x0000000085500000| Complete |  0
|  86|0x0000000085600000, 0x0000000085700000, 0x0000000085700000|100%| O|  |TAMS 0x0000000085700000| PB 0x0000000085600000| Untracked |  0
|  87|0x0000000085700000, 0x0000000085800000, 0x0000000085800000|100%| O|  |TAMS 0x0000000085800000| PB 0x0000000085700000| Untracked |  0
|  88|0x0000000085800000, 0x0000000085900000, 0x0000000085900000|100%| O|  |TAMS 0x0000000085900000| PB 0x0000000085800000| Untracked |  0
|  89|0x0000000085900000, 0x0000000085a00000, 0x0000000085a00000|100%| O|  |TAMS 0x0000000085a00000| PB 0x0000000085900000| Untracked |  0
|  90|0x0000000085a00000, 0x0000000085b00000, 0x0000000085b00000|100%| O|  |TAMS 0x0000000085b00000| PB 0x0000000085a00000| Untracked |  0
|  91|0x0000000085b00000, 0x0000000085b5a090, 0x0000000085c00000| 35%| O|  |TAMS 0x0000000085b00000| PB 0x0000000085b00000| Untracked |  0
|  92|0x0000000085c00000, 0x0000000085d00000, 0x0000000085d00000|100%|HS|  |TAMS 0x0000000085d00000| PB 0x0000000085c00000| Complete |  0
|  93|0x0000000085d00000, 0x0000000085e00000, 0x0000000085e00000|100%|HS|  |TAMS 0x0000000085e00000| PB 0x0000000085d00000| Complete |  0
|  94|0x0000000085e00000, 0x0000000085f00000, 0x0000000085f00000|100%|HC|  |TAMS 0x0000000085f00000| PB 0x0000000085e00000| Complete |  0
|  95|0x0000000085f00000, 0x0000000086000000, 0x0000000086000000|100%|HS|  |TAMS 0x0000000086000000| PB 0x0000000085f00000| Complete |  0
|  96|0x0000000086000000, 0x0000000086100000, 0x0000000086100000|100%|HS|  |TAMS 0x0000000086100000| PB 0x0000000086000000| Complete |  0
|  97|0x0000000086100000, 0x0000000086200000, 0x0000000086200000|100%|HC|  |TAMS 0x0000000086200000| PB 0x0000000086100000| Complete |  0
|  98|0x0000000086200000, 0x0000000086300000, 0x0000000086300000|100%|HC|  |TAMS 0x0000000086300000| PB 0x0000000086200000| Complete |  0
|  99|0x0000000086300000, 0x0000000086400000, 0x0000000086400000|100%|HC|  |TAMS 0x0000000086400000| PB 0x0000000086300000| Complete |  0
| 100|0x0000000086400000, 0x0000000086500000, 0x0000000086500000|100%| O|  |TAMS 0x0000000086500000| PB 0x0000000086400000| Untracked |  0
| 101|0x0000000086500000, 0x0000000086600000, 0x0000000086600000|100%| O|  |TAMS 0x0000000086600000| PB 0x0000000086500000| Untracked |  0
| 102|0x0000000086600000, 0x0000000086700000, 0x0000000086700000|100%| O|  |TAMS 0x0000000086700000| PB 0x0000000086600000| Untracked |  0
| 103|0x0000000086700000, 0x0000000086800000, 0x0000000086800000|100%| O|  |TAMS 0x0000000086800000| PB 0x0000000086700000| Untracked |  0
| 104|0x0000000086800000, 0x0000000086900000, 0x0000000086900000|100%| O|  |TAMS 0x0000000086900000| PB 0x0000000086800000| Untracked |  0
| 105|0x0000000086900000, 0x0000000086a00000, 0x0000000086a00000|100%| O|  |TAMS 0x0000000086a00000| PB 0x0000000086900000| Untracked |  0
| 106|0x0000000086a00000, 0x0000000086b00000, 0x0000000086b00000|100%| O|  |TAMS 0x0000000086b00000| PB 0x0000000086a00000| Untracked |  0
| 107|0x0000000086b00000, 0x0000000086c00000, 0x0000000086c00000|100%| O|  |TAMS 0x0000000086c00000| PB 0x0000000086b00000| Untracked |  0
| 108|0x0000000086c00000, 0x0000000086d00000, 0x0000000086d00000|100%| O|  |TAMS 0x0000000086d00000| PB 0x0000000086c00000| Untracked |  0
| 109|0x0000000086d00000, 0x0000000086e00000, 0x0000000086e00000|100%| O|  |TAMS 0x0000000086e00000| PB 0x0000000086d00000| Untracked |  0
| 110|0x0000000086e00000, 0x0000000086f00000, 0x0000000086f00000|100%| O|  |TAMS 0x0000000086f00000| PB 0x0000000086e00000| Untracked |  0
| 111|0x0000000086f00000, 0x0000000087000000, 0x0000000087000000|100%| O|  |TAMS 0x0000000087000000| PB 0x0000000086f00000| Untracked |  0
| 112|0x0000000087000000, 0x0000000087100000, 0x0000000087100000|100%| O|  |TAMS 0x0000000087100000| PB 0x0000000087000000| Untracked |  0
| 113|0x0000000087100000, 0x0000000087200000, 0x0000000087200000|100%| O|  |TAMS 0x0000000087200000| PB 0x0000000087100000| Untracked |  0
| 114|0x0000000087200000, 0x0000000087300000, 0x0000000087300000|100%| O|  |TAMS 0x0000000087300000| PB 0x0000000087200000| Untracked |  0
| 115|0x0000000087300000, 0x0000000087400000, 0x0000000087400000|100%| O|  |TAMS 0x0000000087400000| PB 0x0000000087300000| Untracked |  0
| 116|0x0000000087400000, 0x0000000087500000, 0x0000000087500000|100%| O|  |TAMS 0x0000000087500000| PB 0x0000000087400000| Untracked |  0
| 117|0x0000000087500000, 0x0000000087600000, 0x0000000087600000|100%| O|  |TAMS 0x0000000087600000| PB 0x0000000087500000| Untracked |  0
| 118|0x0000000087600000, 0x0000000087700000, 0x0000000087700000|100%| O|  |TAMS 0x0000000087700000| PB 0x0000000087600000| Untracked |  0
| 119|0x0000000087700000, 0x0000000087800000, 0x0000000087800000|100%| O|  |TAMS 0x0000000087800000| PB 0x0000000087700000| Untracked |  0
| 120|0x0000000087800000, 0x0000000087900000, 0x0000000087900000|100%| O|  |TAMS 0x0000000087900000| PB 0x0000000087800000| Untracked |  0
| 121|0x0000000087900000, 0x0000000087a00000, 0x0000000087a00000|100%| O|  |TAMS 0x0000000087a00000| PB 0x0000000087900000| Untracked |  0
| 122|0x0000000087a00000, 0x0000000087b00000, 0x0000000087b00000|100%| O|  |TAMS 0x0000000087b00000| PB 0x0000000087a00000| Untracked |  0
| 123|0x0000000087b00000, 0x0000000087c00000, 0x0000000087c00000|100%| O|  |TAMS 0x0000000087c00000| PB 0x0000000087b00000| Untracked |  0
| 124|0x0000000087c00000, 0x0000000087d00000, 0x0000000087d00000|100%| O|  |TAMS 0x0000000087d00000| PB 0x0000000087c00000| Untracked |  0
| 125|0x0000000087d00000, 0x0000000087e00000, 0x0000000087e00000|100%| O|  |TAMS 0x0000000087e00000| PB 0x0000000087d00000| Untracked |  0
| 126|0x0000000087e00000, 0x0000000087f00000, 0x0000000087f00000|100%| O|  |TAMS 0x0000000087f00000| PB 0x0000000087e00000| Untracked |  0
| 127|0x0000000087f00000, 0x0000000088000000, 0x0000000088000000|100%| O|  |TAMS 0x0000000088000000| PB 0x0000000087f00000| Untracked |  0
| 128|0x0000000088000000, 0x0000000088100000, 0x0000000088100000|100%| O|  |TAMS 0x0000000088100000| PB 0x0000000088000000| Untracked |  0
| 129|0x0000000088100000, 0x0000000088200000, 0x0000000088200000|100%| O|  |TAMS 0x0000000088200000| PB 0x0000000088100000| Untracked |  0
| 130|0x0000000088200000, 0x0000000088300000, 0x0000000088300000|100%| O|  |TAMS 0x0000000088300000| PB 0x0000000088200000| Untracked |  0
| 131|0x0000000088300000, 0x0000000088400000, 0x0000000088400000|100%| O|  |TAMS 0x0000000088400000| PB 0x0000000088300000| Untracked |  0
| 132|0x0000000088400000, 0x0000000088500000, 0x0000000088500000|100%| O|  |TAMS 0x0000000088500000| PB 0x0000000088400000| Untracked |  0
| 133|0x0000000088500000, 0x0000000088600000, 0x0000000088600000|100%| O|  |TAMS 0x0000000088600000| PB 0x0000000088500000| Untracked |  0
| 134|0x0000000088600000, 0x0000000088600000, 0x0000000088700000|  0%| F|  |TAMS 0x0000000088600000| PB 0x0000000088600000| Untracked |  0
| 135|0x0000000088700000, 0x0000000088800000, 0x0000000088800000|100%| O|  |TAMS 0x0000000088800000| PB 0x0000000088700000| Untracked |  0
| 136|0x0000000088800000, 0x0000000088800000, 0x0000000088900000|  0%| F|  |TAMS 0x0000000088800000| PB 0x0000000088800000| Untracked |  0
| 137|0x0000000088900000, 0x0000000088a00000, 0x0000000088a00000|100%| O|  |TAMS 0x0000000088a00000| PB 0x0000000088900000| Untracked |  0
| 138|0x0000000088a00000, 0x0000000088b00000, 0x0000000088b00000|100%| O|  |TAMS 0x0000000088b00000| PB 0x0000000088a00000| Untracked |  0
| 139|0x0000000088b00000, 0x0000000088c00000, 0x0000000088c00000|100%| O|  |TAMS 0x0000000088c00000| PB 0x0000000088b00000| Untracked |  0
| 140|0x0000000088c00000, 0x0000000088c00000, 0x0000000088d00000|  0%| F|  |TAMS 0x0000000088c00000| PB 0x0000000088c00000| Untracked |  0
| 141|0x0000000088d00000, 0x0000000088d00000, 0x0000000088e00000|  0%| F|  |TAMS 0x0000000088d00000| PB 0x0000000088d00000| Untracked |  0
| 142|0x0000000088e00000, 0x0000000088e00000, 0x0000000088f00000|  0%| F|  |TAMS 0x0000000088e00000| PB 0x0000000088e00000| Untracked |  0
| 143|0x0000000088f00000, 0x0000000089000000, 0x0000000089000000|100%| O|  |TAMS 0x0000000089000000| PB 0x0000000088f00000| Untracked |  0
| 144|0x0000000089000000, 0x0000000089000000, 0x0000000089100000|  0%| F|  |TAMS 0x0000000089000000| PB 0x0000000089000000| Untracked |  0
| 145|0x0000000089100000, 0x0000000089200000, 0x0000000089200000|100%| O|  |TAMS 0x0000000089200000| PB 0x0000000089100000| Untracked |  0
| 146|0x0000000089200000, 0x0000000089200000, 0x0000000089300000|  0%| F|  |TAMS 0x0000000089200000| PB 0x0000000089200000| Untracked |  0
| 147|0x0000000089300000, 0x0000000089400000, 0x0000000089400000|100%| O|  |TAMS 0x0000000089400000| PB 0x0000000089300000| Untracked |  0
| 148|0x0000000089400000, 0x0000000089500000, 0x0000000089500000|100%| O|  |TAMS 0x0000000089500000| PB 0x0000000089400000| Untracked |  0
| 149|0x0000000089500000, 0x0000000089600000, 0x0000000089600000|100%| O|  |TAMS 0x0000000089600000| PB 0x0000000089500000| Untracked |  0
| 150|0x0000000089600000, 0x0000000089700000, 0x0000000089700000|100%| O|  |TAMS 0x0000000089700000| PB 0x0000000089600000| Untracked |  0
| 151|0x0000000089700000, 0x0000000089800000, 0x0000000089800000|100%| O|  |TAMS 0x0000000089800000| PB 0x0000000089700000| Untracked |  0
| 152|0x0000000089800000, 0x0000000089900000, 0x0000000089900000|100%| O|  |TAMS 0x0000000089900000| PB 0x0000000089800000| Untracked |  0
| 153|0x0000000089900000, 0x0000000089a00000, 0x0000000089a00000|100%| O|  |TAMS 0x0000000089a00000| PB 0x0000000089900000| Untracked |  0
| 154|0x0000000089a00000, 0x0000000089b00000, 0x0000000089b00000|100%| O|  |TAMS 0x0000000089b00000| PB 0x0000000089a00000| Untracked |  0
| 155|0x0000000089b00000, 0x0000000089c00000, 0x0000000089c00000|100%| O|  |TAMS 0x0000000089c00000| PB 0x0000000089b00000| Untracked |  0
| 156|0x0000000089c00000, 0x0000000089c00000, 0x0000000089d00000|  0%| F|  |TAMS 0x0000000089c00000| PB 0x0000000089c00000| Untracked |  0
| 157|0x0000000089d00000, 0x0000000089d00000, 0x0000000089e00000|  0%| F|  |TAMS 0x0000000089d00000| PB 0x0000000089d00000| Untracked |  0
| 158|0x0000000089e00000, 0x0000000089f00000, 0x0000000089f00000|100%| O|  |TAMS 0x0000000089f00000| PB 0x0000000089e00000| Untracked |  0
| 159|0x0000000089f00000, 0x0000000089f00000, 0x000000008a000000|  0%| F|  |TAMS 0x0000000089f00000| PB 0x0000000089f00000| Untracked |  0
| 160|0x000000008a000000, 0x000000008a000000, 0x000000008a100000|  0%| F|  |TAMS 0x000000008a000000| PB 0x000000008a000000| Untracked |  0
| 161|0x000000008a100000, 0x000000008a200000, 0x000000008a200000|100%| O|  |TAMS 0x000000008a200000| PB 0x000000008a100000| Untracked |  0
| 162|0x000000008a200000, 0x000000008a300000, 0x000000008a300000|100%| O|  |TAMS 0x000000008a300000| PB 0x000000008a200000| Untracked |  0
| 163|0x000000008a300000, 0x000000008a400000, 0x000000008a400000|100%| O|  |TAMS 0x000000008a400000| PB 0x000000008a300000| Untracked |  0
| 164|0x000000008a400000, 0x000000008a500000, 0x000000008a500000|100%| O|  |TAMS 0x000000008a500000| PB 0x000000008a400000| Untracked |  0
| 165|0x000000008a500000, 0x000000008a600000, 0x000000008a600000|100%| O|  |TAMS 0x000000008a600000| PB 0x000000008a500000| Untracked |  0
| 166|0x000000008a600000, 0x000000008a600000, 0x000000008a700000|  0%| F|  |TAMS 0x000000008a600000| PB 0x000000008a600000| Untracked |  0
| 167|0x000000008a700000, 0x000000008a700000, 0x000000008a800000|  0%| F|  |TAMS 0x000000008a700000| PB 0x000000008a700000| Untracked |  0
| 168|0x000000008a800000, 0x000000008a800000, 0x000000008a900000|  0%| F|  |TAMS 0x000000008a800000| PB 0x000000008a800000| Untracked |  0
| 169|0x000000008a900000, 0x000000008a900000, 0x000000008aa00000|  0%| F|  |TAMS 0x000000008a900000| PB 0x000000008a900000| Untracked |  0
| 170|0x000000008aa00000, 0x000000008aa00000, 0x000000008ab00000|  0%| F|  |TAMS 0x000000008aa00000| PB 0x000000008aa00000| Untracked |  0
| 171|0x000000008ab00000, 0x000000008ab00000, 0x000000008ac00000|  0%| F|  |TAMS 0x000000008ab00000| PB 0x000000008ab00000| Untracked |  0
| 172|0x000000008ac00000, 0x000000008ac00000, 0x000000008ad00000|  0%| F|  |TAMS 0x000000008ac00000| PB 0x000000008ac00000| Untracked |  0
| 173|0x000000008ad00000, 0x000000008ad00000, 0x000000008ae00000|  0%| F|  |TAMS 0x000000008ad00000| PB 0x000000008ad00000| Untracked |  0
| 174|0x000000008ae00000, 0x000000008ae00000, 0x000000008af00000|  0%| F|  |TAMS 0x000000008ae00000| PB 0x000000008ae00000| Untracked |  0
| 175|0x000000008af00000, 0x000000008af00000, 0x000000008b000000|  0%| F|  |TAMS 0x000000008af00000| PB 0x000000008af00000| Untracked |  0
| 176|0x000000008b000000, 0x000000008b000000, 0x000000008b100000|  0%| F|  |TAMS 0x000000008b000000| PB 0x000000008b000000| Untracked |  0
| 177|0x000000008b100000, 0x000000008b100000, 0x000000008b200000|  0%| F|  |TAMS 0x000000008b100000| PB 0x000000008b100000| Untracked |  0
| 178|0x000000008b200000, 0x000000008b200000, 0x000000008b300000|  0%| F|  |TAMS 0x000000008b200000| PB 0x000000008b200000| Untracked |  0
| 179|0x000000008b300000, 0x000000008b300000, 0x000000008b400000|  0%| F|  |TAMS 0x000000008b300000| PB 0x000000008b300000| Untracked |  0
| 180|0x000000008b400000, 0x000000008b400000, 0x000000008b500000|  0%| F|  |TAMS 0x000000008b400000| PB 0x000000008b400000| Untracked |  0
| 181|0x000000008b500000, 0x000000008b500000, 0x000000008b600000|  0%| F|  |TAMS 0x000000008b500000| PB 0x000000008b500000| Untracked |  0
| 182|0x000000008b600000, 0x000000008b600000, 0x000000008b700000|  0%| F|  |TAMS 0x000000008b600000| PB 0x000000008b600000| Untracked |  0
| 183|0x000000008b700000, 0x000000008b700000, 0x000000008b800000|  0%| F|  |TAMS 0x000000008b700000| PB 0x000000008b700000| Untracked |  0
| 184|0x000000008b800000, 0x000000008b900000, 0x000000008b900000|100%| O|  |TAMS 0x000000008b900000| PB 0x000000008b800000| Untracked |  0
| 185|0x000000008b900000, 0x000000008b900000, 0x000000008ba00000|  0%| F|  |TAMS 0x000000008b900000| PB 0x000000008b900000| Untracked |  0
| 186|0x000000008ba00000, 0x000000008ba00000, 0x000000008bb00000|  0%| F|  |TAMS 0x000000008ba00000| PB 0x000000008ba00000| Untracked |  0
| 187|0x000000008bb00000, 0x000000008bb00000, 0x000000008bc00000|  0%| F|  |TAMS 0x000000008bb00000| PB 0x000000008bb00000| Untracked |  0
| 188|0x000000008bc00000, 0x000000008bc00000, 0x000000008bd00000|  0%| F|  |TAMS 0x000000008bc00000| PB 0x000000008bc00000| Untracked |  0
| 189|0x000000008bd00000, 0x000000008bd00000, 0x000000008be00000|  0%| F|  |TAMS 0x000000008bd00000| PB 0x000000008bd00000| Untracked |  0
| 190|0x000000008be00000, 0x000000008be00000, 0x000000008bf00000|  0%| F|  |TAMS 0x000000008be00000| PB 0x000000008be00000| Untracked |  0
| 191|0x000000008bf00000, 0x000000008bf00000, 0x000000008c000000|  0%| F|  |TAMS 0x000000008bf00000| PB 0x000000008bf00000| Untracked |  0
| 192|0x000000008c000000, 0x000000008c000000, 0x000000008c100000|  0%| F|  |TAMS 0x000000008c000000| PB 0x000000008c000000| Untracked |  0
| 193|0x000000008c100000, 0x000000008c100000, 0x000000008c200000|  0%| F|  |TAMS 0x000000008c100000| PB 0x000000008c100000| Untracked |  0
| 194|0x000000008c200000, 0x000000008c200000, 0x000000008c300000|  0%| F|  |TAMS 0x000000008c200000| PB 0x000000008c200000| Untracked |  0
| 195|0x000000008c300000, 0x000000008c300000, 0x000000008c400000|  0%| F|  |TAMS 0x000000008c300000| PB 0x000000008c300000| Untracked |  0
| 196|0x000000008c400000, 0x000000008c400000, 0x000000008c500000|  0%| F|  |TAMS 0x000000008c400000| PB 0x000000008c400000| Untracked |  0
| 197|0x000000008c500000, 0x000000008c500000, 0x000000008c600000|  0%| F|  |TAMS 0x000000008c500000| PB 0x000000008c500000| Untracked |  0
| 198|0x000000008c600000, 0x000000008c600000, 0x000000008c700000|  0%| F|  |TAMS 0x000000008c600000| PB 0x000000008c600000| Untracked |  0
| 199|0x000000008c700000, 0x000000008c700000, 0x000000008c800000|  0%| F|  |TAMS 0x000000008c700000| PB 0x000000008c700000| Untracked |  0
| 200|0x000000008c800000, 0x000000008c800000, 0x000000008c900000|  0%| F|  |TAMS 0x000000008c800000| PB 0x000000008c800000| Untracked |  0
| 201|0x000000008c900000, 0x000000008c900000, 0x000000008ca00000|  0%| F|  |TAMS 0x000000008c900000| PB 0x000000008c900000| Untracked |  0
| 202|0x000000008ca00000, 0x000000008ca00000, 0x000000008cb00000|  0%| F|  |TAMS 0x000000008ca00000| PB 0x000000008ca00000| Untracked |  0
| 203|0x000000008cb00000, 0x000000008cb00000, 0x000000008cc00000|  0%| F|  |TAMS 0x000000008cb00000| PB 0x000000008cb00000| Untracked |  0
| 204|0x000000008cc00000, 0x000000008cc00000, 0x000000008cd00000|  0%| F|  |TAMS 0x000000008cc00000| PB 0x000000008cc00000| Untracked |  0
| 205|0x000000008cd00000, 0x000000008cd00000, 0x000000008ce00000|  0%| F|  |TAMS 0x000000008cd00000| PB 0x000000008cd00000| Untracked |  0
| 206|0x000000008ce00000, 0x000000008ce00000, 0x000000008cf00000|  0%| F|  |TAMS 0x000000008ce00000| PB 0x000000008ce00000| Untracked |  0
| 207|0x000000008cf00000, 0x000000008cf00000, 0x000000008d000000|  0%| F|  |TAMS 0x000000008cf00000| PB 0x000000008cf00000| Untracked |  0
| 208|0x000000008d000000, 0x000000008d000000, 0x000000008d100000|  0%| F|  |TAMS 0x000000008d000000| PB 0x000000008d000000| Untracked |  0
| 209|0x000000008d100000, 0x000000008d100000, 0x000000008d200000|  0%| F|  |TAMS 0x000000008d100000| PB 0x000000008d100000| Untracked |  0
| 210|0x000000008d200000, 0x000000008d200000, 0x000000008d300000|  0%| F|  |TAMS 0x000000008d200000| PB 0x000000008d200000| Untracked |  0
| 211|0x000000008d300000, 0x000000008d300000, 0x000000008d400000|  0%| F|  |TAMS 0x000000008d300000| PB 0x000000008d300000| Untracked |  0
| 212|0x000000008d400000, 0x000000008d400000, 0x000000008d500000|  0%| F|  |TAMS 0x000000008d400000| PB 0x000000008d400000| Untracked |  0
| 213|0x000000008d500000, 0x000000008d500000, 0x000000008d600000|  0%| F|  |TAMS 0x000000008d500000| PB 0x000000008d500000| Untracked |  0
| 214|0x000000008d600000, 0x000000008d600000, 0x000000008d700000|  0%| F|  |TAMS 0x000000008d600000| PB 0x000000008d600000| Untracked |  0
| 215|0x000000008d700000, 0x000000008d700000, 0x000000008d800000|  0%| F|  |TAMS 0x000000008d700000| PB 0x000000008d700000| Untracked |  0
| 216|0x000000008d800000, 0x000000008d800000, 0x000000008d900000|  0%| F|  |TAMS 0x000000008d800000| PB 0x000000008d800000| Untracked |  0
| 217|0x000000008d900000, 0x000000008d900000, 0x000000008da00000|  0%| F|  |TAMS 0x000000008d900000| PB 0x000000008d900000| Untracked |  0
| 218|0x000000008da00000, 0x000000008da00000, 0x000000008db00000|  0%| F|  |TAMS 0x000000008da00000| PB 0x000000008da00000| Untracked |  0
| 219|0x000000008db00000, 0x000000008db00000, 0x000000008dc00000|  0%| F|  |TAMS 0x000000008db00000| PB 0x000000008db00000| Untracked |  0
| 220|0x000000008dc00000, 0x000000008dc00000, 0x000000008dd00000|  0%| F|  |TAMS 0x000000008dc00000| PB 0x000000008dc00000| Untracked |  0
| 221|0x000000008dd00000, 0x000000008dd00000, 0x000000008de00000|  0%| F|  |TAMS 0x000000008dd00000| PB 0x000000008dd00000| Untracked |  0
| 222|0x000000008de00000, 0x000000008de00000, 0x000000008df00000|  0%| F|  |TAMS 0x000000008de00000| PB 0x000000008de00000| Untracked |  0
| 223|0x000000008df00000, 0x000000008df00000, 0x000000008e000000|  0%| F|  |TAMS 0x000000008df00000| PB 0x000000008df00000| Untracked |  0
| 224|0x000000008e000000, 0x000000008e000000, 0x000000008e100000|  0%| F|  |TAMS 0x000000008e000000| PB 0x000000008e000000| Untracked |  0
| 225|0x000000008e100000, 0x000000008e100000, 0x000000008e200000|  0%| F|  |TAMS 0x000000008e100000| PB 0x000000008e100000| Untracked |  0
| 226|0x000000008e200000, 0x000000008e200000, 0x000000008e300000|  0%| F|  |TAMS 0x000000008e200000| PB 0x000000008e200000| Untracked |  0
| 227|0x000000008e300000, 0x000000008e300000, 0x000000008e400000|  0%| F|  |TAMS 0x000000008e300000| PB 0x000000008e300000| Untracked |  0
| 228|0x000000008e400000, 0x000000008e400000, 0x000000008e500000|  0%| F|  |TAMS 0x000000008e400000| PB 0x000000008e400000| Untracked |  0
| 229|0x000000008e500000, 0x000000008e500000, 0x000000008e600000|  0%| F|  |TAMS 0x000000008e500000| PB 0x000000008e500000| Untracked |  0
| 230|0x000000008e600000, 0x000000008e600000, 0x000000008e700000|  0%| F|  |TAMS 0x000000008e600000| PB 0x000000008e600000| Untracked |  0
| 231|0x000000008e700000, 0x000000008e700000, 0x000000008e800000|  0%| F|  |TAMS 0x000000008e700000| PB 0x000000008e700000| Untracked |  0
| 232|0x000000008e800000, 0x000000008e800000, 0x000000008e900000|  0%| F|  |TAMS 0x000000008e800000| PB 0x000000008e800000| Untracked |  0
| 233|0x000000008e900000, 0x000000008e900000, 0x000000008ea00000|  0%| F|  |TAMS 0x000000008e900000| PB 0x000000008e900000| Untracked |  0
| 234|0x000000008ea00000, 0x000000008ea00000, 0x000000008eb00000|  0%| F|  |TAMS 0x000000008ea00000| PB 0x000000008ea00000| Untracked |  0
| 235|0x000000008eb00000, 0x000000008eb00000, 0x000000008ec00000|  0%| F|  |TAMS 0x000000008eb00000| PB 0x000000008eb00000| Untracked |  0
| 236|0x000000008ec00000, 0x000000008ec00000, 0x000000008ed00000|  0%| F|  |TAMS 0x000000008ec00000| PB 0x000000008ec00000| Untracked |  0
| 237|0x000000008ed00000, 0x000000008ed00000, 0x000000008ee00000|  0%| F|  |TAMS 0x000000008ed00000| PB 0x000000008ed00000| Untracked |  0
| 238|0x000000008ee00000, 0x000000008ee00000, 0x000000008ef00000|  0%| F|  |TAMS 0x000000008ee00000| PB 0x000000008ee00000| Untracked |  0
| 239|0x000000008ef00000, 0x000000008ef00000, 0x000000008f000000|  0%| F|  |TAMS 0x000000008ef00000| PB 0x000000008ef00000| Untracked |  0
| 240|0x000000008f000000, 0x000000008f000000, 0x000000008f100000|  0%| F|  |TAMS 0x000000008f000000| PB 0x000000008f000000| Untracked |  0
| 241|0x000000008f100000, 0x000000008f100000, 0x000000008f200000|  0%| F|  |TAMS 0x000000008f100000| PB 0x000000008f100000| Untracked |  0
| 242|0x000000008f200000, 0x000000008f200000, 0x000000008f300000|  0%| F|  |TAMS 0x000000008f200000| PB 0x000000008f200000| Untracked |  0
| 243|0x000000008f300000, 0x000000008f300000, 0x000000008f400000|  0%| F|  |TAMS 0x000000008f300000| PB 0x000000008f300000| Untracked |  0
| 244|0x000000008f400000, 0x000000008f400000, 0x000000008f500000|  0%| F|  |TAMS 0x000000008f400000| PB 0x000000008f400000| Untracked |  0
| 245|0x000000008f500000, 0x000000008f500000, 0x000000008f600000|  0%| F|  |TAMS 0x000000008f500000| PB 0x000000008f500000| Untracked |  0
| 246|0x000000008f600000, 0x000000008f600000, 0x000000008f700000|  0%| F|  |TAMS 0x000000008f600000| PB 0x000000008f600000| Untracked |  0
| 247|0x000000008f700000, 0x000000008f700000, 0x000000008f800000|  0%| F|  |TAMS 0x000000008f700000| PB 0x000000008f700000| Untracked |  0
| 248|0x000000008f800000, 0x000000008f800000, 0x000000008f900000|  0%| F|  |TAMS 0x000000008f800000| PB 0x000000008f800000| Untracked |  0
| 249|0x000000008f900000, 0x000000008f900000, 0x000000008fa00000|  0%| F|  |TAMS 0x000000008f900000| PB 0x000000008f900000| Untracked |  0
| 250|0x000000008fa00000, 0x000000008fa00000, 0x000000008fb00000|  0%| F|  |TAMS 0x000000008fa00000| PB 0x000000008fa00000| Untracked |  0
| 251|0x000000008fb00000, 0x000000008fb00000, 0x000000008fc00000|  0%| F|  |TAMS 0x000000008fb00000| PB 0x000000008fb00000| Untracked |  0
| 252|0x000000008fc00000, 0x000000008fc00000, 0x000000008fd00000|  0%| F|  |TAMS 0x000000008fc00000| PB 0x000000008fc00000| Untracked |  0
| 253|0x000000008fd00000, 0x000000008fd00000, 0x000000008fe00000|  0%| F|  |TAMS 0x000000008fd00000| PB 0x000000008fd00000| Untracked |  0
| 254|0x000000008fe00000, 0x000000008fe00000, 0x000000008ff00000|  0%| F|  |TAMS 0x000000008fe00000| PB 0x000000008fe00000| Untracked |  0
| 255|0x000000008ff00000, 0x000000008ff00000, 0x0000000090000000|  0%| F|  |TAMS 0x000000008ff00000| PB 0x000000008ff00000| Untracked |  0
| 256|0x0000000090000000, 0x0000000090000000, 0x0000000090100000|  0%| F|  |TAMS 0x0000000090000000| PB 0x0000000090000000| Untracked |  0
| 257|0x0000000090100000, 0x0000000090100000, 0x0000000090200000|  0%| F|  |TAMS 0x0000000090100000| PB 0x0000000090100000| Untracked |  0
| 258|0x0000000090200000, 0x0000000090200000, 0x0000000090300000|  0%| F|  |TAMS 0x0000000090200000| PB 0x0000000090200000| Untracked |  0
| 259|0x0000000090300000, 0x0000000090300000, 0x0000000090400000|  0%| F|  |TAMS 0x0000000090300000| PB 0x0000000090300000| Untracked |  0
| 260|0x0000000090400000, 0x0000000090400000, 0x0000000090500000|  0%| F|  |TAMS 0x0000000090400000| PB 0x0000000090400000| Untracked |  0
| 261|0x0000000090500000, 0x0000000090500000, 0x0000000090600000|  0%| F|  |TAMS 0x0000000090500000| PB 0x0000000090500000| Untracked |  0
| 262|0x0000000090600000, 0x0000000090600000, 0x0000000090700000|  0%| F|  |TAMS 0x0000000090600000| PB 0x0000000090600000| Untracked |  0
| 263|0x0000000090700000, 0x0000000090700000, 0x0000000090800000|  0%| F|  |TAMS 0x0000000090700000| PB 0x0000000090700000| Untracked |  0
| 264|0x0000000090800000, 0x0000000090800000, 0x0000000090900000|  0%| F|  |TAMS 0x0000000090800000| PB 0x0000000090800000| Untracked |  0
| 265|0x0000000090900000, 0x0000000090900000, 0x0000000090a00000|  0%| F|  |TAMS 0x0000000090900000| PB 0x0000000090900000| Untracked |  0
| 266|0x0000000090a00000, 0x0000000090a00000, 0x0000000090b00000|  0%| F|  |TAMS 0x0000000090a00000| PB 0x0000000090a00000| Untracked |  0
| 267|0x0000000090b00000, 0x0000000090b00000, 0x0000000090c00000|  0%| F|  |TAMS 0x0000000090b00000| PB 0x0000000090b00000| Untracked |  0
| 268|0x0000000090c00000, 0x0000000090c00000, 0x0000000090d00000|  0%| F|  |TAMS 0x0000000090c00000| PB 0x0000000090c00000| Untracked |  0
| 269|0x0000000090d00000, 0x0000000090d00000, 0x0000000090e00000|  0%| F|  |TAMS 0x0000000090d00000| PB 0x0000000090d00000| Untracked |  0
| 270|0x0000000090e00000, 0x0000000090e00000, 0x0000000090f00000|  0%| F|  |TAMS 0x0000000090e00000| PB 0x0000000090e00000| Untracked |  0
| 271|0x0000000090f00000, 0x0000000090f00000, 0x0000000091000000|  0%| F|  |TAMS 0x0000000090f00000| PB 0x0000000090f00000| Untracked |  0
| 272|0x0000000091000000, 0x0000000091000000, 0x0000000091100000|  0%| F|  |TAMS 0x0000000091000000| PB 0x0000000091000000| Untracked |  0
| 273|0x0000000091100000, 0x0000000091100000, 0x0000000091200000|  0%| F|  |TAMS 0x0000000091100000| PB 0x0000000091100000| Untracked |  0
| 274|0x0000000091200000, 0x0000000091200000, 0x0000000091300000|  0%| F|  |TAMS 0x0000000091200000| PB 0x0000000091200000| Untracked |  0
| 275|0x0000000091300000, 0x0000000091300000, 0x0000000091400000|  0%| F|  |TAMS 0x0000000091300000| PB 0x0000000091300000| Untracked |  0
| 276|0x0000000091400000, 0x0000000091400000, 0x0000000091500000|  0%| F|  |TAMS 0x0000000091400000| PB 0x0000000091400000| Untracked |  0
| 277|0x0000000091500000, 0x0000000091500000, 0x0000000091600000|  0%| F|  |TAMS 0x0000000091500000| PB 0x0000000091500000| Untracked |  0
| 278|0x0000000091600000, 0x0000000091600000, 0x0000000091700000|  0%| F|  |TAMS 0x0000000091600000| PB 0x0000000091600000| Untracked |  0
| 279|0x0000000091700000, 0x0000000091700000, 0x0000000091800000|  0%| F|  |TAMS 0x0000000091700000| PB 0x0000000091700000| Untracked |  0
| 280|0x0000000091800000, 0x0000000091800000, 0x0000000091900000|  0%| F|  |TAMS 0x0000000091800000| PB 0x0000000091800000| Untracked |  0
| 281|0x0000000091900000, 0x0000000091900000, 0x0000000091a00000|  0%| F|  |TAMS 0x0000000091900000| PB 0x0000000091900000| Untracked |  0
| 282|0x0000000091a00000, 0x0000000091a00000, 0x0000000091b00000|  0%| F|  |TAMS 0x0000000091a00000| PB 0x0000000091a00000| Untracked |  0
| 283|0x0000000091b00000, 0x0000000091b00000, 0x0000000091c00000|  0%| F|  |TAMS 0x0000000091b00000| PB 0x0000000091b00000| Untracked |  0
| 284|0x0000000091c00000, 0x0000000091c00000, 0x0000000091d00000|  0%| F|  |TAMS 0x0000000091c00000| PB 0x0000000091c00000| Untracked |  0
| 285|0x0000000091d00000, 0x0000000091d00000, 0x0000000091e00000|  0%| F|  |TAMS 0x0000000091d00000| PB 0x0000000091d00000| Untracked |  0
| 286|0x0000000091e00000, 0x0000000091e00000, 0x0000000091f00000|  0%| F|  |TAMS 0x0000000091e00000| PB 0x0000000091e00000| Untracked |  0
| 287|0x0000000091f00000, 0x0000000091f00000, 0x0000000092000000|  0%| F|  |TAMS 0x0000000091f00000| PB 0x0000000091f00000| Untracked |  0
| 288|0x0000000092000000, 0x0000000092000000, 0x0000000092100000|  0%| F|  |TAMS 0x0000000092000000| PB 0x0000000092000000| Untracked |  0
| 289|0x0000000092100000, 0x0000000092100000, 0x0000000092200000|  0%| F|  |TAMS 0x0000000092100000| PB 0x0000000092100000| Untracked |  0
| 290|0x0000000092200000, 0x0000000092200000, 0x0000000092300000|  0%| F|  |TAMS 0x0000000092200000| PB 0x0000000092200000| Untracked |  0
| 291|0x0000000092300000, 0x0000000092300000, 0x0000000092400000|  0%| F|  |TAMS 0x0000000092300000| PB 0x0000000092300000| Untracked |  0
| 292|0x0000000092400000, 0x0000000092400000, 0x0000000092500000|  0%| F|  |TAMS 0x0000000092400000| PB 0x0000000092400000| Untracked |  0
| 293|0x0000000092500000, 0x0000000092500000, 0x0000000092600000|  0%| F|  |TAMS 0x0000000092500000| PB 0x0000000092500000| Untracked |  0
| 294|0x0000000092600000, 0x0000000092600000, 0x0000000092700000|  0%| F|  |TAMS 0x0000000092600000| PB 0x0000000092600000| Untracked |  0
| 295|0x0000000092700000, 0x0000000092700000, 0x0000000092800000|  0%| F|  |TAMS 0x0000000092700000| PB 0x0000000092700000| Untracked |  0
| 296|0x0000000092800000, 0x0000000092800000, 0x0000000092900000|  0%| F|  |TAMS 0x0000000092800000| PB 0x0000000092800000| Untracked |  0
| 297|0x0000000092900000, 0x0000000092900000, 0x0000000092a00000|  0%| F|  |TAMS 0x0000000092900000| PB 0x0000000092900000| Untracked |  0
| 298|0x0000000092a00000, 0x0000000092a00000, 0x0000000092b00000|  0%| F|  |TAMS 0x0000000092a00000| PB 0x0000000092a00000| Untracked |  0
| 299|0x0000000092b00000, 0x0000000092b00000, 0x0000000092c00000|  0%| F|  |TAMS 0x0000000092b00000| PB 0x0000000092b00000| Untracked |  0
| 300|0x0000000092c00000, 0x0000000092c00000, 0x0000000092d00000|  0%| F|  |TAMS 0x0000000092c00000| PB 0x0000000092c00000| Untracked |  0
| 301|0x0000000092d00000, 0x0000000092d00000, 0x0000000092e00000|  0%| F|  |TAMS 0x0000000092d00000| PB 0x0000000092d00000| Untracked |  0
| 302|0x0000000092e00000, 0x0000000092e00000, 0x0000000092f00000|  0%| F|  |TAMS 0x0000000092e00000| PB 0x0000000092e00000| Untracked |  0
| 303|0x0000000092f00000, 0x0000000092f00000, 0x0000000093000000|  0%| F|  |TAMS 0x0000000092f00000| PB 0x0000000092f00000| Untracked |  0
| 304|0x0000000093000000, 0x0000000093000000, 0x0000000093100000|  0%| F|  |TAMS 0x0000000093000000| PB 0x0000000093000000| Untracked |  0
| 305|0x0000000093100000, 0x0000000093100000, 0x0000000093200000|  0%| F|  |TAMS 0x0000000093100000| PB 0x0000000093100000| Untracked |  0
| 306|0x0000000093200000, 0x0000000093200000, 0x0000000093300000|  0%| F|  |TAMS 0x0000000093200000| PB 0x0000000093200000| Untracked |  0
| 307|0x0000000093300000, 0x0000000093300000, 0x0000000093400000|  0%| F|  |TAMS 0x0000000093300000| PB 0x0000000093300000| Untracked |  0
| 308|0x0000000093400000, 0x0000000093400000, 0x0000000093500000|  0%| F|  |TAMS 0x0000000093400000| PB 0x0000000093400000| Untracked |  0
| 309|0x0000000093500000, 0x0000000093500000, 0x0000000093600000|  0%| F|  |TAMS 0x0000000093500000| PB 0x0000000093500000| Untracked |  0
| 310|0x0000000093600000, 0x0000000093600000, 0x0000000093700000|  0%| F|  |TAMS 0x0000000093600000| PB 0x0000000093600000| Untracked |  0
| 311|0x0000000093700000, 0x0000000093700000, 0x0000000093800000|  0%| F|  |TAMS 0x0000000093700000| PB 0x0000000093700000| Untracked |  0
| 312|0x0000000093800000, 0x0000000093800000, 0x0000000093900000|  0%| F|  |TAMS 0x0000000093800000| PB 0x0000000093800000| Untracked |  0
| 313|0x0000000093900000, 0x0000000093900000, 0x0000000093a00000|  0%| F|  |TAMS 0x0000000093900000| PB 0x0000000093900000| Untracked |  0
| 314|0x0000000093a00000, 0x0000000093a00000, 0x0000000093b00000|  0%| F|  |TAMS 0x0000000093a00000| PB 0x0000000093a00000| Untracked |  0
| 315|0x0000000093b00000, 0x0000000093b00000, 0x0000000093c00000|  0%| F|  |TAMS 0x0000000093b00000| PB 0x0000000093b00000| Untracked |  0
| 316|0x0000000093c00000, 0x0000000093c00000, 0x0000000093d00000|  0%| F|  |TAMS 0x0000000093c00000| PB 0x0000000093c00000| Untracked |  0
| 317|0x0000000093d00000, 0x0000000093d00000, 0x0000000093e00000|  0%| F|  |TAMS 0x0000000093d00000| PB 0x0000000093d00000| Untracked |  0
| 318|0x0000000093e00000, 0x0000000093e00000, 0x0000000093f00000|  0%| F|  |TAMS 0x0000000093e00000| PB 0x0000000093e00000| Untracked |  0
| 319|0x0000000093f00000, 0x0000000093f00000, 0x0000000094000000|  0%| F|  |TAMS 0x0000000093f00000| PB 0x0000000093f00000| Untracked |  0
| 320|0x0000000094000000, 0x0000000094000000, 0x0000000094100000|  0%| F|  |TAMS 0x0000000094000000| PB 0x0000000094000000| Untracked |  0
| 321|0x0000000094100000, 0x0000000094100000, 0x0000000094200000|  0%| F|  |TAMS 0x0000000094100000| PB 0x0000000094100000| Untracked |  0
| 322|0x0000000094200000, 0x0000000094200000, 0x0000000094300000|  0%| F|  |TAMS 0x0000000094200000| PB 0x0000000094200000| Untracked |  0
| 323|0x0000000094300000, 0x0000000094300000, 0x0000000094400000|  0%| F|  |TAMS 0x0000000094300000| PB 0x0000000094300000| Untracked |  0
| 324|0x0000000094400000, 0x0000000094400000, 0x0000000094500000|  0%| F|  |TAMS 0x0000000094400000| PB 0x0000000094400000| Untracked |  0
| 325|0x0000000094500000, 0x0000000094500000, 0x0000000094600000|  0%| F|  |TAMS 0x0000000094500000| PB 0x0000000094500000| Untracked |  0
| 326|0x0000000094600000, 0x0000000094600000, 0x0000000094700000|  0%| F|  |TAMS 0x0000000094600000| PB 0x0000000094600000| Untracked |  0
| 327|0x0000000094700000, 0x0000000094700000, 0x0000000094800000|  0%| F|  |TAMS 0x0000000094700000| PB 0x0000000094700000| Untracked |  0
| 328|0x0000000094800000, 0x0000000094800000, 0x0000000094900000|  0%| F|  |TAMS 0x0000000094800000| PB 0x0000000094800000| Untracked |  0
| 329|0x0000000094900000, 0x0000000094900000, 0x0000000094a00000|  0%| F|  |TAMS 0x0000000094900000| PB 0x0000000094900000| Untracked |  0
| 330|0x0000000094a00000, 0x0000000094a00000, 0x0000000094b00000|  0%| F|  |TAMS 0x0000000094a00000| PB 0x0000000094a00000| Untracked |  0
| 331|0x0000000094b00000, 0x0000000094b00000, 0x0000000094c00000|  0%| F|  |TAMS 0x0000000094b00000| PB 0x0000000094b00000| Untracked |  0
| 332|0x0000000094c00000, 0x0000000094c00000, 0x0000000094d00000|  0%| F|  |TAMS 0x0000000094c00000| PB 0x0000000094c00000| Untracked |  0
| 333|0x0000000094d00000, 0x0000000094d00000, 0x0000000094e00000|  0%| F|  |TAMS 0x0000000094d00000| PB 0x0000000094d00000| Untracked |  0
| 334|0x0000000094e00000, 0x0000000094e00000, 0x0000000094f00000|  0%| F|  |TAMS 0x0000000094e00000| PB 0x0000000094e00000| Untracked |  0
| 335|0x0000000094f00000, 0x0000000094f00000, 0x0000000095000000|  0%| F|  |TAMS 0x0000000094f00000| PB 0x0000000094f00000| Untracked |  0
| 336|0x0000000095000000, 0x0000000095000000, 0x0000000095100000|  0%| F|  |TAMS 0x0000000095000000| PB 0x0000000095000000| Untracked |  0
| 337|0x0000000095100000, 0x0000000095100000, 0x0000000095200000|  0%| F|  |TAMS 0x0000000095100000| PB 0x0000000095100000| Untracked |  0
| 338|0x0000000095200000, 0x0000000095200000, 0x0000000095300000|  0%| F|  |TAMS 0x0000000095200000| PB 0x0000000095200000| Untracked |  0
| 339|0x0000000095300000, 0x0000000095300000, 0x0000000095400000|  0%| F|  |TAMS 0x0000000095300000| PB 0x0000000095300000| Untracked |  0
| 340|0x0000000095400000, 0x0000000095400000, 0x0000000095500000|  0%| F|  |TAMS 0x0000000095400000| PB 0x0000000095400000| Untracked |  0
| 341|0x0000000095500000, 0x0000000095500000, 0x0000000095600000|  0%| F|  |TAMS 0x0000000095500000| PB 0x0000000095500000| Untracked |  0
| 342|0x0000000095600000, 0x0000000095600000, 0x0000000095700000|  0%| F|  |TAMS 0x0000000095600000| PB 0x0000000095600000| Untracked |  0
| 343|0x0000000095700000, 0x0000000095700000, 0x0000000095800000|  0%| F|  |TAMS 0x0000000095700000| PB 0x0000000095700000| Untracked |  0
| 344|0x0000000095800000, 0x0000000095800000, 0x0000000095900000|  0%| F|  |TAMS 0x0000000095800000| PB 0x0000000095800000| Untracked |  0
| 345|0x0000000095900000, 0x0000000095900000, 0x0000000095a00000|  0%| F|  |TAMS 0x0000000095900000| PB 0x0000000095900000| Untracked |  0
| 346|0x0000000095a00000, 0x0000000095a00000, 0x0000000095b00000|  0%| F|  |TAMS 0x0000000095a00000| PB 0x0000000095a00000| Untracked |  0
| 347|0x0000000095b00000, 0x0000000095b00000, 0x0000000095c00000|  0%| F|  |TAMS 0x0000000095b00000| PB 0x0000000095b00000| Untracked |  0
| 348|0x0000000095c00000, 0x0000000095c00000, 0x0000000095d00000|  0%| F|  |TAMS 0x0000000095c00000| PB 0x0000000095c00000| Untracked |  0
| 349|0x0000000095d00000, 0x0000000095d00000, 0x0000000095e00000|  0%| F|  |TAMS 0x0000000095d00000| PB 0x0000000095d00000| Untracked |  0
| 350|0x0000000095e00000, 0x0000000095e00000, 0x0000000095f00000|  0%| F|  |TAMS 0x0000000095e00000| PB 0x0000000095e00000| Untracked |  0
| 351|0x0000000095f00000, 0x0000000095f00000, 0x0000000096000000|  0%| F|  |TAMS 0x0000000095f00000| PB 0x0000000095f00000| Untracked |  0
| 352|0x0000000096000000, 0x0000000096000000, 0x0000000096100000|  0%| F|  |TAMS 0x0000000096000000| PB 0x0000000096000000| Untracked |  0
| 353|0x0000000096100000, 0x0000000096100000, 0x0000000096200000|  0%| F|  |TAMS 0x0000000096100000| PB 0x0000000096100000| Untracked |  0
| 354|0x0000000096200000, 0x0000000096200000, 0x0000000096300000|  0%| F|  |TAMS 0x0000000096200000| PB 0x0000000096200000| Untracked |  0
| 355|0x0000000096300000, 0x0000000096300000, 0x0000000096400000|  0%| F|  |TAMS 0x0000000096300000| PB 0x0000000096300000| Untracked |  0
| 356|0x0000000096400000, 0x0000000096400000, 0x0000000096500000|  0%| F|  |TAMS 0x0000000096400000| PB 0x0000000096400000| Untracked |  0
| 357|0x0000000096500000, 0x0000000096500000, 0x0000000096600000|  0%| F|  |TAMS 0x0000000096500000| PB 0x0000000096500000| Untracked |  0
| 358|0x0000000096600000, 0x0000000096600000, 0x0000000096700000|  0%| F|  |TAMS 0x0000000096600000| PB 0x0000000096600000| Untracked |  0
| 359|0x0000000096700000, 0x0000000096700000, 0x0000000096800000|  0%| F|  |TAMS 0x0000000096700000| PB 0x0000000096700000| Untracked |  0
| 360|0x0000000096800000, 0x0000000096800000, 0x0000000096900000|  0%| F|  |TAMS 0x0000000096800000| PB 0x0000000096800000| Untracked |  0
| 361|0x0000000096900000, 0x0000000096900000, 0x0000000096a00000|  0%| F|  |TAMS 0x0000000096900000| PB 0x0000000096900000| Untracked |  0
| 362|0x0000000096a00000, 0x0000000096a00000, 0x0000000096b00000|  0%| F|  |TAMS 0x0000000096a00000| PB 0x0000000096a00000| Untracked |  0
| 363|0x0000000096b00000, 0x0000000096b00000, 0x0000000096c00000|  0%| F|  |TAMS 0x0000000096b00000| PB 0x0000000096b00000| Untracked |  0
| 364|0x0000000096c00000, 0x0000000096c00000, 0x0000000096d00000|  0%| F|  |TAMS 0x0000000096c00000| PB 0x0000000096c00000| Untracked |  0
| 365|0x0000000096d00000, 0x0000000096d00000, 0x0000000096e00000|  0%| F|  |TAMS 0x0000000096d00000| PB 0x0000000096d00000| Untracked |  0
| 366|0x0000000096e00000, 0x0000000096e00000, 0x0000000096f00000|  0%| F|  |TAMS 0x0000000096e00000| PB 0x0000000096e00000| Untracked |  0
| 367|0x0000000096f00000, 0x0000000096f00000, 0x0000000097000000|  0%| F|  |TAMS 0x0000000096f00000| PB 0x0000000096f00000| Untracked |  0
| 368|0x0000000097000000, 0x0000000097000000, 0x0000000097100000|  0%| F|  |TAMS 0x0000000097000000| PB 0x0000000097000000| Untracked |  0
| 369|0x0000000097100000, 0x0000000097100000, 0x0000000097200000|  0%| F|  |TAMS 0x0000000097100000| PB 0x0000000097100000| Untracked |  0
| 370|0x0000000097200000, 0x0000000097200000, 0x0000000097300000|  0%| F|  |TAMS 0x0000000097200000| PB 0x0000000097200000| Untracked |  0
| 371|0x0000000097300000, 0x0000000097300000, 0x0000000097400000|  0%| F|  |TAMS 0x0000000097300000| PB 0x0000000097300000| Untracked |  0
| 372|0x0000000097400000, 0x0000000097400000, 0x0000000097500000|  0%| F|  |TAMS 0x0000000097400000| PB 0x0000000097400000| Untracked |  0
| 373|0x0000000097500000, 0x0000000097500000, 0x0000000097600000|  0%| F|  |TAMS 0x0000000097500000| PB 0x0000000097500000| Untracked |  0
| 374|0x0000000097600000, 0x0000000097600000, 0x0000000097700000|  0%| F|  |TAMS 0x0000000097600000| PB 0x0000000097600000| Untracked |  0
| 375|0x0000000097700000, 0x0000000097700000, 0x0000000097800000|  0%| F|  |TAMS 0x0000000097700000| PB 0x0000000097700000| Untracked |  0
| 376|0x0000000097800000, 0x0000000097800000, 0x0000000097900000|  0%| F|  |TAMS 0x0000000097800000| PB 0x0000000097800000| Untracked |  0
| 377|0x0000000097900000, 0x000000009796c7e0, 0x0000000097a00000| 42%| S|CS|TAMS 0x0000000097900000| PB 0x0000000097900000| Complete |  0
| 378|0x0000000097a00000, 0x0000000097b00000, 0x0000000097b00000|100%| S|CS|TAMS 0x0000000097a00000| PB 0x0000000097a00000| Complete |  0
|2033|0x00000000ff100000, 0x00000000ff100000, 0x00000000ff200000|  0%| F|  |TAMS 0x00000000ff100000| PB 0x00000000ff100000| Untracked |  0
|2034|0x00000000ff200000, 0x00000000ff200000, 0x00000000ff300000|  0%| F|  |TAMS 0x00000000ff200000| PB 0x00000000ff200000| Untracked |  0
|2035|0x00000000ff300000, 0x00000000ff300000, 0x00000000ff400000|  0%| F|  |TAMS 0x00000000ff300000| PB 0x00000000ff300000| Untracked |  0
|2036|0x00000000ff400000, 0x00000000ff400000, 0x00000000ff500000|  0%| F|  |TAMS 0x00000000ff400000| PB 0x00000000ff400000| Untracked |  0
|2037|0x00000000ff500000, 0x00000000ff500000, 0x00000000ff600000|  0%| F|  |TAMS 0x00000000ff500000| PB 0x00000000ff500000| Untracked |  0
|2038|0x00000000ff600000, 0x00000000ff600000, 0x00000000ff700000|  0%| F|  |TAMS 0x00000000ff600000| PB 0x00000000ff600000| Untracked |  0
|2039|0x00000000ff700000, 0x00000000ff700000, 0x00000000ff800000|  0%| F|  |TAMS 0x00000000ff700000| PB 0x00000000ff700000| Untracked |  0
|2040|0x00000000ff800000, 0x00000000ff800000, 0x00000000ff900000|  0%| F|  |TAMS 0x00000000ff800000| PB 0x00000000ff800000| Untracked |  0
|2041|0x00000000ff900000, 0x00000000ff900000, 0x00000000ffa00000|  0%| F|  |TAMS 0x00000000ff900000| PB 0x00000000ff900000| Untracked |  0
|2042|0x00000000ffa00000, 0x00000000ffa00000, 0x00000000ffb00000|  0%| F|  |TAMS 0x00000000ffa00000| PB 0x00000000ffa00000| Untracked |  0
|2043|0x00000000ffb00000, 0x00000000ffb00000, 0x00000000ffc00000|  0%| F|  |TAMS 0x00000000ffb00000| PB 0x00000000ffb00000| Untracked |  0
|2044|0x00000000ffc00000, 0x00000000ffc00000, 0x00000000ffd00000|  0%| F|  |TAMS 0x00000000ffc00000| PB 0x00000000ffc00000| Untracked |  0
|2045|0x00000000ffd00000, 0x00000000ffd00000, 0x00000000ffe00000|  0%| F|  |TAMS 0x00000000ffd00000| PB 0x00000000ffd00000| Untracked |  0
|2046|0x00000000ffe00000, 0x00000000ffe00000, 0x00000000fff00000|  0%| F|  |TAMS 0x00000000ffe00000| PB 0x00000000ffe00000| Untracked |  0
|2047|0x00000000fff00000, 0x0000000100000000, 0x0000000100000000|100%| O|  |TAMS 0x0000000100000000| PB 0x00000000fff00000| Untracked |  0

Card table byte_map: [0x000002b03d250000,0x000002b03d650000] _byte_map_base: 0x000002b03ce50000

Marking Bits: (CMBitMap*) 0x000002b02533cf50
 Bits: [0x000002b03d650000, 0x000002b03f650000)

Polling page: 0x000002b024aa0000

Metaspace:

Usage:
  Non-class:    142.74 MB used.
      Class:     21.65 MB used.
       Both:    164.39 MB used.

Virtual space:
  Non-class space:      192.00 MB reserved,     144.06 MB ( 75%) committed,  3 nodes.
      Class space:        1.00 GB reserved,      22.88 MB (  2%) committed,  1 nodes.
             Both:        1.19 GB reserved,     166.94 MB ( 14%) committed. 

Chunk freelists:
   Non-Class:  15.88 MB
       Class:  9.13 MB
        Both:  25.00 MB

MaxMetaspaceSize: unlimited
CompressedClassSpaceSize: 1.00 GB
Initial GC threshold: 21.00 MB
Current GC threshold: 278.06 MB
CDS: on
 - commit_granule_bytes: 65536.
 - commit_granule_words: 8192.
 - virtual_space_node_default_size: 8388608.
 - enlarge_chunks_in_place: 1.
 - use_allocation_guard: 0.


Internal statistics:

num_allocs_failed_limit: 3.
num_arena_births: 4820.
num_arena_deaths: 14.
num_vsnodes_births: 4.
num_vsnodes_deaths: 0.
num_space_committed: 2661.
num_space_uncommitted: 0.
num_chunks_returned_to_freelist: 24.
num_chunks_taken_from_freelist: 11277.
num_chunk_merges: 12.
num_chunk_splits: 8059.
num_chunks_enlarged: 5767.
num_inconsistent_stats: 0.

CodeHeap 'non-profiled nmethods': size=120064Kb used=10409Kb max_used=10703Kb free=109654Kb
 bounds [0x000002b0354d0000, 0x000002b035f50000, 0x000002b03ca10000]
CodeHeap 'profiled nmethods': size=120000Kb used=34240Kb max_used=36210Kb free=85759Kb
 bounds [0x000002b02da10000, 0x000002b02fd70000, 0x000002b034f40000]
CodeHeap 'non-nmethods': size=5696Kb used=2456Kb max_used=2555Kb free=3239Kb
 bounds [0x000002b034f40000, 0x000002b0351e0000, 0x000002b0354d0000]
CodeCache: size=245760Kb, used=47105Kb, max_used=49468Kb, free=198652Kb
 total_blobs=22138, nmethods=21016, adapters=1024, full_count=0
Compilation: enabled, stopped_count=0, restarted_count=0

Compilation events (20 events):
Event: 152.703 Thread 0x000002b042111a50 nmethod 26857 0x000002b02e1b6188 code [0x000002b02e1b6320, 0x000002b02e1b6790]
Event: 152.704 Thread 0x000002b042111a50 26858       2       java.lang.StringLatin1::compareTo (14 bytes)
Event: 152.705 Thread 0x000002b042111a50 nmethod 26858 0x000002b02e09fa88 code [0x000002b02e09fba0, 0x000002b02e09fcb0]
Event: 152.705 Thread 0x000002b042111a50 26859       2       java.lang.StringLatin1::compareTo (41 bytes)
Event: 152.706 Thread 0x000002b042111a50 nmethod 26859 0x000002b02dc1cb88 code [0x000002b02dc1ccc0, 0x000002b02dc1ce88]
Event: 152.708 Thread 0x000002b042109820 nmethod 26854 0x000002b035c94908 code [0x000002b035c94a00, 0x000002b035c94b90]
Event: 152.708 Thread 0x000002b042109820 26855 %     4       com.google.common.collect.ObjectArrays::checkElementsNotNull @ 2 (23 bytes)
Event: 152.714 Thread 0x000002b042109820 nmethod 26855% 0x000002b035d4fc08 code [0x000002b035d4fd20, 0x000002b035d4ff80]
Event: 152.715 Thread 0x000002b042109820 26860       4       java.util.ComparableTimSort::countRunAndMakeAscending (123 bytes)
Event: 152.733 Thread 0x000002b042109820 nmethod 26860 0x000002b0357e2e08 code [0x000002b0357e2f80, 0x000002b0357e3738]
Event: 152.734 Thread 0x000002b042109820 26856       4       org.gradle.internal.fingerprint.impl.DefaultFileSystemLocationFingerprint::compareTo (9 bytes)
Event: 152.753 Thread 0x000002b042109820 nmethod 26856 0x000002b035d2b508 code [0x000002b035d2b620, 0x000002b035d2bb30]
Event: 152.754 Thread 0x000002b042109820 26861       4       org.gradle.internal.fingerprint.impl.DefaultFileSystemLocationFingerprint::appendToHasher (21 bytes)
Event: 152.877 Thread 0x000002b042109820 nmethod 26861 0x000002b035580d08 code [0x000002b035580ee0, 0x000002b035581b28]
Event: 152.878 Thread 0x000002b042109820 26862       4       org.gradle.api.internal.file.archive.impl.FileZipInput$1::computeNext (5 bytes)
Event: 152.922 Thread 0x000002b042109820 nmethod 26862 0x000002b03566c888 code [0x000002b03566ca00, 0x000002b03566d288]
Event: 153.192 Thread 0x000002b042109820 26863   !   4       java.util.jar.Attributes::read (494 bytes)
Event: 153.283 Thread 0x000002b042111a50 26864       3       java.util.jar.Attributes$Name::hash (148 bytes)
Event: 153.350 Thread 0x000002b042111a50 nmethod 26864 0x000002b02dca5408 code [0x000002b02dca5600, 0x000002b02dca6208]
Event: 156.914 Thread 0x000002b042109820 nmethod 26863 0x000002b035c37688 code [0x000002b035c37ac0, 0x000002b035c3bc38]

GC Heap History (20 events):
Event: 105.703 GC heap after
{Heap after GC invocations=80 (full 0):
 garbage-first heap   total reserved 2097152K, committed 403456K, used 168270K [0x0000000080000000, 0x0000000100000000)
  region size 1024K, 6 young (6144K), 6 survivors (6144K)
 Metaspace       used 165015K, committed 167744K, reserved 1245184K
  class space    used 21880K, committed 23168K, reserved 1048576K
}
Event: 109.446 GC heap before
{Heap before GC invocations=80 (full 0):
 garbage-first heap   total reserved 2097152K, committed 403456K, used 318798K [0x0000000080000000, 0x0000000100000000)
  region size 1024K, 154 young (157696K), 6 survivors (6144K)
 Metaspace       used 166434K, committed 169152K, reserved 1245184K
  class space    used 22012K, committed 23296K, reserved 1048576K
}
Event: 109.480 GC heap after
{Heap after GC invocations=81 (full 0):
 garbage-first heap   total reserved 2097152K, committed 403456K, used 169304K [0x0000000080000000, 0x0000000100000000)
  region size 1024K, 7 young (7168K), 7 survivors (7168K)
 Metaspace       used 166434K, committed 169152K, reserved 1245184K
  class space    used 22012K, committed 23296K, reserved 1048576K
}
Event: 112.276 GC heap before
{Heap before GC invocations=81 (full 0):
 garbage-first heap   total reserved 2097152K, committed 403456K, used 322904K [0x0000000080000000, 0x0000000100000000)
  region size 1024K, 158 young (161792K), 7 survivors (7168K)
 Metaspace       used 167747K, committed 170432K, reserved 1245184K
  class space    used 22140K, committed 23424K, reserved 1048576K
}
Event: 112.311 GC heap after
{Heap after GC invocations=82 (full 0):
 garbage-first heap   total reserved 2097152K, committed 403456K, used 168495K [0x0000000080000000, 0x0000000100000000)
  region size 1024K, 7 young (7168K), 7 survivors (7168K)
 Metaspace       used 167747K, committed 170432K, reserved 1245184K
  class space    used 22140K, committed 23424K, reserved 1048576K
}
Event: 112.585 GC heap before
{Heap before GC invocations=82 (full 0):
 garbage-first heap   total reserved 2097152K, committed 403456K, used 206383K [0x0000000080000000, 0x0000000100000000)
  region size 1024K, 45 young (46080K), 7 survivors (7168K)
 Metaspace       used 167925K, committed 170624K, reserved 1245184K
  class space    used 22148K, committed 23424K, reserved 1048576K
}
Event: 112.666 GC heap after
{Heap after GC invocations=83 (full 0):
 garbage-first heap   total reserved 2097152K, committed 403456K, used 169657K [0x0000000080000000, 0x0000000100000000)
  region size 1024K, 8 young (8192K), 8 survivors (8192K)
 Metaspace       used 167925K, committed 170624K, reserved 1245184K
  class space    used 22148K, committed 23424K, reserved 1048576K
}
Event: 113.865 GC heap before
{Heap before GC invocations=83 (full 0):
 garbage-first heap   total reserved 2097152K, committed 403456K, used 344761K [0x0000000080000000, 0x0000000100000000)
  region size 1024K, 176 young (180224K), 8 survivors (8192K)
 Metaspace       used 168090K, committed 170752K, reserved 1245184K
  class space    used 22155K, committed 23424K, reserved 1048576K
}
Event: 113.890 GC heap after
{Heap after GC invocations=84 (full 0):
 garbage-first heap   total reserved 2097152K, committed 403456K, used 176849K [0x0000000080000000, 0x0000000100000000)
  region size 1024K, 12 young (12288K), 12 survivors (12288K)
 Metaspace       used 168090K, committed 170752K, reserved 1245184K
  class space    used 22155K, committed 23424K, reserved 1048576K
}
Event: 115.657 GC heap before
{Heap before GC invocations=84 (full 0):
 garbage-first heap   total reserved 2097152K, committed 403456K, used 344785K [0x0000000080000000, 0x0000000100000000)
  region size 1024K, 177 young (181248K), 12 survivors (12288K)
 Metaspace       used 168110K, committed 170752K, reserved 1245184K
  class space    used 22155K, committed 23424K, reserved 1048576K
}
Event: 115.685 GC heap after
{Heap after GC invocations=85 (full 0):
 garbage-first heap   total reserved 2097152K, committed 403456K, used 175436K [0x0000000080000000, 0x0000000100000000)
  region size 1024K, 11 young (11264K), 11 survivors (11264K)
 Metaspace       used 168110K, committed 170752K, reserved 1245184K
  class space    used 22155K, committed 23424K, reserved 1048576K
}
Event: 117.434 GC heap before
{Heap before GC invocations=85 (full 0):
 garbage-first heap   total reserved 2097152K, committed 403456K, used 352588K [0x0000000080000000, 0x0000000100000000)
  region size 1024K, 184 young (188416K), 11 survivors (11264K)
 Metaspace       used 168114K, committed 170752K, reserved 1245184K
  class space    used 22156K, committed 23424K, reserved 1048576K
}
Event: 117.630 GC heap after
{Heap after GC invocations=86 (full 0):
 garbage-first heap   total reserved 2097152K, committed 403456K, used 175761K [0x0000000080000000, 0x0000000100000000)
  region size 1024K, 12 young (12288K), 12 survivors (12288K)
 Metaspace       used 168114K, committed 170752K, reserved 1245184K
  class space    used 22156K, committed 23424K, reserved 1048576K
}
Event: 145.402 GC heap before
{Heap before GC invocations=87 (full 0):
 garbage-first heap   total reserved 2097152K, committed 403456K, used 316049K [0x0000000080000000, 0x0000000100000000)
  region size 1024K, 151 young (154624K), 12 survivors (12288K)
 Metaspace       used 168333K, committed 170944K, reserved 1245184K
  class space    used 22170K, committed 23424K, reserved 1048576K
}
Event: 145.622 GC heap after
{Heap after GC invocations=88 (full 0):
 garbage-first heap   total reserved 2097152K, committed 403456K, used 168373K [0x0000000080000000, 0x0000000100000000)
  region size 1024K, 6 young (6144K), 6 survivors (6144K)
 Metaspace       used 168333K, committed 170944K, reserved 1245184K
  class space    used 22170K, committed 23424K, reserved 1048576K
}
Event: 149.940 GC heap before
{Heap before GC invocations=88 (full 0):
 garbage-first heap   total reserved 2097152K, committed 403456K, used 360885K [0x0000000080000000, 0x0000000100000000)
  region size 1024K, 194 young (198656K), 6 survivors (6144K)
 Metaspace       used 168334K, committed 170944K, reserved 1245184K
  class space    used 22170K, committed 23424K, reserved 1048576K
}
Event: 150.157 GC heap after
{Heap after GC invocations=89 (full 0):
 garbage-first heap   total reserved 2097152K, committed 403456K, used 165345K [0x0000000080000000, 0x0000000100000000)
  region size 1024K, 8 young (8192K), 8 survivors (8192K)
 Metaspace       used 168334K, committed 170944K, reserved 1245184K
  class space    used 22170K, committed 23424K, reserved 1048576K
}
Event: 158.415 GC heap before
{Heap before GC invocations=89 (full 0):
 garbage-first heap   total reserved 2097152K, committed 403456K, used 322017K [0x0000000080000000, 0x0000000100000000)
  region size 1024K, 161 young (164864K), 8 survivors (8192K)
 Metaspace       used 168334K, committed 170944K, reserved 1245184K
  class space    used 22170K, committed 23424K, reserved 1048576K
}
Event: 163.733 GC heap after
{Heap after GC invocations=90 (full 0):
 garbage-first heap   total reserved 2097152K, committed 403456K, used 162178K [0x0000000080000000, 0x0000000100000000)
  region size 1024K, 5 young (5120K), 5 survivors (5120K)
 Metaspace       used 168334K, committed 170944K, reserved 1245184K
  class space    used 22170K, committed 23424K, reserved 1048576K
}
Event: 163.884 GC heap before
{Heap before GC invocations=90 (full 0):
 garbage-first heap   total reserved 2097152K, committed 403456K, used 176514K [0x0000000080000000, 0x0000000100000000)
  region size 1024K, 19 young (19456K), 5 survivors (5120K)
 Metaspace       used 168334K, committed 170944K, reserved 1245184K
  class space    used 22170K, committed 23424K, reserved 1048576K
}

Dll operation events (15 events):
Event: 0.071 Loaded shared library C:\Program Files\Java\jdk-23\bin\java.dll
Event: 0.324 Loaded shared library C:\Program Files\Java\jdk-23\bin\jsvml.dll
Event: 0.662 Loaded shared library C:\Program Files\Java\jdk-23\bin\zip.dll
Event: 0.689 Loaded shared library C:\Program Files\Java\jdk-23\bin\instrument.dll
Event: 0.712 Loaded shared library C:\Program Files\Java\jdk-23\bin\net.dll
Event: 0.728 Loaded shared library C:\Program Files\Java\jdk-23\bin\nio.dll
Event: 0.768 Loaded shared library C:\Program Files\Java\jdk-23\bin\zip.dll
Event: 2.137 Loaded shared library C:\Program Files\Java\jdk-23\bin\jimage.dll
Event: 2.501 Loaded shared library C:\Program Files\Java\jdk-23\bin\verify.dll
Event: 3.428 Loaded shared library C:\Users\gyral\.gradle\native\c067742578af261105cb4f569cf0c3c89f3d7b1fecec35dd04571415982c5e48\windows-amd64\native-platform.dll
Event: 3.488 Loaded shared library C:\Users\gyral\.gradle\native\38dada09dfb8b06ba9b0570ebf7e218e3eb74d4ef43ca46872605cf95ebc2f47\windows-amd64\native-platform-file-events.dll
Event: 8.579 Loaded shared library C:\Program Files\Java\jdk-23\bin\management.dll
Event: 8.588 Loaded shared library C:\Program Files\Java\jdk-23\bin\management_ext.dll
Event: 9.287 Loaded shared library C:\Program Files\Java\jdk-23\bin\extnet.dll
Event: 10.051 Loaded shared library C:\Program Files\Java\jdk-23\bin\sunmscapi.dll

Deoptimization events (20 events):
Event: 152.856 Thread 0x000002b09bb6e920 Uncommon trap: trap_request=0xffffffc6 fr.pc=0x000002b035c6a308 relative=0x00000000000003a8
Event: 152.856 Thread 0x000002b09bb6e920 Uncommon trap: reason=bimorphic_or_optimized_type_check action=maybe_recompile pc=0x000002b035c6a308 method=java.util.Map$Entry.lambda$comparingByKey$bbdbfea9$1(Ljava/util/Map$Entry;Ljava/util/Map$Entry;)I @ 1 c2
Event: 152.856 Thread 0x000002b09bb6e920 DEOPT PACKING pc=0x000002b035c6a308 sp=0x000000efc1efba50
Event: 152.857 Thread 0x000002b09bb6e920 DEOPT UNPACKING pc=0x000002b034f94402 sp=0x000000efc1efb970 mode 2
Event: 152.857 Thread 0x000002b09bb6e920 Uncommon trap: trap_request=0xffffffc6 fr.pc=0x000002b035c6a308 relative=0x00000000000003a8
Event: 152.857 Thread 0x000002b09bb6e920 Uncommon trap: reason=bimorphic_or_optimized_type_check action=maybe_recompile pc=0x000002b035c6a308 method=java.util.Map$Entry.lambda$comparingByKey$bbdbfea9$1(Ljava/util/Map$Entry;Ljava/util/Map$Entry;)I @ 1 c2
Event: 152.857 Thread 0x000002b09bb6e920 DEOPT PACKING pc=0x000002b035c6a308 sp=0x000000efc1efba50
Event: 152.857 Thread 0x000002b09bb6e920 DEOPT UNPACKING pc=0x000002b034f94402 sp=0x000000efc1efb970 mode 2
Event: 152.857 Thread 0x000002b09bb6e920 Uncommon trap: trap_request=0xffffffc6 fr.pc=0x000002b035c6a308 relative=0x00000000000003a8
Event: 152.857 Thread 0x000002b09bb6e920 Uncommon trap: reason=bimorphic_or_optimized_type_check action=maybe_recompile pc=0x000002b035c6a308 method=java.util.Map$Entry.lambda$comparingByKey$bbdbfea9$1(Ljava/util/Map$Entry;Ljava/util/Map$Entry;)I @ 1 c2
Event: 152.857 Thread 0x000002b09bb6e920 DEOPT PACKING pc=0x000002b035c6a308 sp=0x000000efc1efba50
Event: 152.857 Thread 0x000002b09bb6e920 DEOPT UNPACKING pc=0x000002b034f94402 sp=0x000000efc1efb970 mode 2
Event: 152.857 Thread 0x000002b09bb6e920 Uncommon trap: trap_request=0xffffffc6 fr.pc=0x000002b035c6a308 relative=0x00000000000003a8
Event: 152.857 Thread 0x000002b09bb6e920 Uncommon trap: reason=bimorphic_or_optimized_type_check action=maybe_recompile pc=0x000002b035c6a308 method=java.util.Map$Entry.lambda$comparingByKey$bbdbfea9$1(Ljava/util/Map$Entry;Ljava/util/Map$Entry;)I @ 1 c2
Event: 152.857 Thread 0x000002b09bb6e920 DEOPT PACKING pc=0x000002b035c6a308 sp=0x000000efc1efba30
Event: 152.857 Thread 0x000002b09bb6e920 DEOPT UNPACKING pc=0x000002b034f94402 sp=0x000000efc1efb950 mode 2
Event: 163.853 Thread 0x000002b09bb6e920 Uncommon trap: trap_request=0xffffff76 fr.pc=0x000002b0357e366c relative=0x00000000000006ec
Event: 163.853 Thread 0x000002b09bb6e920 Uncommon trap: reason=predicate action=maybe_recompile pc=0x000002b0357e366c method=java.util.ComparableTimSort.reverseRange([Ljava/lang/Object;II)V @ 5 c2
Event: 163.853 Thread 0x000002b09bb6e920 DEOPT PACKING pc=0x000002b0357e366c sp=0x000000efc1efc2d0
Event: 163.853 Thread 0x000002b09bb6e920 DEOPT UNPACKING pc=0x000002b034f94402 sp=0x000000efc1efc210 mode 2

Classes loaded (20 events):
Event: 121.999 Loading class sun/security/ssl/PreSharedKeyExtension$PskIdentity
Event: 122.024 Loading class sun/security/ssl/PreSharedKeyExtension$PskIdentity done
Event: 122.089 Loading class sun/security/ssl/PreSharedKeyExtension$CHPreSharedKeySpec
Event: 122.144 Loading class sun/security/ssl/PreSharedKeyExtension$CHPreSharedKeySpec done
Event: 122.147 Loading class sun/security/ssl/PreSharedKeyExtension$PartialClientHelloMessage
Event: 122.162 Loading class sun/security/ssl/PreSharedKeyExtension$PartialClientHelloMessage done
Event: 122.164 Loading class sun/security/ssl/SSLEngineOutputRecord
Event: 122.415 Loading class sun/security/ssl/SSLEngineOutputRecord done
Event: 122.472 Loading class sun/security/ssl/SSLEngineOutputRecord$HandshakeFragment
Event: 122.501 Loading class sun/security/ssl/SSLEngineOutputRecord$HandshakeFragment done
Event: 122.503 Loading class sun/security/ssl/SSLEngineOutputRecord$HandshakeMemo
Event: 122.510 Loading class sun/security/ssl/SSLEngineOutputRecord$RecordMemo
Event: 122.516 Loading class sun/security/ssl/SSLEngineOutputRecord$RecordMemo done
Event: 122.516 Loading class sun/security/ssl/SSLEngineOutputRecord$HandshakeMemo done
Event: 122.651 Loading class sun/security/ssl/PreSharedKeyExtension$SHPreSharedKeySpec
Event: 122.663 Loading class sun/security/ssl/PreSharedKeyExtension$SHPreSharedKeySpec done
Event: 124.220 Loading class sun/security/ssl/ServerNameExtension$SHServerNamesSpec
Event: 124.373 Loading class sun/security/ssl/ServerNameExtension$SHServerNamesSpec done
Event: 127.235 Loading class java/util/concurrent/locks/ReentrantReadWriteLock$Sync$HoldCounter
Event: 127.251 Loading class java/util/concurrent/locks/ReentrantReadWriteLock$Sync$HoldCounter done

Classes unloaded (7 events):
Event: 85.559 Thread 0x000002b0420e4560 Unloading class 0x000002b0454bdc00 'java/lang/invoke/LambdaForm$DMH+0x000002b0454bdc00'
Event: 85.559 Thread 0x000002b0420e4560 Unloading class 0x000002b0454bd800 'java/lang/invoke/LambdaForm$DMH+0x000002b0454bd800'
Event: 85.560 Thread 0x000002b0420e4560 Unloading class 0x000002b0454bd400 'java/lang/invoke/LambdaForm$DMH+0x000002b0454bd400'
Event: 85.560 Thread 0x000002b0420e4560 Unloading class 0x000002b0454bd000 'java/lang/invoke/LambdaForm$DMH+0x000002b0454bd000'
Event: 85.560 Thread 0x000002b0420e4560 Unloading class 0x000002b0454bcc00 'java/lang/invoke/LambdaForm$DMH+0x000002b0454bcc00'
Event: 85.560 Thread 0x000002b0420e4560 Unloading class 0x000002b0454bc400 'java/lang/invoke/LambdaForm$DMH+0x000002b0454bc400'
Event: 85.560 Thread 0x000002b0420e4560 Unloading class 0x000002b0454bc800 'java/lang/invoke/LambdaForm$DMH+0x000002b0454bc800'

Classes redefined (0 events):
No events

Internal exceptions (20 events):
Event: 105.075 Thread 0x000002b09bb6e920 Exception <a 'sun/nio/fs/WindowsException'{0x000000008f83b528}> (0x000000008f83b528) 
thrown [s\open\src\hotspot\share\prims\jni.cpp, line 520]
Event: 105.075 Thread 0x000002b09ce3dcb0 Exception <a 'sun/nio/fs/WindowsException'{0x000000008f86f808}> (0x000000008f86f808) 
thrown [s\open\src\hotspot\share\prims\jni.cpp, line 520]
Event: 105.075 Thread 0x000002b09ce3dcb0 Exception <a 'sun/nio/fs/WindowsException'{0x000000008f86f9b8}> (0x000000008f86f9b8) 
thrown [s\open\src\hotspot\share\prims\jni.cpp, line 520]
Event: 105.077 Thread 0x000002b09ce40aa0 Exception <a 'sun/nio/fs/WindowsException'{0x000000008f6a56d0}> (0x000000008f6a56d0) 
thrown [s\open\src\hotspot\share\prims\jni.cpp, line 520]
Event: 105.077 Thread 0x000002b09ce40aa0 Exception <a 'sun/nio/fs/WindowsException'{0x000000008f6a5868}> (0x000000008f6a5868) 
thrown [s\open\src\hotspot\share\prims\jni.cpp, line 520]
Event: 105.236 Thread 0x000002b09bb6e920 Exception <a 'sun/nio/fs/WindowsException'{0x000000008f2766f8}> (0x000000008f2766f8) 
thrown [s\open\src\hotspot\share\prims\jni.cpp, line 520]
Event: 105.236 Thread 0x000002b09bb6e920 Exception <a 'sun/nio/fs/WindowsException'{0x000000008f2768a0}> (0x000000008f2768a0) 
thrown [s\open\src\hotspot\share\prims\jni.cpp, line 520]
Event: 105.250 Thread 0x000002b09ce3dcb0 Exception <a 'sun/nio/fs/WindowsException'{0x000000008f35c698}> (0x000000008f35c698) 
thrown [s\open\src\hotspot\share\prims\jni.cpp, line 520]
Event: 105.250 Thread 0x000002b09ce3dcb0 Exception <a 'sun/nio/fs/WindowsException'{0x000000008f35c828}> (0x000000008f35c828) 
thrown [s\open\src\hotspot\share\prims\jni.cpp, line 520]
Event: 105.255 Thread 0x000002b09ca8d3f0 Exception <a 'sun/nio/fs/WindowsException'{0x000000008f007048}> (0x000000008f007048) 
thrown [s\open\src\hotspot\share\prims\jni.cpp, line 520]
Event: 105.255 Thread 0x000002b09ca8d3f0 Exception <a 'sun/nio/fs/WindowsException'{0x000000008f0071e0}> (0x000000008f0071e0) 
thrown [s\open\src\hotspot\share\prims\jni.cpp, line 520]
Event: 105.266 Thread 0x000002b09ce40aa0 Exception <a 'sun/nio/fs/WindowsException'{0x000000008f04adb8}> (0x000000008f04adb8) 
thrown [s\open\src\hotspot\share\prims\jni.cpp, line 520]
Event: 105.266 Thread 0x000002b09ce40aa0 Exception <a 'sun/nio/fs/WindowsException'{0x000000008f04af50}> (0x000000008f04af50) 
thrown [s\open\src\hotspot\share\prims\jni.cpp, line 520]
Event: 105.271 Thread 0x000002b09ce3e340 Exception <a 'sun/nio/fs/WindowsException'{0x000000008eebedb0}> (0x000000008eebedb0) 
thrown [s\open\src\hotspot\share\prims\jni.cpp, line 520]
Event: 105.271 Thread 0x000002b09ce3e340 Exception <a 'sun/nio/fs/WindowsException'{0x000000008eebef48}> (0x000000008eebef48) 
thrown [s\open\src\hotspot\share\prims\jni.cpp, line 520]
Event: 105.278 Thread 0x000002b09ca8da80 Exception <a 'sun/nio/fs/WindowsException'{0x000000008ecb0fc0}> (0x000000008ecb0fc0) 
thrown [s\open\src\hotspot\share\prims\jni.cpp, line 520]
Event: 105.278 Thread 0x000002b09ca8da80 Exception <a 'sun/nio/fs/WindowsException'{0x000000008ecb1148}> (0x000000008ecb1148) 
thrown [s\open\src\hotspot\share\prims\jni.cpp, line 520]
Event: 105.278 Thread 0x000002b09bb6e920 Exception <a 'sun/nio/fs/WindowsException'{0x000000008ed41098}> (0x000000008ed41098) 
thrown [s\open\src\hotspot\share\prims\jni.cpp, line 520]
Event: 105.278 Thread 0x000002b09bb6e920 Exception <a 'sun/nio/fs/WindowsException'{0x000000008ed41240}> (0x000000008ed41240) 
thrown [s\open\src\hotspot\share\prims\jni.cpp, line 520]
Event: 152.614 Thread 0x000002b09bb6e920 Implicit null exception at 0x000002b0358c4f23 to 0x000002b0358c527a

VM Operations (20 events):
Event: 115.686 Executing VM operation: G1CollectForAllocation (G1 Evacuation Pause) done
Event: 117.431 Executing VM operation: G1CollectForAllocation (G1 Evacuation Pause)
Event: 117.630 Executing VM operation: G1CollectForAllocation (G1 Evacuation Pause) done
Event: 120.090 Executing VM operation: G1PauseRemark
Event: 121.891 Executing VM operation: G1PauseRemark done
Event: 121.913 Executing VM operation: HandshakeAllThreads (HandshakeForDeflation)
Event: 121.929 Executing VM operation: HandshakeAllThreads (HandshakeForDeflation) done
Event: 121.929 Executing VM operation: RendezvousGCThreads
Event: 121.936 Executing VM operation: RendezvousGCThreads done
Event: 122.463 Executing VM operation: HandshakeAllThreads (Deoptimize)
Event: 122.468 Executing VM operation: HandshakeAllThreads (Deoptimize) done
Event: 123.367 Executing VM operation: G1PauseCleanup
Event: 123.371 Executing VM operation: G1PauseCleanup done
Event: 145.395 Executing VM operation: G1CollectForAllocation (G1 Evacuation Pause)
Event: 145.622 Executing VM operation: G1CollectForAllocation (G1 Evacuation Pause) done
Event: 149.936 Executing VM operation: G1CollectForAllocation (G1 Evacuation Pause)
Event: 150.158 Executing VM operation: G1CollectForAllocation (G1 Evacuation Pause) done
Event: 158.309 Executing VM operation: G1CollectForAllocation (G1 Evacuation Pause)
Event: 163.734 Executing VM operation: G1CollectForAllocation (G1 Evacuation Pause) done
Event: 163.875 Executing VM operation: G1CollectForAllocation (G1 Evacuation Pause)

Memory protections (0 events):
No events

Nmethod flushes (20 events):
Event: 121.830 Thread 0x000002b0420e4560 flushing  nmethod 0x000002b02f415108
Event: 121.830 Thread 0x000002b0420e4560 flushing  nmethod 0x000002b02f419b88
Event: 121.830 Thread 0x000002b0420e4560 flushing  nmethod 0x000002b02f44da88
Event: 121.830 Thread 0x000002b0420e4560 flushing  nmethod 0x000002b02f44fb88
Event: 121.830 Thread 0x000002b0420e4560 flushing  nmethod 0x000002b02f452208
Event: 121.831 Thread 0x000002b0420e4560 flushing  nmethod 0x000002b02f456088
Event: 121.831 Thread 0x000002b0420e4560 flushing  nmethod 0x000002b02f4a7408
Event: 121.831 Thread 0x000002b0420e4560 flushing  nmethod 0x000002b02f4a9b08
Event: 121.831 Thread 0x000002b0420e4560 flushing  nmethod 0x000002b02f4abe08
Event: 121.831 Thread 0x000002b0420e4560 flushing  nmethod 0x000002b02f590488
Event: 121.831 Thread 0x000002b0420e4560 flushing  nmethod 0x000002b02f591288
Event: 121.831 Thread 0x000002b0420e4560 flushing  nmethod 0x000002b02f67ab08
Event: 121.831 Thread 0x000002b0420e4560 flushing  nmethod 0x000002b02f67af08
Event: 121.831 Thread 0x000002b0420e4560 flushing  nmethod 0x000002b02f67b388
Event: 121.832 Thread 0x000002b0420e4560 flushing  nmethod 0x000002b02f67be08
Event: 121.832 Thread 0x000002b0420e4560 flushing  nmethod 0x000002b02f67c708
Event: 121.832 Thread 0x000002b0420e4560 flushing  nmethod 0x000002b02f818e08
Event: 121.833 Thread 0x000002b0420e4560 flushing  nmethod 0x000002b02f8d5a88
Event: 121.833 Thread 0x000002b0420e4560 flushing  nmethod 0x000002b02f8e1408
Event: 121.833 Thread 0x000002b0420e4560 flushing  nmethod 0x000002b02f8e1a08

Events (20 events):
Event: 103.545 Thread 0x000002b09bb6e920 Thread added: 0x000002b09ce3f060
Event: 103.547 Thread 0x000002b09bb6e920 Thread added: 0x000002b09ce3dcb0
Event: 103.547 Thread 0x000002b09bb6e920 Thread added: 0x000002b09ce3e340
Event: 103.548 Thread 0x000002b09bb6e920 Thread added: 0x000002b09ce40aa0
Event: 103.548 Thread 0x000002b09bb6e920 Thread added: 0x000002b09ca8da80
Event: 103.562 Thread 0x000002b09bb6e920 Thread added: 0x000002b09ca8ee30
Event: 103.563 Thread 0x000002b09bb6e920 Thread added: 0x000002b09ca8d3f0
Event: 105.502 Thread 0x000002b09bb6e920 Thread added: 0x000002b09ca8b9b0
Event: 105.504 Thread 0x000002b09bb6e920 Thread added: 0x000002b09ca8f4c0
Event: 105.506 Thread 0x000002b09bb6e920 Thread added: 0x000002b09ca901e0
Event: 105.508 Thread 0x000002b09bb6e920 Thread added: 0x000002b09ca92fd0
Event: 105.509 Thread 0x000002b09bb6e920 Thread added: 0x000002b09ca8fb50
Event: 105.509 Thread 0x000002b09bb6e920 Thread added: 0x000002b09bb758b0
Event: 105.509 Thread 0x000002b09bb6e920 Thread added: 0x000002b09dc66f00
Event: 123.424 Thread 0x000002b09bb6e920 Thread added: 0x000002b08ab40790
Event: 123.425 Thread 0x000002b09bb6e920 Thread added: 0x000002b09dd01720
Event: 123.426 Thread 0x000002b09bb6e920 Thread added: 0x000002b09cc86260
Event: 123.431 Thread 0x000002b09bb6e920 Thread added: 0x000002b09cc87ca0
Event: 127.109 Thread 0x000002b09bb6e920 Thread added: 0x000002b09cc85bd0
Event: 127.111 Thread 0x000002b09bb6e920 Thread added: 0x000002b09cc88330


Dynamic libraries:
0x00007ff70d700000 - 0x00007ff70d710000 	C:\Program Files\Java\jdk-23\bin\java.exe
0x00007ffbe0ac0000 - 0x00007ffbe0d27000 	C:\WINDOWS\SYSTEM32\ntdll.dll
0x00007ffbdea30000 - 0x00007ffbdeaf9000 	C:\WINDOWS\System32\KERNEL32.DLL
0x00007ffbdd7a0000 - 0x00007ffbddb97000 	C:\WINDOWS\System32\KERNELBASE.dll
0x00007ffbddc50000 - 0x00007ffbddd9b000 	C:\WINDOWS\System32\ucrtbase.dll
0x00007ffbd1620000 - 0x00007ffbd163b000 	C:\Program Files\Java\jdk-23\bin\VCRUNTIME140.dll
0x00007ffbd1640000 - 0x00007ffbd1657000 	C:\Program Files\Java\jdk-23\bin\jli.dll
0x00007ffbe0830000 - 0x00007ffbe09f6000 	C:\WINDOWS\System32\USER32.dll
0x00007ffbc93e0000 - 0x00007ffbc9672000 	C:\WINDOWS\WinSxS\amd64_microsoft.windows.common-controls_6595b64144ccf1df_6.0.26100.8457_none_3e0b2faee331e92d\COMCTL32.dll
0x00007ffbdde60000 - 0x00007ffbdde87000 	C:\WINDOWS\System32\win32u.dll
0x00007ffbe0800000 - 0x00007ffbe082b000 	C:\WINDOWS\System32\GDI32.dll
0x00007ffbdd4f0000 - 0x00007ffbdd61c000 	C:\WINDOWS\System32\gdi32full.dll
0x00007ffbdf510000 - 0x00007ffbdf5b9000 	C:\WINDOWS\System32\msvcrt.dll
0x00007ffbddba0000 - 0x00007ffbddc43000 	C:\WINDOWS\System32\msvcp_win.dll
0x00007ffbdf4a0000 - 0x00007ffbdf4d2000 	C:\WINDOWS\System32\IMM32.DLL
0x00007ffbd7740000 - 0x00007ffbd774c000 	C:\Program Files\Java\jdk-23\bin\vcruntime140_1.dll
0x00007ffbd0ab0000 - 0x00007ffbd0b3e000 	C:\Program Files\Java\jdk-23\bin\msvcp140.dll
0x00007ffb39040000 - 0x00007ffb39d8f000 	C:\Program Files\Java\jdk-23\bin\server\jvm.dll
0x00007ffbdf320000 - 0x00007ffbdf3d6000 	C:\WINDOWS\System32\ADVAPI32.dll
0x00007ffbdf3e0000 - 0x00007ffbdf487000 	C:\WINDOWS\System32\sechost.dll
0x00007ffbdfbf0000 - 0x00007ffbdfd08000 	C:\WINDOWS\System32\RPCRT4.dll
0x00007ffbdf810000 - 0x00007ffbdf890000 	C:\WINDOWS\System32\WS2_32.dll
0x00007ffbdd350000 - 0x00007ffbdd3ae000 	C:\WINDOWS\SYSTEM32\POWRPROF.dll
0x00007ffbd7b70000 - 0x00007ffbd7b7b000 	C:\WINDOWS\SYSTEM32\VERSION.dll
0x00007ffbc9c90000 - 0x00007ffbc9cc6000 	C:\WINDOWS\SYSTEM32\WINMM.dll
0x00007ffbdd330000 - 0x00007ffbdd344000 	C:\WINDOWS\SYSTEM32\UMPDC.dll
0x00007ffbdc280000 - 0x00007ffbdc29b000 	C:\WINDOWS\SYSTEM32\kernel.appcore.dll
0x00007ffbd1970000 - 0x00007ffbd197a000 	C:\Program Files\Java\jdk-23\bin\jimage.dll
0x00007ffbcc750000 - 0x00007ffbcc992000 	C:\WINDOWS\SYSTEM32\DBGHELP.DLL
0x00007ffbdeb00000 - 0x00007ffbdee83000 	C:\WINDOWS\System32\combase.dll
0x00007ffbdfb00000 - 0x00007ffbdfbd9000 	C:\WINDOWS\System32\OLEAUT32.dll
0x00007ffbb9f00000 - 0x00007ffbb9f3b000 	C:\WINDOWS\SYSTEM32\dbgcore.DLL
0x00007ffbde700000 - 0x00007ffbde7a8000 	C:\WINDOWS\System32\bcryptPrimitives.dll
0x00007ffbbd950000 - 0x00007ffbbd95f000 	C:\Program Files\Java\jdk-23\bin\instrument.dll
0x00007ffbd1600000 - 0x00007ffbd161e000 	C:\Program Files\Java\jdk-23\bin\java.dll
0x00007ffbde840000 - 0x00007ffbde9d7000 	C:\WINDOWS\System32\ole32.dll
0x00007ffbdfd10000 - 0x00007ffbe047e000 	C:\WINDOWS\System32\SHELL32.dll
0x00007ffbdde90000 - 0x00007ffbde6fc000 	C:\WINDOWS\System32\windows.storage.dll
0x00007ffbdf5e0000 - 0x00007ffbdf6d6000 	C:\WINDOWS\System32\SHCORE.dll
0x00007ffbdf7a0000 - 0x00007ffbdf806000 	C:\WINDOWS\System32\shlwapi.dll
0x00007ffbdd410000 - 0x00007ffbdd439000 	C:\WINDOWS\SYSTEM32\profapi.dll
0x00007ffbb9200000 - 0x00007ffbb92d7000 	C:\Program Files\Java\jdk-23\bin\jsvml.dll
0x00007ffbd0a70000 - 0x00007ffbd0a87000 	C:\Program Files\Java\jdk-23\bin\zip.dll
0x00007ffbd1570000 - 0x00007ffbd1580000 	C:\Program Files\Java\jdk-23\bin\net.dll
0x00007ffbdc7f0000 - 0x00007ffbdc85c000 	C:\WINDOWS\system32\mswsock.dll
0x00007ffbd0a90000 - 0x00007ffbd0aa6000 	C:\Program Files\Java\jdk-23\bin\nio.dll
0x00007ffbd1560000 - 0x00007ffbd1570000 	C:\Program Files\Java\jdk-23\bin\verify.dll
0x00007ffbba4e0000 - 0x00007ffbba507000 	C:\Users\gyral\.gradle\native\c067742578af261105cb4f569cf0c3c89f3d7b1fecec35dd04571415982c5e48\windows-amd64\native-platform.dll
0x00007ffb6d560000 - 0x00007ffb6d6a4000 	C:\Users\gyral\.gradle\native\38dada09dfb8b06ba9b0570ebf7e218e3eb74d4ef43ca46872605cf95ebc2f47\windows-amd64\native-platform-file-events.dll
0x00007ffbd09c0000 - 0x00007ffbd09ca000 	C:\Program Files\Java\jdk-23\bin\management.dll
0x00007ffbb9d00000 - 0x00007ffbb9d0b000 	C:\Program Files\Java\jdk-23\bin\management_ext.dll
0x00007ffbe0490000 - 0x00007ffbe0498000 	C:\WINDOWS\System32\PSAPI.DLL
0x00007ffbdcad0000 - 0x00007ffbdcaeb000 	C:\WINDOWS\SYSTEM32\CRYPTSP.dll
0x00007ffbdc1e0000 - 0x00007ffbdc219000 	C:\WINDOWS\system32\rsaenh.dll
0x00007ffbdc8a0000 - 0x00007ffbdc8d3000 	C:\WINDOWS\SYSTEM32\USERENV.dll
0x00007ffbdd3e0000 - 0x00007ffbdd40a000 	C:\WINDOWS\SYSTEM32\bcrypt.dll
0x00007ffbdcaf0000 - 0x00007ffbdcafc000 	C:\WINDOWS\SYSTEM32\CRYPTBASE.dll
0x00007ffbdbc90000 - 0x00007ffbdbcc2000 	C:\WINDOWS\SYSTEM32\IPHLPAPI.DLL
0x00007ffbdf490000 - 0x00007ffbdf49a000 	C:\WINDOWS\System32\NSI.dll
0x00007ffbb93d0000 - 0x00007ffbb93d9000 	C:\Program Files\Java\jdk-23\bin\extnet.dll
0x00007ffbd09d0000 - 0x00007ffbd09de000 	C:\Program Files\Java\jdk-23\bin\sunmscapi.dll
0x00007ffbdd620000 - 0x00007ffbdd798000 	C:\WINDOWS\System32\CRYPT32.dll
0x00007ffbdccf0000 - 0x00007ffbdcd20000 	C:\WINDOWS\SYSTEM32\ncrypt.dll
0x00007ffbdcca0000 - 0x00007ffbdccdf000 	C:\WINDOWS\SYSTEM32\NTASN1.dll
0x00007ffb9ce00000 - 0x00007ffb9ce08000 	C:\WINDOWS\system32\wshunix.dll
0x00007ffb88d50000 - 0x00007ffb88d68000 	C:\WINDOWS\system32\napinsp.dll
0x00007ffbdbd20000 - 0x00007ffbdbe52000 	C:\WINDOWS\SYSTEM32\DNSAPI.dll
0x00007ffb88d30000 - 0x00007ffb88d43000 	C:\WINDOWS\System32\winrnr.dll
0x00007ffb88d70000 - 0x00007ffb88d92000 	C:\WINDOWS\system32\nlansp_c.dll
0x00007ffba8fb0000 - 0x00007ffba8fc6000 	C:\WINDOWS\system32\wshbth.dll
0x000000005ffd0000 - 0x000000005fff6000 	C:\Program Files\Bonjour\mdnsNSP.dll
0x00007ffbd1800000 - 0x00007ffbd180b000 	C:\Windows\System32\rasadhlp.dll
0x00007ffbd2c30000 - 0x00007ffbd2cb6000 	C:\WINDOWS\System32\fwpuclnt.dll
0x00007ffbdc3a0000 - 0x00007ffbdc3d6000 	C:\WINDOWS\SYSTEM32\ntmarta.dll
0x00007ffbdada0000 - 0x00007ffbdae40000 	C:\WINDOWS\system32\apphelp.dll

dbghelp: loaded successfully - version: 4.0.5 - missing functions: none
symbol engine: initialized successfully - sym options: 0x614 - pdb path: .;C:\Program Files\Java\jdk-23\bin;C:\WINDOWS\SYSTEM32;C:\WINDOWS\WinSxS\amd64_microsoft.windows.common-controls_6595b64144ccf1df_6.0.26100.8457_none_3e0b2faee331e92d;C:\Program Files\Java\jdk-23\bin\server;C:\Users\gyral\.gradle\native\c067742578af261105cb4f569cf0c3c89f3d7b1fecec35dd04571415982c5e48\windows-amd64;C:\Users\gyral\.gradle\native\38dada09dfb8b06ba9b0570ebf7e218e3eb74d4ef43ca46872605cf95ebc2f47\windows-amd64;C:\Program Files\Bonjour

VM Arguments:
jvm_args: --add-opens=java.base/java.util=ALL-UNNAMED --add-opens=java.base/java.lang=ALL-UNNAMED --add-opens=java.base/java.lang.invoke=ALL-UNNAMED --add-opens=java.prefs/java.util.prefs=ALL-UNNAMED --add-opens=java.base/java.nio.charset=ALL-UNNAMED --add-opens=java.base/java.net=ALL-UNNAMED --add-opens=java.base/java.util.concurrent.atomic=ALL-UNNAMED -Xmx2048m -Dfile.encoding=UTF-8 -Duser.country=US -Duser.language=en -Duser.variant -javaagent:C:\Users\gyral\.gradle\wrapper\dists\gradle-8.4-bin\1w5dpkrfk8irigvoxmyhowfim\gradle-8.4\lib\agents\gradle-instrumentation-agent-8.4.jar 
java_command: org.gradle.launcher.daemon.bootstrap.GradleDaemon 8.4
java_class_path (initial): C:\Users\gyral\.gradle\wrapper\dists\gradle-8.4-bin\1w5dpkrfk8irigvoxmyhowfim\gradle-8.4\lib\gradle-launcher-8.4.jar
Launcher Type: SUN_STANDARD

[Global flags]
     intx CICompilerCount                          = 4                                         {product} {ergonomic}
     uint ConcGCThreads                            = 2                                         {product} {ergonomic}
     uint G1ConcRefinementThreads                  = 8                                         {product} {ergonomic}
   size_t G1HeapRegionSize                         = 1048576                                   {product} {ergonomic}
   size_t InitialHeapSize                          = 65011712                                  {product} {ergonomic}
   size_t MarkStackSize                            = 4194304                                   {product} {ergonomic}
   size_t MarkStackSizeMax                         = 536870912                                 {product} {ergonomic}
   size_t MaxHeapSize                              = 2147483648                                {product} {command line}
   size_t MaxNewSize                               = 1287651328                                {product} {ergonomic}
   size_t MinHeapDeltaBytes                        = 1048576                                   {product} {ergonomic}
   size_t MinHeapSize                              = 8388608                                   {product} {ergonomic}
    uintx NonNMethodCodeHeapSize                   = 5832704                                {pd product} {ergonomic}
    uintx NonProfiledCodeHeapSize                  = 122945536                              {pd product} {ergonomic}
    uintx ProfiledCodeHeapSize                     = 122880000                              {pd product} {ergonomic}
    uintx ReservedCodeCacheSize                    = 251658240                              {pd product} {ergonomic}
     bool SegmentedCodeCache                       = true                                      {product} {ergonomic}
   size_t SoftMaxHeapSize                          = 2147483648                             {manageable} {ergonomic}
     bool UseCompressedOops                        = true                           {product lp64_product} {ergonomic}
     bool UseG1GC                                  = true                                      {product} {ergonomic}
     bool UseLargePagesIndividualAllocation        = false                                  {pd product} {ergonomic}

Logging:
Log output configuration:
 #0: stdout all=warning uptime,level,tags foldmultilines=false
 #1: stderr all=off uptime,level,tags foldmultilines=false

Environment Variables:
CLASSPATH=C:\Users\gyral\Downloads\IT342-Belen-PantryPulse-main\IT342-Belen-PantryPulse-main\pantrypulse-mobile\\gradle\wrapper\gradle-wrapper.jar
PATH=C:/Users/gyral/.gemini/antigravity-ide/bin;C:\Program Files\BraveSoftware\Brave-Browser\Application;C:\Program Files\Common Files\Oracle\Java\javapath;C:\WINDOWS\system32;C:\WINDOWS;C:\WINDOWS\System32\Wbem;C:\WINDOWS\System32\WindowsPowerShell\v1.0\;C:\WINDOWS\System32\OpenSSH\;C:\Program Files\nodejs\;C:\ProgramData\chocolatey\bin;C:\Users\gyral\Downloads\apache-maven-3.9.11\bin;C:\Program Files\Git\cmd;C:\Program Files\MySQL\MySQL Shell 8.0\bin\;C:\Users\gyral\AppData\Local\Programs\Python\Launcher\;C:\Users\gyral\AppData\Local\Microsoft\WindowsApps;C:\Users\gyral\AppData\Local\Programs\Microsoft VS Code\bin;C:\Users\gyral\AppData\Local\JetBrains\Toolbox\scripts;;C:\Program Files\JetBrains\PyCharm 2025.1.2\bin;;C:\Users\gyral\AppData\Roaming\npm
USERNAME=gyral
OS=Windows_NT
PROCESSOR_IDENTIFIER=Intel64 Family 6 Model 142 Stepping 12, GenuineIntel
TMP=C:\Users\gyral\AppData\Local\Temp
TEMP=C:\Users\gyral\AppData\Local\Temp




Periodic native trim disabled

---------------  S Y S T E M  ---------------

OS:
 Windows 11 , 64 bit Build 26100 (10.0.26100.8328)
OS uptime: 0 days 1:43 hours

CPU: total 8 (initial active 8) (4 cores per cpu, 2 threads per core) family 6 model 142 stepping 12 microcode 0xde, cx8, cmov, fxsr, ht, mmx, 3dnowpref, sse, sse2, sse3, ssse3, sse4.1, sse4.2, popcnt, lzcnt, tsc, tscinvbit, avx, avx2, aes, erms, clmul, bmi1, bmi2, adx, fma, vzeroupper, clflush, clflushopt, rdtscp, f16c
Processor Information for the first 8 processors :
  Max Mhz: 2304, Current Mhz: 1803, Mhz Limit: 1797

Memory: 4k page, system-wide physical 3902M (717M free)
TotalPageFile size 15641M (AvailPageFile size 180M)
current process WorkingSet (physical memory assigned to process): 215M, peak: 595M
current process commit charge ("private bytes"): 876M, peak: 1268M

vm_info: Java HotSpot(TM) 64-Bit Server VM (23+37-2369) for windows-amd64 JRE (23+37-2369), built on 2024-08-20T16:01:23Z with MS VC++ 17.6 (VS2022)

END.
