version 2
JvmtiExport can_access_local_variables 0
JvmtiExport can_hotswap_or_post_breakpoint 1
JvmtiExport can_post_on_exceptions 0
# 582 ciObject found
instanceKlass org/jetbrains/kotlin/com/intellij/lang/impl/PsiBuilderImpl
ciInstanceKlass org/jetbrains/kotlin/com/intellij/openapi/Disposable 1 0 13 1 100 1 100 1 1 100 1 1 1 1 1
ciInstanceKlass kotlin/jvm/internal/Intrinsics 1 1 278 10 7 10 10 10 10 10 10 100 10 10 10 100 10 10 100 10 8 8 10 100 10 10 100 10 10 100 10 10 8 8 8 8 10 10 10 10 10 100 10 10 10 10 8 8 10 10 10 8 10 100 10 10 10 10 100 8 8 10 8 10 10 10 100 10 7 100 1 1 1 1 1 1 1 1 1 1 1 1 1 1 1 1 1 1 1 1 1 1 1 1 1 1 1 1 1 1 1 1 1 1 1 1 1 1 1 1 1 1 1 1 1 1 1 1 1 1 1 1 1 1 1 1 1 1 100 1 1 1 1 1 1 1 1 1 1 1 1 1 1 1 1 1 1 1 1 1 1 1 1 1 1 1 1 1 1 1 1 1 100 1 1 1 1 1 1 1 1 1 1 1 1 1 1 1 1 1 100 1 1 1 12 1 12 12 12 12 12 1 12 12 1 1 1 1 12 1 12 1 1 1 1 1 1 12 12 12 100 12 12 1 100 12 100 12 100 12 12 1 1 100 12 100 12 1 12 1 12 12 12 1 1 1 12 1 12 100 100 12 12 1 1 1 1 1 1 1 1 1 1 1 1 1 1 1 1 1 1 1 1 1 1 1 1 1 1 1 1 1 1 1 1 1 1 1 1 1
instanceKlass java/util/concurrent/locks/ReentrantReadWriteLock$Sync$ThreadLocalHoldCounter
instanceKlass org/jetbrains/kotlin/load/kotlin/KotlinBinaryClassCache$cache$1
instanceKlass jdk/internal/jimage/ImageBufferCache$1
instanceKlass java/lang/ThreadLocal$SuppliedThreadLocal
instanceKlass jdk/internal/misc/CarrierThreadLocal
ciInstanceKlass java/lang/ThreadLocal 1 1 332 9 7 12 1 1 1 3 10 7 12 1 1 1 7 1 10 12 1 1 10 7 12 1 1 10 12 1 9 12 1 1 10 7 12 1 1 1 10 12 1 1 9 12 1 1 100 1 100 1 10 10 12 1 10 12 1 1 10 7 12 1 1 1 9 7 12 1 1 1 10 12 1 10 12 1 1 10 12 1 1 10 12 1 1 10 12 1 1 7 1 10 12 1 1 9 12 1 10 12 1 10 12 10 12 1 1 10 12 1 9 12 1 1 10 12 10 12 1 100 1 10 8 1 10 7 12 1 1 1 10 100 12 1 1 1 10 100 12 1 1 1 100 1 9 100 12 1 1 1 18 12 1 1 10 100 12 1 1 1 100 1 18 12 1 1 10 12 1 1 100 1 100 1 10 12 1 9 100 12 1 1 1 10 100 12 1 1 1 11 12 1 1 11 100 12 1 1 11 12 1 100 1 8 1 11 12 1 1 10 12 1 1 11 100 12 1 1 1 10 100 12 1 1 1 11 12 1 1 10 7 12 1 1 10 12 1 10 1 1 1 1 1 1 1 1 1 1 1 1 1 1 1 1 1 1 1 1 1 1 1 1 1 1 1 1 1 1 1 1 1 1 1 1 1 1 1 1 1 1 1 1 1 1 1 1 1 1 1 1 1 1 1 1 1 1 1 1 1 1 1 1 1 1 1 16 15 10 12 16 16 15 10 12 15 10 100 12 1 1 1 1 1 1 1 1 1 100 1 100 1 1
staticfield java/lang/ThreadLocal TRACE_VTHREAD_LOCALS Z 0
staticfield java/lang/ThreadLocal nextHashCode Ljava/util/concurrent/atomic/AtomicInteger; java/util/concurrent/atomic/AtomicInteger
staticfield java/lang/ThreadLocal $assertionsDisabled Z 1
ciInstanceKlass java/util/WeakHashMap$Entry 1 1 112 10 7 12 1 1 1 9 7 12 1 1 1 9 12 1 1 9 12 1 1 10 12 1 1 10 100 12 1 1 1 100 1 10 12 1 11 10 100 12 1 1 1 10 12 1 11 10 100 12 1 1 1 100 1 10 12 1 10 12 1 1 8 1 10 12 1 10 12 1 1 1 1 1 1 1 1 1 1 1 1 1 1 1 1 1 1 1 1 1 1 1 1 1 1 1 1 1 1 1 1 1 1 1 1 1 1 1 1 1 100 1
ciInstanceKlass java/lang/ThreadLocal$ThreadLocalMap 1 1 143 9 7 12 1 1 1 10 7 12 1 1 1 9 12 1 7 1 9 12 1 1 9 7 12 1 1 10 12 1 10 12 1 1 10 12 1 1 9 12 1 1 10 12 1 1 10 12 1 1 10 12 1 1 10 12 1 1 10 12 1 1 10 12 1 1 10 12 1 1 10 12 1 10 12 1 10 12 1 10 12 1 10 12 1 1 1 3 1 1 1 1 1 1 1 1 1 1 1 1 1 1 1 1 1 1 1 1 1 1 1 1 100 1 1 1 1 1 1 1 1 1 1 1 1 1 1 1 1 1 1 1 1 1 1 1 1 1 1 1 1 1 1
ciInstanceKlass java/lang/ThreadLocal$ThreadLocalMap$Entry 1 1 37 10 7 12 1 1 1 9 7 12 1 1 1 1 1 1 1 1 1 1 1 1 1 1 1 1 1 1 1 1 100 1 1 100 1 1 1
instanceKlass sun/nio/ch/Util$1
instanceKlass sun/nio/fs/NativeBuffers$1
ciInstanceKlass jdk/internal/misc/TerminatingThreadLocal 1 1 86 10 7 12 1 1 1 10 12 1 1 10 7 12 1 1 1 10 12 1 10 12 1 9 12 1 1 10 12 1 1 7 1 11 12 1 1 11 100 12 1 1 1 11 12 1 10 12 1 10 10 12 1 11 12 1 1 11 12 7 1 10 1 1 1 1 1 1 1 1 1 1 1 1 1 1 1 1 1 1 1 1 1 1 1 1
staticfield jdk/internal/misc/TerminatingThreadLocal REGISTRY Ljdk/internal/misc/CarrierThreadLocal; jdk/internal/misc/TerminatingThreadLocal$1
instanceKlass org/jetbrains/kotlin/types/AbstractTypeChecker$WhenMappings
instanceKlass org/jetbrains/kotlin/types/model/TypeSystemContextKt$WhenMappings
instanceKlass org/jetbrains/kotlin/types/model/TypeSystemContextKt
instanceKlass org/jetbrains/kotlin/types/checker/NewCapturedTypeKt
instanceKlass org/jetbrains/kotlin/descriptors/ModalityUtilsKt
instanceKlass org/jetbrains/kotlin/resolve/constants/IntegerLiteralTypeConstructor
instanceKlass org/jetbrains/kotlin/types/AbstractNullabilityChecker
instanceKlass org/jetbrains/kotlin/descriptors/annotations/KotlinTarget$Companion
instanceKlass org/jetbrains/kotlin/load/java/components/JavaAnnotationTargetMapper
instanceKlass org/jetbrains/kotlin/builtins/KotlinBuiltIns$Primitives
instanceKlass org/jetbrains/kotlin/descriptors/impl/FunctionDescriptorImpl$1
instanceKlass org/jetbrains/kotlin/util/OneElementArrayMap$iterator$1
instanceKlass org/jetbrains/kotlin/load/java/ErasedOverridabilityCondition$WhenMappings
instanceKlass org/jetbrains/kotlin/types/TypeCapabilitiesKt
instanceKlass org/jetbrains/kotlin/types/TypeSubstitutor$2
instanceKlass org/jetbrains/kotlin/load/java/lazy/types/RawSubstitution$Companion
instanceKlass kotlin/sequences/DropSequence$iterator$1
instanceKlass kotlin/sequences/TakeWhileSequence$iterator$1
instanceKlass kotlin/sequences/TakeWhileSequence
instanceKlass kotlin/sequences/DropSequence
instanceKlass kotlin/jvm/internal/TypeIntrinsics
instanceKlass org/jetbrains/kotlin/resolve/jvm/jvmSignature/JvmMethodSignature
instanceKlass org/jetbrains/org/objectweb/asm/commons/Method
instanceKlass org/jetbrains/kotlin/codegen/state/InlineClassManglingUtilsKt
instanceKlass org/jetbrains/kotlin/descriptors/ScriptDescriptor
instanceKlass org/jetbrains/kotlin/load/java/SpecialBuiltinMembers
instanceKlass org/jetbrains/kotlin/codegen/AsmUtil
instanceKlass org/jetbrains/kotlin/load/kotlin/TypeMappingMode$WhenMappings
instanceKlass org/jetbrains/kotlin/resolve/jvm/jvmSignature/JvmMethodParameterSignature
instanceKlass org/jetbrains/kotlin/resolve/jvm/AsmTypes$1
instanceKlass  @bci org/jetbrains/kotlin/resolve/jvm/AsmTypes getType (Ljava/lang/Class;)Lorg/jetbrains/org/objectweb/asm/Type; 14 <appendix> member <vmtarget> ; # org/jetbrains/kotlin/resolve/jvm/AsmTypes$$Lambda+0x0000000100632960
instanceKlass org/jetbrains/kotlin/resolve/jvm/AsmTypes
instanceKlass org/jetbrains/kotlin/codegen/AccessorForCallableDescriptor
instanceKlass org/jetbrains/kotlin/codegen/state/KotlinTypeMapper$WhenMappings
instanceKlass org/jetbrains/kotlin/codegen/signature/AsmTypeFactory
instanceKlass org/jetbrains/kotlin/load/kotlin/JvmDescriptorTypeWriter
instanceKlass org/jetbrains/kotlin/codegen/JvmCodegenUtil
instanceKlass org/jetbrains/kotlin/codegen/coroutines/CoroutineCodegenUtilKt$INITIAL_SUSPEND_DESCRIPTOR_FOR_INVOKE_SUSPEND$1
instanceKlass org/jetbrains/kotlin/codegen/coroutines/CoroutineCodegenUtilKt$INITIAL_DESCRIPTOR_FOR_SUSPEND_FUNCTION$1
instanceKlass org/jetbrains/kotlin/codegen/CodegenUtilKt
instanceKlass org/jetbrains/kotlin/codegen/coroutines/CoroutineCodegenUtilKt
instanceKlass org/jetbrains/kotlin/resolve/ImportedFromObjectCallableDescriptor
instanceKlass org/jetbrains/kotlin/codegen/OwnerKind$Companion
instanceKlass org/jetbrains/kotlin/load/kotlin/JvmTypeFactoryImpl$WhenMappings
instanceKlass org/jetbrains/kotlin/resolve/OverridingUtil$7
instanceKlass org/jetbrains/kotlin/resolve/OverridingUtil$6
instanceKlass org/jetbrains/kotlin/resolve/VisibilityUtilKt
instanceKlass org/jetbrains/kotlin/name/CallableId$Companion
instanceKlass org/jetbrains/kotlin/name/CallableId
instanceKlass org/jetbrains/kotlin/serialization/deserialization/SuspendFunctionTypeUtilKt
instanceKlass org/jetbrains/kotlin/resolve/scopes/DescriptorKindExclude
# instanceKlass java/lang/invoke/LambdaForm$MH+0x000000010062c000
instanceKlass org/jetbrains/kotlin/descriptors/annotations/TargetedAnnotations
instanceKlass org/jetbrains/kotlin/resolve/lazy/descriptors/LazyAnnotationDescriptor
instanceKlass org/jetbrains/kotlin/descriptors/DeserializedDeclarationsFromSupertypeConflictDataKey
instanceKlass org/jetbrains/kotlin/resolve/OverridingUtil$3
instanceKlass org/jetbrains/kotlin/descriptors/Visibilities
instanceKlass org/jetbrains/kotlin/load/java/components/DescriptorResolverUtils$1$1
instanceKlass org/jetbrains/kotlin/resolve/OverridingUtil$4
instanceKlass org/jetbrains/kotlin/resolve/OverridingUtil$5
instanceKlass org/jetbrains/kotlin/utils/SmartSet$SingletonIterator
instanceKlass org/jetbrains/kotlin/resolve/OverridingUtil$8
instanceKlass org/jetbrains/kotlin/resolve/OverridingUtil$OverrideCompatibilityInfo
instanceKlass org/jetbrains/kotlin/types/TypeWithEnhancement
instanceKlass org/jetbrains/kotlin/types/TypeWithEnhancementKt
instanceKlass org/jetbrains/kotlin/resolve/constants/IntegerValueTypeConstructor
instanceKlass org/jetbrains/kotlin/types/NotNullTypeParameter
instanceKlass org/jetbrains/kotlin/types/AbstractTypeChecker
instanceKlass org/jetbrains/kotlin/types/checker/ClassicTypeCheckerStateKt
instanceKlass org/jetbrains/kotlin/resolve/OverridingUtilTypeSystemContext
instanceKlass org/jetbrains/kotlin/types/DisjointKeysUnionTypeSubstitution$Companion
instanceKlass org/jetbrains/kotlin/types/DescriptorSubstitutor
instanceKlass org/jetbrains/kotlin/descriptors/impl/FunctionDescriptorImpl$CopyConfiguration
instanceKlass org/jetbrains/kotlin/load/java/descriptors/UtilKt
instanceKlass org/jetbrains/kotlin/types/AbstractStrictEqualityTypeChecker
instanceKlass org/jetbrains/kotlin/types/checker/StrictEqualityTypeChecker
instanceKlass org/jetbrains/kotlin/load/java/typeEnhancement/TypeEnhancementKt$WhenMappings
instanceKlass org/jetbrains/kotlin/load/java/typeEnhancement/PredefinedFunctionEnhancementInfo
instanceKlass org/jetbrains/kotlin/load/java/typeEnhancement/TypeEnhancementInfo
instanceKlass org/jetbrains/kotlin/load/java/typeEnhancement/SignatureEnhancementBuilder$ClassEnhancementBuilder$FunctionEnhancementBuilder
instanceKlass org/jetbrains/kotlin/load/java/typeEnhancement/SignatureEnhancementBuilder$ClassEnhancementBuilder
instanceKlass org/jetbrains/kotlin/load/java/typeEnhancement/SignatureEnhancementBuilder
instanceKlass org/jetbrains/kotlin/load/java/typeEnhancement/PredefinedEnhancementInfoKt
instanceKlass org/jetbrains/kotlin/load/kotlin/MethodSignatureBuildingUtilsKt
instanceKlass org/jetbrains/kotlin/types/checker/NewTypeVariableConstructor
instanceKlass org/jetbrains/kotlin/types/FlexibleTypesKt
instanceKlass org/jetbrains/kotlin/load/kotlin/JvmType$Companion
instanceKlass org/jetbrains/kotlin/load/kotlin/JvmType
instanceKlass org/jetbrains/kotlin/resolve/InlineClassesUtilsKt
instanceKlass org/jetbrains/kotlin/load/kotlin/TypeSignatureMappingKt
instanceKlass org/jetbrains/kotlin/builtins/FunctionTypesKt
instanceKlass org/jetbrains/kotlin/utils/FunctionsKt
instanceKlass org/jetbrains/kotlin/load/kotlin/DescriptorBasedTypeSignatureMappingKt
instanceKlass org/jetbrains/kotlin/load/kotlin/TypeMappingConfigurationImpl
instanceKlass org/jetbrains/kotlin/load/kotlin/TypeMappingMode$Companion
instanceKlass org/jetbrains/kotlin/load/kotlin/TypeMappingMode
instanceKlass org/jetbrains/kotlin/load/kotlin/JvmTypeFactoryImpl
instanceKlass org/jetbrains/kotlin/load/kotlin/JvmTypeFactory
instanceKlass org/jetbrains/kotlin/load/kotlin/MethodSignatureMappingKt
instanceKlass org/jetbrains/kotlin/load/java/SpecialGenericSignatures$Companion$NameAndSignature
instanceKlass org/jetbrains/kotlin/load/java/SpecialGenericSignatures$Companion
instanceKlass org/jetbrains/kotlin/load/java/SpecialGenericSignatures
instanceKlass org/jetbrains/kotlin/load/java/BuiltinSpecialPropertiesKt
instanceKlass org/jetbrains/kotlin/load/java/BuiltinSpecialProperties
instanceKlass org/jetbrains/kotlin/load/java/PropertiesConventionUtilKt
instanceKlass org/jetbrains/kotlin/load/java/lazy/descriptors/LazyJavaScope$MethodSignatureData
instanceKlass org/jetbrains/kotlin/resolve/jvm/kotlinSignature/SignaturesPropagationData$ValueParameters
instanceKlass  @bci org/jetbrains/kotlin/resolve/jvm/kotlinSignature/SignaturesPropagationData getSuperFunctionsForMethod (Lorg/jetbrains/kotlin/load/java/structure/JavaMethod;Lorg/jetbrains/kotlin/load/java/descriptors/JavaMethodDescriptor;Lorg/jetbrains/kotlin/descriptors/ClassDescriptor;)Ljava/util/List; 219 <appendix> argL0 ; # org/jetbrains/kotlin/resolve/jvm/kotlinSignature/SignaturesPropagationData$$Lambda+0x0000000100615148
instanceKlass org/jetbrains/kotlin/resolve/jvm/kotlinSignature/SignaturePropagationUtilKt
instanceKlass org/jetbrains/kotlin/util/CheckResult
instanceKlass org/jetbrains/kotlin/util/ReturnsCheck
instanceKlass org/jetbrains/kotlin/util/IsKPropertyCheck
instanceKlass org/jetbrains/kotlin/util/NoDefaultAndVarargsCheck
instanceKlass org/jetbrains/kotlin/util/ValueParameterCountCheck
instanceKlass org/jetbrains/kotlin/util/MemberKindCheck
instanceKlass org/jetbrains/kotlin/util/Check
instanceKlass org/jetbrains/kotlin/util/Checks
instanceKlass org/jetbrains/kotlin/util/AbstractModifierChecks
instanceKlass org/jetbrains/kotlin/codegen/state/KotlinTypeMapper$typeMappingConfiguration$1
instanceKlass org/jetbrains/kotlin/load/kotlin/TypeMappingConfiguration
instanceKlass org/jetbrains/kotlin/codegen/ClassBuilderMode
instanceKlass org/jetbrains/kotlin/resolve/InlineClassDescriptorResolver
instanceKlass org/jetbrains/kotlin/codegen/state/KotlinTypeMapper$Companion
instanceKlass org/jetbrains/kotlin/codegen/state/KotlinTypeMapperBase
instanceKlass org/jetbrains/kotlin/codegen/signature/KotlinToJvmSignatureMapperImpl
instanceKlass org/jetbrains/kotlin/resolve/jvm/jvmSignature/KotlinToJvmSignatureMapper
instanceKlass org/jetbrains/kotlin/resolve/jvm/kotlinSignature/SignaturesPropagationData
instanceKlass org/jetbrains/kotlin/load/java/lazy/descriptors/LazyJavaScope$ResolvedValueParameters
instanceKlass org/jetbrains/kotlin/load/java/descriptors/JavaMethodDescriptor$2
instanceKlass org/jetbrains/kotlin/load/java/descriptors/JavaMethodDescriptor$1
instanceKlass org/jetbrains/kotlin/descriptors/CallableDescriptor$UserDataKey
instanceKlass org/jetbrains/kotlin/load/java/descriptors/JavaCallableMemberDescriptor
instanceKlass org/jetbrains/kotlin/resolve/BindingContextUtils
instanceKlass org/jetbrains/kotlin/com/intellij/psi/impl/source/tree/RecursiveTreeElementWalkingVisitor$ASTTreeGuide
instanceKlass org/jetbrains/kotlin/com/intellij/util/WalkingState
instanceKlass org/jetbrains/kotlin/com/intellij/psi/impl/source/tree/AstBufferUtil
instanceKlass org/jetbrains/kotlin/resolve/scopes/LexicalScopeStorage$IntList
instanceKlass org/jetbrains/kotlin/resolve/scopes/utils/LexicalScopeWrapper
instanceKlass org/jetbrains/kotlin/types/expressions/ExpressionTypingUtils
instanceKlass org/jetbrains/kotlin/resolve/calls/util/UnderscoreUtilKt
instanceKlass org/jetbrains/kotlin/resolve/scopes/LexicalWritableScope$Snapshot
instanceKlass org/jetbrains/kotlin/descriptors/annotations/AnnotationsKt
instanceKlass org/jetbrains/kotlin/resolve/DelegationResolver$Companion
instanceKlass org/jetbrains/kotlin/resolve/DelegationResolver
instanceKlass org/jetbrains/kotlin/resolve/lazy/descriptors/LazyClassMemberScope$generateDelegatingDescriptors$lazyMemberExtractor$1
instanceKlass org/jetbrains/kotlin/resolve/DelegationResolver$MemberExtractor
instanceKlass org/jetbrains/kotlin/resolve/lazy/descriptors/LazyClassMemberScope$generateDelegatingDescriptors$lazyTypeResolver$1
instanceKlass org/jetbrains/kotlin/resolve/DelegationResolver$TypeResolver
instanceKlass org/jetbrains/kotlin/load/java/structure/JavaLoadingKt
instanceKlass org/jetbrains/kotlin/load/java/lazy/descriptors/ClassDeclaredMemberIndex
instanceKlass org/jetbrains/kotlin/load/java/lazy/descriptors/DeclaredMemberIndex
instanceKlass org/jetbrains/kotlin/resolve/DescriptorFactory
instanceKlass java/util/RegularEnumSet$EnumSetIterator
instanceKlass org/jetbrains/kotlin/types/IntersectionTypeConstructor
instanceKlass org/jetbrains/kotlin/types/model/IntersectionTypeConstructorMarker
instanceKlass org/jetbrains/kotlin/utils/SmartSet$Companion
instanceKlass org/jetbrains/kotlin/resolve/deprecation/DeprecationResolver$DeprecationInfo$Companion
instanceKlass org/jetbrains/kotlin/resolve/SinceKotlinAccessibility
instanceKlass org/jetbrains/kotlin/resolve/calls/util/FakeCallableDescriptorForObject
instanceKlass org/jetbrains/kotlin/resolve/SinceKotlinUtilKt
instanceKlass kotlin/collections/ArraysKt___ArraysKt$asIterable$$inlined$Iterable$1
instanceKlass org/jetbrains/kotlin/resolve/scopes/MemberScope$DefaultImpls
instanceKlass kotlin/sequences/DropWhileSequence$iterator$1
instanceKlass kotlin/sequences/DropWhileSequence
instanceKlass org/jetbrains/kotlin/psi/typeRefHelpers/TypeRefHelpersKt
instanceKlass org/jetbrains/kotlin/resolve/scopes/ScopeUtils
instanceKlass  @bci org/jetbrains/kotlin/resolve/DescriptorResolver resolveAsPropertyDescriptor (Lorg/jetbrains/kotlin/descriptors/DeclarationDescriptor;Lorg/jetbrains/kotlin/resolve/scopes/LexicalScope;Lorg/jetbrains/kotlin/resolve/scopes/LexicalScope;Lorg/jetbrains/kotlin/psi/KtVariableDeclaration;Lorg/jetbrains/kotlin/resolve/BindingTrace;Lorg/jetbrains/kotlin/resolve/calls/smartcasts/DataFlowInfo;Lorg/jetbrains/kotlin/resolve/calls/components/InferenceSession;Lorg/jetbrains/kotlin/resolve/VariableAsPropertyInfo;)Lorg/jetbrains/kotlin/descriptors/PropertyDescriptor; 714 <appendix> member <vmtarget> ; # org/jetbrains/kotlin/resolve/DescriptorResolver$$Lambda+0x0000000100604000
instanceKlass  @cpi org/jetbrains/kotlin/resolve/DescriptorResolver 1485 form vmentry <vmtarget> ; # java/lang/invoke/LambdaForm$DMH+0x0000000100600000
instanceKlass org/jetbrains/kotlin/descriptors/annotations/AnnotationSplitter$LazySplitAnnotations
instanceKlass org/jetbrains/kotlin/descriptors/annotations/CompositeAnnotations
instanceKlass org/jetbrains/kotlin/descriptors/annotations/AnnotationSplitter$Companion
instanceKlass org/jetbrains/kotlin/descriptors/annotations/AnnotationSplitter
instanceKlass org/jetbrains/kotlin/resolve/VariableAsPropertyInfo$Companion
instanceKlass org/jetbrains/kotlin/resolve/VariableAsPropertyInfo
instanceKlass org/jetbrains/kotlin/resolve/calls/components/InferenceSession$Companion$default$1
instanceKlass org/jetbrains/kotlin/resolve/calls/components/InferenceSession$Companion
instanceKlass org/jetbrains/kotlin/resolve/lazy/descriptors/ClassResolutionScopesSupportKt
instanceKlass org/jetbrains/kotlin/resolve/scopes/receivers/ImplicitClassReceiver
instanceKlass org/jetbrains/kotlin/resolve/scopes/receivers/ThisClassReceiver
instanceKlass org/jetbrains/kotlin/resolve/scopes/receivers/ImplicitReceiver
instanceKlass org/jetbrains/kotlin/util/Box
instanceKlass  @bci org/jetbrains/kotlin/types/DeferredType <clinit> ()V 0 <appendix> argL0 ; # org/jetbrains/kotlin/types/DeferredType$$Lambda+0x00000001005f3e60
instanceKlass java/util/stream/Sink$ChainedInt
instanceKlass java/util/stream/Sink$OfInt
instanceKlass java/util/function/IntConsumer
instanceKlass java/util/stream/ReduceOps$Box
instanceKlass java/util/stream/ReduceOps$AccumulatingSink
instanceKlass java/util/stream/ReduceOps$ReduceOp
instanceKlass java/util/stream/ReduceOps
instanceKlass  @bci java/util/stream/Collectors toList ()Ljava/util/stream/Collector; 14 <appendix> argL0 ; # java/util/stream/Collectors$$Lambda+0x00000001005f94a8
instanceKlass  @bci java/util/stream/Collectors toList ()Ljava/util/stream/Collector; 9 <appendix> argL0 ; # java/util/stream/Collectors$$Lambda+0x000000010017fd98
instanceKlass  @bci java/util/stream/Collectors toList ()Ljava/util/stream/Collector; 4 <appendix> argL0 ; # java/util/stream/Collectors$$Lambda+0x000000010017fb48
instanceKlass  @bci org/jetbrains/kotlin/resolve/lazy/descriptors/LazyClassDescriptor lambda$new$9 (Lorg/jetbrains/kotlin/resolve/lazy/LazyClassContext;)Ljava/util/List; 42 <appendix> argL0 ; # org/jetbrains/kotlin/resolve/lazy/descriptors/LazyClassDescriptor$$Lambda+0x00000001005f36b0
instanceKlass  @bci org/jetbrains/kotlin/resolve/lazy/descriptors/LazyClassDescriptor lambda$new$9 (Lorg/jetbrains/kotlin/resolve/lazy/LazyClassContext;)Ljava/util/List; 32 <appendix> member <vmtarget> ; # org/jetbrains/kotlin/resolve/lazy/descriptors/LazyClassDescriptor$$Lambda+0x00000001005f3458
instanceKlass java/util/stream/IntStream
instanceKlass org/jetbrains/kotlin/com/intellij/openapi/project/ProjectCoreUtil
instanceKlass org/jetbrains/kotlin/resolve/scopes/AbstractLocalRedeclarationChecker
instanceKlass org/jetbrains/kotlin/resolve/scopes/LexicalChainedScope$Companion
instanceKlass org/jetbrains/kotlin/resolve/scopes/LexicalChainedScope
instanceKlass org/jetbrains/kotlin/descriptors/impl/AbstractTypeParameterDescriptor$2$1
instanceKlass org/jetbrains/kotlin/load/java/typeEnhancement/EnhancedTypeAnnotations
instanceKlass org/jetbrains/kotlin/load/java/typeEnhancement/TypeEnhancementKt
instanceKlass org/jetbrains/kotlin/types/FlexibleTypeImpl$Companion
instanceKlass org/jetbrains/kotlin/types/CustomTypeParameter
instanceKlass org/jetbrains/kotlin/load/java/components/JavaAnnotationDescriptor
instanceKlass org/jetbrains/kotlin/load/kotlin/SignatureBuildingComponents
instanceKlass org/jetbrains/kotlin/builtins/jvm/JvmBuiltInsSignatures
instanceKlass org/jetbrains/kotlin/descriptors/DescriptorUtilKt
instanceKlass org/jetbrains/kotlin/descriptors/annotations/AnnotationDescriptor$DefaultImpls
instanceKlass org/jetbrains/kotlin/resolve/constants/ConstantValueFactory
instanceKlass org/jetbrains/kotlin/descriptors/impl/ValueParameterDescriptorImpl$Companion
instanceKlass org/jetbrains/kotlin/resolve/calls/inference/CapturedTypeConstructorImpl
instanceKlass org/jetbrains/kotlin/resolve/calls/inference/CapturedTypeConstructor
instanceKlass org/jetbrains/kotlin/resolve/calls/inference/CapturedTypeConstructorKt
instanceKlass org/jetbrains/kotlin/resolve/scopes/SubstitutingScope
instanceKlass org/jetbrains/kotlin/descriptors/impl/ModuleAwareClassDescriptorKt
instanceKlass org/jetbrains/kotlin/types/TypeConstructorSubstitution$Companion
instanceKlass org/jetbrains/kotlin/types/TypeSubstitution$Companion
instanceKlass org/jetbrains/kotlin/types/TypeSubstitution
instanceKlass org/jetbrains/kotlin/types/TypeProjectionBase
instanceKlass org/jetbrains/kotlin/metadata/ProtoBuf$TypeAliasOrBuilder
instanceKlass org/jetbrains/kotlin/metadata/ProtoBuf$Effect$InvocationKind$1
instanceKlass org/jetbrains/kotlin/metadata/ProtoBuf$Expression$ConstantValue$1
instanceKlass org/jetbrains/kotlin/metadata/ProtoBuf$ExpressionOrBuilder
instanceKlass org/jetbrains/kotlin/metadata/ProtoBuf$Effect$EffectType$1
instanceKlass org/jetbrains/kotlin/metadata/ProtoBuf$EffectOrBuilder
instanceKlass org/jetbrains/kotlin/metadata/deserialization/ProtoTypeTableUtilKt
instanceKlass org/jetbrains/kotlin/serialization/deserialization/descriptors/DeserializedCallableMemberDescriptor
instanceKlass org/jetbrains/kotlin/serialization/deserialization/descriptors/DeserializedMemberDescriptor
instanceKlass org/jetbrains/kotlin/serialization/deserialization/descriptors/DescriptorWithContainerSource
instanceKlass org/jetbrains/kotlin/resolve/OverridingStrategy
instanceKlass org/jetbrains/kotlin/load/java/components/DescriptorResolverUtils
instanceKlass org/jetbrains/kotlin/load/kotlin/BinaryClassAnnotationAndConstantLoaderImpl$AbstractAnnotationArgumentVisitor$visitArray$1
instanceKlass org/jetbrains/kotlin/descriptors/annotations/AnnotationDescriptorImpl
instanceKlass org/jetbrains/kotlin/load/kotlin/BinaryClassAnnotationAndConstantLoaderImpl$AbstractAnnotationArgumentVisitor
instanceKlass org/jetbrains/kotlin/resolve/ResolutionAnchorProviderKt
instanceKlass org/jetbrains/kotlin/descriptors/FindClassInModuleKt
instanceKlass org/jetbrains/kotlin/SpecialJvmAnnotations
instanceKlass org/jetbrains/kotlin/load/kotlin/AbstractBinaryClassAnnotationLoader$loadClassAnnotations$1
instanceKlass org/jetbrains/kotlin/load/java/JavaDefaultQualifiers
instanceKlass org/jetbrains/kotlin/load/java/JvmAnnotationNamesKt
instanceKlass org/jetbrains/kotlin/load/java/AnnotationQualifiersFqNamesKt
instanceKlass org/jetbrains/kotlin/load/java/lazy/descriptors/LazyJavaAnnotationDescriptor
instanceKlass org/jetbrains/kotlin/load/java/descriptors/PossiblyExternalAnnotationDescriptor
instanceKlass org/jetbrains/kotlin/utils/SmartList$SingletonIteratorBase
instanceKlass javaslang/control/Option$None
instanceKlass gnu/trove/TIterator
instanceKlass gnu/trove/THashMap$MapBackedView
instanceKlass org/jetbrains/kotlin/load/java/typeEnhancement/JavaTypeEnhancement$Result
instanceKlass org/jetbrains/kotlin/load/java/typeEnhancement/JavaTypeEnhancement$SimpleResult
instanceKlass org/jetbrains/kotlin/load/java/typeEnhancement/TypeComponentPositionKt
instanceKlass org/jetbrains/kotlin/load/java/typeEnhancement/TypeEnhancementUtilsKt
instanceKlass org/jetbrains/kotlin/load/java/typeEnhancement/JavaTypeQualifiers$Companion
instanceKlass org/jetbrains/kotlin/load/java/typeEnhancement/JavaTypeQualifiers
instanceKlass org/jetbrains/kotlin/types/RawType
instanceKlass org/jetbrains/kotlin/types/checker/ClassicTypeSystemContext$DefaultImpls
instanceKlass kotlin/reflect/jvm/internal/impl/name/SpecialNames
instanceKlass kotlin/reflect/jvm/internal/impl/builtins/CompanionObjectMapping
instanceKlass kotlin/reflect/jvm/internal/impl/name/FqNamesUtilKt
instanceKlass kotlin/reflect/jvm/internal/impl/utils/CollectionsKt
instanceKlass kotlin/reflect/jvm/internal/impl/builtins/PrimitiveType$Companion
instanceKlass kotlin/reflect/jvm/internal/impl/builtins/StandardNames$FqNames
instanceKlass kotlin/reflect/jvm/internal/impl/builtins/jvm/JavaToKotlinClassMap$PlatformMutabilityMapping
instanceKlass kotlin/reflect/jvm/internal/impl/builtins/functions/FunctionClassKind$Companion
instanceKlass kotlin/reflect/jvm/internal/impl/builtins/StandardNames
instanceKlass kotlin/reflect/jvm/internal/impl/builtins/jvm/JavaToKotlinClassMap
instanceKlass kotlin/jvm/functions/Function22
instanceKlass kotlin/jvm/functions/Function21
instanceKlass kotlin/jvm/functions/Function20
instanceKlass kotlin/jvm/functions/Function19
instanceKlass kotlin/jvm/functions/Function18
instanceKlass kotlin/jvm/functions/Function17
instanceKlass kotlin/jvm/functions/Function16
instanceKlass kotlin/jvm/functions/Function15
instanceKlass kotlin/jvm/functions/Function14
instanceKlass kotlin/jvm/functions/Function13
instanceKlass kotlin/jvm/functions/Function12
instanceKlass kotlin/jvm/functions/Function11
instanceKlass kotlin/jvm/functions/Function10
instanceKlass kotlin/jvm/functions/Function9
instanceKlass kotlin/jvm/functions/Function8
instanceKlass kotlin/jvm/functions/Function7
instanceKlass kotlin/jvm/functions/Function6
instanceKlass kotlin/jvm/functions/Function5
instanceKlass kotlin/reflect/jvm/internal/impl/descriptors/runtime/structure/ReflectClassUtilKt
instanceKlass kotlin/reflect/jvm/internal/impl/name/ClassId
instanceKlass kotlin/reflect/jvm/internal/impl/name/FqNameUnsafe$1
instanceKlass kotlin/reflect/jvm/internal/impl/name/Name
instanceKlass kotlin/reflect/jvm/internal/impl/name/FqNameUnsafe
instanceKlass kotlin/reflect/jvm/internal/impl/name/FqName
instanceKlass kotlin/reflect/jvm/internal/RuntimeTypeMapper
instanceKlass kotlin/reflect/jvm/internal/KDeclarationContainerImpl$Data
instanceKlass org/jetbrains/kotlin/util/AbstractArrayMapOwner$AbstractArrayMapAccessor
instanceKlass org/jetbrains/kotlin/types/TypeAttribute
instanceKlass org/jetbrains/kotlin/types/AnnotationsTypeAttributeKt
instanceKlass  @bci org/jetbrains/kotlin/com/intellij/util/IdempotenceChecker <clinit> ()V 51 <appendix> argL0 ; # org/jetbrains/kotlin/com/intellij/util/IdempotenceChecker$$Lambda+0x00000001005d23e0
instanceKlass  @bci org/jetbrains/kotlin/com/intellij/util/IdempotenceChecker <clinit> ()V 21 <appendix> argL0 ; # org/jetbrains/kotlin/com/intellij/util/IdempotenceChecker$$Lambda+0x00000001005d2190
instanceKlass org/jetbrains/kotlin/com/intellij/util/IdempotenceChecker
instanceKlass org/jetbrains/kotlin/load/java/structure/impl/JavaElementCollectionFromPsiArrayUtil
instanceKlass  @bci org/jetbrains/kotlin/com/intellij/psi/PsiClass <clinit> ()V 7 <appendix> argL0 ; # org/jetbrains/kotlin/com/intellij/psi/PsiClass$$Lambda+0x00000001005d1140
instanceKlass org/jetbrains/kotlin/com/intellij/lang/jvm/JvmTypeParameter
instanceKlass org/jetbrains/kotlin/name/FqNamesUtilKt$WhenMappings
instanceKlass  @bci org/jetbrains/kotlin/com/intellij/psi/impl/file/PsiPackageImpl getAllDirectories (Lorg/jetbrains/kotlin/com/intellij/psi/search/GlobalSearchScope;)Ljava/util/Collection; 86 <appendix> member <vmtarget> ; # org/jetbrains/kotlin/com/intellij/psi/impl/file/PsiPackageImpl$$Lambda+0x00000001005ce590
instanceKlass org/jetbrains/kotlin/com/intellij/openapi/roots/ProjectRootModificationTracker
instanceKlass  @bci org/jetbrains/kotlin/com/intellij/psi/impl/PsiCachedValue normalizeDependencies (Lorg/jetbrains/kotlin/com/intellij/psi/util/CachedValueProvider$Result;)[Ljava/lang/Object; 129 <appendix> member <vmtarget> ; # org/jetbrains/kotlin/com/intellij/psi/impl/PsiCachedValue$$Lambda+0x00000001005ce0e0
instanceKlass  @bci org/jetbrains/kotlin/com/intellij/psi/impl/PsiCachedValue normalizeDependencies (Lorg/jetbrains/kotlin/com/intellij/psi/util/CachedValueProvider$Result;)[Ljava/lang/Object; 15 <appendix> argL0 ; # org/jetbrains/kotlin/com/intellij/psi/impl/PsiCachedValue$$Lambda+0x00000001005cde90
instanceKlass  @bci org/jetbrains/kotlin/com/intellij/openapi/application/ReadActionProcessor process (Ljava/lang/Object;)Z 2 <appendix> member <vmtarget> ; # org/jetbrains/kotlin/com/intellij/openapi/application/ReadActionProcessor$$Lambda+0x00000001005cd5b0
instanceKlass org/jetbrains/kotlin/com/intellij/openapi/application/ReadActionProcessor
instanceKlass org/jetbrains/kotlin/com/intellij/util/CollectionQuery
instanceKlass org/jetbrains/kotlin/com/intellij/util/CommonProcessors$CollectProcessor
instanceKlass org/jetbrains/kotlin/com/intellij/util/Processors
instanceKlass  @bci org/jetbrains/kotlin/com/intellij/psi/impl/file/PsiPackageImpl createCachedDirectories (Z)Lorg/jetbrains/kotlin/com/intellij/psi/util/CachedValue; 9 <appendix> member <vmtarget> ; # org/jetbrains/kotlin/com/intellij/psi/impl/file/PsiPackageImpl$$Lambda+0x00000001005cc498
instanceKlass org/jetbrains/kotlin/com/intellij/psi/util/CachedValueProfiler$Overhead
instanceKlass  @bci org/jetbrains/kotlin/com/intellij/psi/util/CachedValueProfiler <clinit> ()V 20 <appendix> argL0 ; # org/jetbrains/kotlin/com/intellij/psi/util/CachedValueProfiler$$Lambda+0x00000001005cc000
instanceKlass org/jetbrains/kotlin/com/intellij/psi/util/CachedValueProfiler$ThreadContext
instanceKlass org/jetbrains/kotlin/com/intellij/psi/util/CachedValueProfiler$GlobalContext
instanceKlass org/jetbrains/kotlin/com/intellij/psi/util/CachedValueProfiler$EventPlace
instanceKlass org/jetbrains/kotlin/com/intellij/psi/util/CachedValueProfiler
instanceKlass  @bci org/jetbrains/kotlin/com/intellij/util/CachedValueBase lambda$getValueWithLock$4 (Ljava/lang/Object;)Lorg/jetbrains/kotlin/com/intellij/util/CachedValueBase$Data; 3 <appendix> member <vmtarget> ; # org/jetbrains/kotlin/com/intellij/util/CachedValueBase$$Lambda+0x00000001005cb498
instanceKlass org/jetbrains/kotlin/com/intellij/openapi/util/RecursionManager$StackFrame
instanceKlass org/jetbrains/kotlin/com/intellij/openapi/util/RecursionManager$MyKey
instanceKlass  @bci org/jetbrains/kotlin/com/intellij/openapi/util/RecursionGuard doPreventingRecursion (Ljava/lang/Object;ZLorg/jetbrains/kotlin/com/intellij/openapi/util/Computable;)Ljava/lang/Object; 25 <appendix> member <vmtarget> ; # org/jetbrains/kotlin/com/intellij/openapi/util/RecursionGuard$$Lambda+0x00000001005cadb8
instanceKlass  @bci org/jetbrains/kotlin/com/intellij/util/CachedValueBase getValueWithLock (Ljava/lang/Object;)Ljava/lang/Object; 41 <appendix> member <vmtarget> ; # org/jetbrains/kotlin/com/intellij/util/CachedValueBase$$Lambda+0x00000001005cab38
instanceKlass org/jetbrains/kotlin/com/intellij/util/CachedValueBase$Data
instanceKlass org/jetbrains/kotlin/com/intellij/psi/impl/file/PsiPackageImpl$PackageAnnotationValueProvider
instanceKlass org/jetbrains/kotlin/load/java/typeEnhancement/AbstractSignatureParts$TypeAndDefaultQualifiers
instanceKlass org/jetbrains/kotlin/load/java/typeEnhancement/AbstractSignatureParts
instanceKlass org/jetbrains/kotlin/types/TypeAttributeTranslator$DefaultImpls
instanceKlass org/jetbrains/kotlin/types/TypeAttributesKt
instanceKlass org/jetbrains/kotlin/load/java/structure/impl/classFiles/ClassifierResolutionContext$Result
instanceKlass org/jetbrains/kotlin/types/ErasureTypeAttributes
instanceKlass org/jetbrains/kotlin/load/java/lazy/types/JavaTypeAttributesKt
instanceKlass org/jetbrains/kotlin/load/java/FakePureImplementationsProvider
instanceKlass org/jetbrains/kotlin/load/java/components/JavaAnnotationMapper
instanceKlass org/jetbrains/kotlin/utils/DFS
instanceKlass org/jetbrains/kotlin/utils/DFS$AbstractNodeHandler
instanceKlass org/jetbrains/kotlin/utils/DFS$NodeHandler
instanceKlass org/jetbrains/kotlin/utils/DFS$VisitedWithSet
instanceKlass org/jetbrains/kotlin/utils/DFS$Visited
instanceKlass org/jetbrains/kotlin/resolve/FindLoopsInSupertypes
instanceKlass  @bci org/jetbrains/kotlin/resolve/SupertypeLoopCheckerImpl findLoopsInSupertypesAndDisconnect (Lorg/jetbrains/kotlin/types/TypeConstructor;Ljava/util/Collection;Lkotlin/jvm/functions/Function1;Lkotlin/jvm/functions/Function1;)Ljava/util/Collection; 26 <appendix> member <vmtarget> ; # org/jetbrains/kotlin/resolve/SupertypeLoopCheckerImpl$$Lambda+0x00000001005c6b48
instanceKlass org/jetbrains/kotlin/utils/DFS$Neighbors
instanceKlass org/jetbrains/kotlin/storage/SingleThreadValue
instanceKlass org/jetbrains/kotlin/descriptors/annotations/Annotations$DefaultImpls
instanceKlass org/jetbrains/kotlin/resolve/jvm/annotations/JvmAnnotationUtilKt
instanceKlass org/jetbrains/kotlin/types/SpecialTypesKt
instanceKlass org/jetbrains/kotlin/types/KotlinTypeKt
instanceKlass org/jetbrains/kotlin/types/DynamicTypesKt
instanceKlass org/jetbrains/kotlin/types/typeUtil/TypeUtilsKt
instanceKlass org/jetbrains/kotlin/util/EmptyArrayMap$iterator$1
instanceKlass java/util/ArrayList$SubList$1
instanceKlass org/jetbrains/kotlin/resolve/checkers/TrailingCommaChecker
instanceKlass org/jetbrains/kotlin/descriptors/impl/TypeAliasConstructorDescriptor
instanceKlass org/jetbrains/kotlin/descriptors/impl/DescriptorDerivedFromTypeAlias
instanceKlass org/jetbrains/kotlin/descriptors/DescriptorVisibilityUtils
instanceKlass org/jetbrains/kotlin/descriptors/DescriptorWithDeprecation$Companion
instanceKlass org/jetbrains/kotlin/descriptors/DescriptorWithDeprecation
instanceKlass org/jetbrains/kotlin/com/google/common/collect/ObjectArrays
instanceKlass org/jetbrains/kotlin/com/google/common/collect/ImmutableMultimap$Builder
instanceKlass org/jetbrains/kotlin/resolve/scopes/ImportingScope$DefaultImpls
instanceKlass org/jetbrains/kotlin/resolve/lazy/FileScopeFactory$currentPackageScope$1
instanceKlass org/jetbrains/kotlin/resolve/lazy/LazyImportScope
instanceKlass org/jetbrains/kotlin/resolve/DelegatingBindingTrace$MyBindingContext
instanceKlass org/jetbrains/kotlin/resolve/AnalyzingUtils
instanceKlass org/jetbrains/kotlin/resolve/extensions/ExtraImportsProviderExtension$Companion$CompoundExtraImportsProviderExtension
instanceKlass org/jetbrains/kotlin/resolve/scopes/HierarchicalScope$DefaultImpls
instanceKlass org/jetbrains/kotlin/resolve/scopes/LexicalScope$DefaultImpls
instanceKlass  @bci org/jetbrains/kotlin/psi/KtTypeElement <clinit> ()V 7 <appendix> argL0 ; # org/jetbrains/kotlin/psi/KtTypeElement$$Lambda+0x00000001005babd8
instanceKlass  @bci org/jetbrains/kotlin/psi/KtSuperTypeListEntry <clinit> ()V 7 <appendix> argL0 ; # org/jetbrains/kotlin/psi/KtSuperTypeListEntry$$Lambda+0x00000001005b5c70
instanceKlass org/jetbrains/kotlin/com/google/common/collect/Lists
instanceKlass org/jetbrains/kotlin/resolve/scopes/LexicalScopeImpl$InitializeHandler
instanceKlass org/jetbrains/kotlin/resolve/scopes/LocalRedeclarationChecker$DO_NOTHING
instanceKlass org/jetbrains/kotlin/types/AbstractTypeConstructor$Supertypes
instanceKlass org/jetbrains/kotlin/resolve/lazy/descriptors/LazyClassMemberScope$Companion$EXTRACT_PROPERTIES$1
instanceKlass org/jetbrains/kotlin/resolve/lazy/descriptors/LazyClassMemberScope$Companion$EXTRACT_FUNCTIONS$1
instanceKlass org/jetbrains/kotlin/resolve/lazy/descriptors/LazyClassMemberScope$MemberExtractor
instanceKlass org/jetbrains/kotlin/resolve/lazy/descriptors/LazyClassMemberScope$Companion
instanceKlass  @bci org/jetbrains/kotlin/resolve/lazy/descriptors/LazyClassDescriptor getDescriptorsForExtraCompanionObjects ()Ljava/util/List; 20 <appendix> member <vmtarget> ; # org/jetbrains/kotlin/resolve/lazy/descriptors/LazyClassDescriptor$$Lambda+0x00000001005b2968
instanceKlass  @bci org/jetbrains/kotlin/resolve/lazy/descriptors/LazyClassDescriptor <init> (Lorg/jetbrains/kotlin/resolve/lazy/LazyClassContext;Lorg/jetbrains/kotlin/descriptors/DeclarationDescriptor;Lorg/jetbrains/kotlin/name/Name;Lorg/jetbrains/kotlin/resolve/lazy/data/KtClassLikeInfo;Z)V 863 <appendix> member <vmtarget> ; # org/jetbrains/kotlin/resolve/lazy/descriptors/LazyClassDescriptor$$Lambda+0x00000001005b18b8
instanceKlass  @bci org/jetbrains/kotlin/resolve/lazy/descriptors/LazyClassDescriptor <init> (Lorg/jetbrains/kotlin/resolve/lazy/LazyClassContext;Lorg/jetbrains/kotlin/descriptors/DeclarationDescriptor;Lorg/jetbrains/kotlin/name/Name;Lorg/jetbrains/kotlin/resolve/lazy/data/KtClassLikeInfo;Z)V 845 <adapter> ; # java/lang/invoke/LambdaForm$MH+0x00000001005b4800
instanceKlass  @cpi org/jetbrains/kotlin/resolve/lazy/descriptors/LazyClassDescriptor 1179 form vmentry <vmtarget> ; # java/lang/invoke/LambdaForm$DMH+0x00000001005b4400
instanceKlass  @bci org/jetbrains/kotlin/resolve/lazy/descriptors/LazyClassDescriptor <init> (Lorg/jetbrains/kotlin/resolve/lazy/LazyClassContext;Lorg/jetbrains/kotlin/descriptors/DeclarationDescriptor;Lorg/jetbrains/kotlin/name/Name;Lorg/jetbrains/kotlin/resolve/lazy/data/KtClassLikeInfo;Z)V 845 <appendix> form vmentry <vmtarget> ; # java/lang/invoke/LambdaForm$DMH+0x00000001005b4000
instanceKlass  @bci org/jetbrains/kotlin/resolve/lazy/descriptors/LazyClassDescriptor <init> (Lorg/jetbrains/kotlin/resolve/lazy/LazyClassContext;Lorg/jetbrains/kotlin/descriptors/DeclarationDescriptor;Lorg/jetbrains/kotlin/name/Name;Lorg/jetbrains/kotlin/resolve/lazy/data/KtClassLikeInfo;Z)V 845 <appendix> member <vmtarget> ; # org/jetbrains/kotlin/resolve/lazy/descriptors/LazyClassDescriptor$$Lambda+0x00000001005b1660
instanceKlass  @bci org/jetbrains/kotlin/resolve/lazy/descriptors/LazyClassDescriptor <init> (Lorg/jetbrains/kotlin/resolve/lazy/LazyClassContext;Lorg/jetbrains/kotlin/descriptors/DeclarationDescriptor;Lorg/jetbrains/kotlin/name/Name;Lorg/jetbrains/kotlin/resolve/lazy/data/KtClassLikeInfo;Z)V 809 <appendix> member <vmtarget> ; # org/jetbrains/kotlin/resolve/lazy/descriptors/LazyClassDescriptor$$Lambda+0x00000001005b1408
instanceKlass  @bci org/jetbrains/kotlin/resolve/lazy/descriptors/LazyClassDescriptor <init> (Lorg/jetbrains/kotlin/resolve/lazy/LazyClassContext;Lorg/jetbrains/kotlin/descriptors/DeclarationDescriptor;Lorg/jetbrains/kotlin/name/Name;Lorg/jetbrains/kotlin/resolve/lazy/data/KtClassLikeInfo;Z)V 790 <appendix> member <vmtarget> ; # org/jetbrains/kotlin/resolve/lazy/descriptors/LazyClassDescriptor$$Lambda+0x00000001005b11b0
instanceKlass  @bci org/jetbrains/kotlin/resolve/lazy/descriptors/LazyClassDescriptor <init> (Lorg/jetbrains/kotlin/resolve/lazy/LazyClassContext;Lorg/jetbrains/kotlin/descriptors/DeclarationDescriptor;Lorg/jetbrains/kotlin/name/Name;Lorg/jetbrains/kotlin/resolve/lazy/data/KtClassLikeInfo;Z)V 768 <appendix> member <vmtarget> ; # org/jetbrains/kotlin/resolve/lazy/descriptors/LazyClassDescriptor$$Lambda+0x00000001005afbb8
instanceKlass org/jetbrains/kotlin/resolve/lazy/descriptors/ClassResolutionScopesSupport$Companion
instanceKlass org/jetbrains/kotlin/resolve/lazy/descriptors/ClassResolutionScopesSupport
instanceKlass  @bci org/jetbrains/kotlin/resolve/lazy/descriptors/LazyClassDescriptor <init> (Lorg/jetbrains/kotlin/resolve/lazy/LazyClassContext;Lorg/jetbrains/kotlin/descriptors/DeclarationDescriptor;Lorg/jetbrains/kotlin/name/Name;Lorg/jetbrains/kotlin/resolve/lazy/data/KtClassLikeInfo;Z)V 739 <appendix> member <vmtarget> ; # org/jetbrains/kotlin/resolve/lazy/descriptors/LazyClassDescriptor$$Lambda+0x00000001005aefc8
instanceKlass  @bci org/jetbrains/kotlin/resolve/lazy/descriptors/LazyClassDescriptor <init> (Lorg/jetbrains/kotlin/resolve/lazy/LazyClassContext;Lorg/jetbrains/kotlin/descriptors/DeclarationDescriptor;Lorg/jetbrains/kotlin/name/Name;Lorg/jetbrains/kotlin/resolve/lazy/data/KtClassLikeInfo;Z)V 722 <appendix> member <vmtarget> ; # org/jetbrains/kotlin/resolve/lazy/descriptors/LazyClassDescriptor$$Lambda+0x00000001005aed70
instanceKlass  @bci org/jetbrains/kotlin/resolve/lazy/descriptors/LazyClassDescriptor <init> (Lorg/jetbrains/kotlin/resolve/lazy/LazyClassContext;Lorg/jetbrains/kotlin/descriptors/DeclarationDescriptor;Lorg/jetbrains/kotlin/name/Name;Lorg/jetbrains/kotlin/resolve/lazy/data/KtClassLikeInfo;Z)V 705 <appendix> member <vmtarget> ; # org/jetbrains/kotlin/resolve/lazy/descriptors/LazyClassDescriptor$$Lambda+0x00000001005aeb18
instanceKlass  @bci org/jetbrains/kotlin/resolve/lazy/descriptors/LazyClassDescriptor <init> (Lorg/jetbrains/kotlin/resolve/lazy/LazyClassContext;Lorg/jetbrains/kotlin/descriptors/DeclarationDescriptor;Lorg/jetbrains/kotlin/name/Name;Lorg/jetbrains/kotlin/resolve/lazy/data/KtClassLikeInfo;Z)V 259 <appendix> member <vmtarget> ; # org/jetbrains/kotlin/resolve/lazy/descriptors/LazyClassDescriptor$$Lambda+0x00000001005ae8c0
instanceKlass  @bci org/jetbrains/kotlin/resolve/lazy/descriptors/LazyClassDescriptor$LazyClassTypeConstructor <init> (Lorg/jetbrains/kotlin/resolve/lazy/descriptors/LazyClassDescriptor;)V 32 <appendix> member <vmtarget> ; # org/jetbrains/kotlin/resolve/lazy/descriptors/LazyClassDescriptor$LazyClassTypeConstructor$$Lambda+0x00000001005ae668
instanceKlass  @bci org/jetbrains/kotlin/resolve/lazy/descriptors/LazyClassDescriptor createScopesHolderForClass (Lorg/jetbrains/kotlin/resolve/lazy/LazyClassContext;Lorg/jetbrains/kotlin/resolve/lazy/declarations/ClassMemberDeclarationProvider;)Lorg/jetbrains/kotlin/descriptors/ScopesHolderForClass; 42 <appendix> member <vmtarget> ; # org/jetbrains/kotlin/resolve/lazy/descriptors/LazyClassDescriptor$$Lambda+0x00000001005ae0f8
instanceKlass org/jetbrains/kotlin/resolve/source/KotlinSourceElementKt
instanceKlass  @bci org/jetbrains/kotlin/resolve/lazy/descriptors/LazyClassDescriptor <clinit> ()V 16 <appendix> argL0 ; # org/jetbrains/kotlin/resolve/lazy/descriptors/LazyClassDescriptor$$Lambda+0x00000001005ad588
instanceKlass org/jetbrains/kotlin/descriptors/ValueClassRepresentation
instanceKlass org/jetbrains/kotlin/resolve/lazy/data/KtClassOrObjectInfo
instanceKlass org/jetbrains/kotlin/resolve/lazy/data/KtClassInfoUtil
instanceKlass org/jetbrains/kotlin/com/google/common/collect/LinkedHashMultimap$ValueSet$1
instanceKlass org/jetbrains/kotlin/com/google/common/collect/AbstractMapBasedMultimap$WrappedCollection$WrappedIterator
instanceKlass org/jetbrains/kotlin/com/google/common/collect/ListMultimap
instanceKlass org/jetbrains/kotlin/resolve/lazy/declarations/AbstractPsiBasedDeclarationProvider$Index
instanceKlass  @bci org/jetbrains/kotlin/com/intellij/openapi/util/NotNullLazyValue createConstantValue (Ljava/lang/Object;)Lorg/jetbrains/kotlin/com/intellij/openapi/util/NotNullLazyValue; 9 <appendix> member <vmtarget> ; # org/jetbrains/kotlin/com/intellij/openapi/util/NotNullLazyValue$$Lambda+0x00000001005a5990
instanceKlass org/jetbrains/kotlin/com/intellij/openapi/application/BaseActionRunnable
instanceKlass  @bci org/jetbrains/kotlin/resolve/lazy/ResolveSession resolveToDescriptor (Lorg/jetbrains/kotlin/psi/KtDeclaration;)Lorg/jetbrains/kotlin/descriptors/DeclarationDescriptor; 61 <appendix> member <vmtarget> ; # org/jetbrains/kotlin/resolve/lazy/ResolveSession$$Lambda+0x00000001005a7d88
instanceKlass org/jetbrains/kotlin/com/intellij/psi/search/PsiElementProcessor$CollectElements
instanceKlass org/jetbrains/kotlin/com/intellij/psi/search/PsiElementProcessor$FindElement
instanceKlass org/jetbrains/kotlin/com/intellij/psi/search/PsiElementProcessor
instanceKlass org/jetbrains/kotlin/com/intellij/psi/util/PsiTreeUtil
# instanceKlass java/lang/invoke/LambdaForm$MH+0x00000001005a4800
# instanceKlass java/lang/invoke/LambdaForm$MH+0x00000001005a4400
instanceKlass org/jetbrains/kotlin/resolve/AllUnderImportScope$Companion
instanceKlass org/jetbrains/kotlin/com/google/common/collect/AbstractMapBasedMultimap$KeySet$1
instanceKlass org/jetbrains/kotlin/com/google/common/collect/PeekingIterator
instanceKlass org/jetbrains/kotlin/com/google/common/collect/Iterators
instanceKlass org/jetbrains/kotlin/com/google/common/collect/AbstractMapBasedMultimap$Itr
# instanceKlass java/lang/invoke/LambdaForm$MH+0x00000001005a4000
instanceKlass org/jetbrains/kotlin/metadata/ProtoBuf$VersionRequirement$VersionKind$1
instanceKlass org/jetbrains/kotlin/metadata/ProtoBuf$VersionRequirement$Level$1
instanceKlass org/jetbrains/kotlin/metadata/ProtoBuf$VersionRequirementOrBuilder
instanceKlass org/jetbrains/kotlin/metadata/deserialization/ProtoBufUtilKt
instanceKlass org/jetbrains/kotlin/load/kotlin/JvmPackagePartSource
instanceKlass org/jetbrains/kotlin/load/kotlin/FacadeClassSource
instanceKlass org/jetbrains/kotlin/load/kotlin/KotlinClassFinderKt
instanceKlass org/jetbrains/kotlin/load/java/structure/JavaClassObjectAnnotationArgument
instanceKlass org/jetbrains/kotlin/load/java/structure/JavaEnumValueAnnotationArgument
instanceKlass org/jetbrains/kotlin/metadata/jvm/deserialization/JvmNameResolverBase$WhenMappings
instanceKlass org/jetbrains/kotlin/load/kotlin/KotlinJvmBinarySourceElement
instanceKlass org/jetbrains/kotlin/serialization/deserialization/descriptors/DeserializedContainerSource
instanceKlass org/jetbrains/kotlin/metadata/jvm/deserialization/JvmNameResolverKt
instanceKlass org/jetbrains/kotlin/metadata/jvm/JvmProtoBuf$StringTableTypes$Record$Operation$1
instanceKlass org/jetbrains/kotlin/metadata/jvm/JvmProtoBuf$StringTableTypes$RecordOrBuilder
instanceKlass org/jetbrains/kotlin/metadata/jvm/JvmProtoBuf$StringTableTypesOrBuilder
instanceKlass kotlin/collections/IndexedValue
instanceKlass kotlin/collections/IndexingIterator
instanceKlass kotlin/collections/IndexingIterable
instanceKlass org/jetbrains/kotlin/metadata/jvm/deserialization/JvmNameResolverBase$Companion
instanceKlass org/jetbrains/kotlin/metadata/jvm/deserialization/JvmNameResolverBase
instanceKlass org/jetbrains/kotlin/metadata/jvm/deserialization/UtfEncodingKt
instanceKlass org/jetbrains/kotlin/metadata/jvm/deserialization/BitEncoding
instanceKlass org/jetbrains/kotlin/load/kotlin/header/KotlinClassHeader
instanceKlass org/jetbrains/kotlin/load/kotlin/header/ReadKotlinClassHeaderAnnotationVisitor$CollectStringArrayAnnotationVisitor
instanceKlass org/jetbrains/kotlin/load/kotlin/KotlinJvmBinaryClass$AnnotationArrayArgumentVisitor
instanceKlass org/jetbrains/kotlin/load/kotlin/header/ReadKotlinClassHeaderAnnotationVisitor$KotlinMetadataArgumentVisitor
instanceKlass java/lang/Override
instanceKlass org/jetbrains/kotlin/resolve/jvm/JvmClassName
instanceKlass org/jetbrains/kotlin/load/java/JvmAnnotationNames
instanceKlass org/jetbrains/kotlin/load/java/structure/JavaAnnotationAsAnnotationArgument
instanceKlass org/jetbrains/kotlin/load/java/structure/JavaArrayAnnotationArgument
instanceKlass org/jetbrains/kotlin/load/java/structure/impl/classFiles/PlainJavaAnnotationArgument
instanceKlass org/jetbrains/kotlin/load/java/structure/JavaLiteralAnnotationArgument
instanceKlass org/jetbrains/kotlin/load/java/structure/JavaAnnotationArgument
instanceKlass org/jetbrains/kotlin/load/java/structure/JavaArrayType
instanceKlass org/jetbrains/kotlin/load/java/structure/impl/classFiles/BinaryJavaTypeParameter
instanceKlass org/jetbrains/kotlin/load/java/structure/JavaTypeParameter
instanceKlass org/jetbrains/kotlin/load/java/structure/JavaWildcardType
instanceKlass org/jetbrains/kotlin/load/java/structure/impl/classFiles/BinaryJavaClass$WhenMappings
instanceKlass org/jetbrains/org/objectweb/asm/FieldVisitor
instanceKlass org/jetbrains/kotlin/load/java/structure/impl/classFiles/BinaryJavaField
instanceKlass org/jetbrains/kotlin/load/java/structure/impl/classFiles/BinaryJavaAnnotation$Companion
instanceKlass org/jetbrains/kotlin/load/java/structure/impl/classFiles/BinaryJavaAnnotation
instanceKlass org/jetbrains/kotlin/load/java/structure/JavaAnnotation
instanceKlass org/jetbrains/kotlin/load/java/structure/impl/classFiles/BinaryJavaValueParameter
instanceKlass org/jetbrains/kotlin/load/java/structure/JavaValueParameter
instanceKlass org/jetbrains/kotlin/utils/addToStdlib/AddToStdlibKt
instanceKlass org/jetbrains/kotlin/com/google/common/collect/Sets
instanceKlass org/jetbrains/kotlin/builtins/CompanionObjectMapping
instanceKlass org/jetbrains/kotlin/builtins/jvm/JavaToKotlinClassMap$PlatformMutabilityMapping
instanceKlass org/jetbrains/kotlin/name/StandardClassIdsKt
instanceKlass org/jetbrains/kotlin/name/StandardClassIds
instanceKlass org/jetbrains/kotlin/builtins/jvm/JavaToKotlinClassMap
instanceKlass org/jetbrains/kotlin/resolve/PlatformClassesMappedToKotlinChecker
instanceKlass org/jetbrains/kotlin/load/java/JavaDescriptorVisibilities
instanceKlass org/jetbrains/kotlin/load/java/UtilsKt
instanceKlass org/jetbrains/kotlin/resolve/QualifiedExpressionResolverKt
instanceKlass org/jetbrains/kotlin/load/java/structure/impl/JavaModifierListOwnerImpl
instanceKlass org/jetbrains/kotlin/load/java/structure/impl/JavaAnnotationOwnerImpl
instanceKlass org/jetbrains/kotlin/load/java/lazy/LazyJavaTypeParameterResolver
instanceKlass org/jetbrains/kotlin/load/java/components/JavaSourceElementImpl
instanceKlass org/jetbrains/kotlin/load/java/lazy/descriptors/LazyJavaClassDescriptor$Companion
instanceKlass org/jetbrains/org/objectweb/asm/MethodVisitor
instanceKlass org/jetbrains/kotlin/load/java/structure/JavaConstructor
instanceKlass org/jetbrains/kotlin/load/java/structure/impl/classFiles/BinaryJavaMethodBase$Companion$MethodInfo
instanceKlass org/jetbrains/kotlin/load/java/structure/JavaPrimitiveType
instanceKlass java/text/StringCharacterIterator
instanceKlass java/text/CharacterIterator
instanceKlass org/jetbrains/org/objectweb/asm/Type
instanceKlass org/jetbrains/kotlin/load/java/structure/impl/classFiles/BinaryJavaMethodBase$Companion
instanceKlass org/jetbrains/kotlin/load/java/structure/impl/classFiles/BinaryJavaMethodBase
instanceKlass javaslang/control/Option$Some
instanceKlass javaslang/control/Option
instanceKlass org/jetbrains/kotlin/util/javaslang/JavaslangAdaptersKt
instanceKlass org/jetbrains/kotlin/load/java/structure/impl/classFiles/ClassifierResolutionContext$InnerClassInfo
instanceKlass org/jetbrains/kotlin/load/java/structure/impl/classFiles/CommonMixinsKt
instanceKlass org/jetbrains/kotlin/load/java/structure/impl/classFiles/JavaPlainType
instanceKlass org/jetbrains/kotlin/load/java/structure/JavaClassifierType
instanceKlass org/jetbrains/kotlin/load/java/structure/JavaType
instanceKlass org/jetbrains/kotlin/load/java/structure/ListBasedJavaAnnotationOwner
instanceKlass org/jetbrains/kotlin/load/java/structure/impl/classFiles/BinaryJavaModifierListOwner
instanceKlass org/jetbrains/kotlin/load/java/structure/impl/VirtualFileBoundJavaClass
instanceKlass org/jetbrains/kotlin/load/java/structure/MutableJavaAnnotationOwner
instanceKlass org/jetbrains/kotlin/load/java/structure/impl/classFiles/ClassifierResolutionContext
instanceKlass org/jetbrains/kotlin/load/kotlin/FileBasedKotlinClass$OuterAndInnerName
instanceKlass org/jetbrains/org/objectweb/asm/Context
instanceKlass org/jetbrains/org/objectweb/asm/Attribute
instanceKlass org/jetbrains/org/objectweb/asm/Label
instanceKlass org/jetbrains/org/objectweb/asm/ClassReader
instanceKlass org/jetbrains/kotlin/load/kotlin/FileBasedKotlinClass$InnerClassesInfo
instanceKlass org/jetbrains/kotlin/load/kotlin/KotlinJvmBinaryClass$AnnotationArgumentVisitor
instanceKlass org/jetbrains/kotlin/load/kotlin/header/ReadKotlinClassHeaderAnnotationVisitor
instanceKlass org/jetbrains/kotlin/load/kotlin/KotlinJvmBinaryClass$AnnotationVisitor
instanceKlass kotlin/jvm/functions/Function4
instanceKlass org/jetbrains/kotlin/load/kotlin/VirtualFileKotlinClass$Factory
instanceKlass org/jetbrains/org/objectweb/asm/AnnotationVisitor
instanceKlass org/jetbrains/org/objectweb/asm/ClassVisitor
instanceKlass org/jetbrains/kotlin/load/kotlin/FileBasedKotlinClass
instanceKlass  @bci org/jetbrains/kotlin/load/kotlin/KotlinBinaryClassCache$Companion getKotlinBinaryClassOrClassFileContent (Lorg/jetbrains/kotlin/com/intellij/openapi/vfs/VirtualFile;Lorg/jetbrains/kotlin/metadata/jvm/deserialization/JvmMetadataVersion;[B)Lorg/jetbrains/kotlin/load/kotlin/KotlinClassFinder$Result; 124 <appendix> member <vmtarget> ; # org/jetbrains/kotlin/load/kotlin/KotlinBinaryClassCache$Companion$$Lambda+0x00000001005806a0
instanceKlass org/jetbrains/kotlin/com/intellij/openapi/util/Computable
instanceKlass org/jetbrains/kotlin/load/kotlin/KotlinBinaryClassCache$RequestCache
instanceKlass org/jetbrains/kotlin/cli/jvm/compiler/KotlinCliJavaFileManagerImpl$WhenMappings
instanceKlass org/jetbrains/kotlin/load/java/lazy/descriptors/LazyJavaPackageScope$KotlinClassLookupResult
instanceKlass org/jetbrains/kotlin/load/java/lazy/descriptors/LazyJavaPackageScope$FindClassRequest
instanceKlass gnu/trove/TObjectProcedure
instanceKlass org/jetbrains/kotlin/resolve/jvm/multiplatform/OptionalAnnotationClassDataFinder
instanceKlass org/jetbrains/kotlin/cli/jvm/index/JvmDependenciesIndexImpl$SearchResult
instanceKlass org/jetbrains/kotlin/load/java/lazy/LazyJavaAnnotations
instanceKlass org/jetbrains/kotlin/load/java/lazy/LazyJavaAnnotationsKt
instanceKlass org/jetbrains/kotlin/load/java/lazy/descriptors/JvmPackageScope
instanceKlass kotlin/UnsafeLazyImpl
instanceKlass org/jetbrains/kotlin/load/java/lazy/ContextKt
instanceKlass org/jetbrains/kotlin/resolve/scopes/ResolutionScope$DefaultImpls
instanceKlass org/jetbrains/kotlin/utils/CallOnceFunction
instanceKlass org/jetbrains/kotlin/resolve/scopes/receivers/QualifierKt
instanceKlass org/jetbrains/kotlin/resolve/scopes/receivers/PackageQualifier
instanceKlass org/jetbrains/kotlin/util/slicedMap/OpenAddressLinearProbingHashTableKt
instanceKlass org/jetbrains/kotlin/util/slicedMap/OpenAddressLinearProbingHashTable$Companion
instanceKlass org/jetbrains/kotlin/load/java/structure/JavaElementsKt
instanceKlass org/jetbrains/kotlin/load/java/structure/impl/source/JavaElementPsiSource
instanceKlass org/jetbrains/kotlin/load/java/structure/impl/JavaElementImpl
instanceKlass org/jetbrains/kotlin/load/java/structure/impl/source/JavaSourceFactoryOwner
instanceKlass org/jetbrains/kotlin/load/java/structure/MapBasedJavaAnnotationOwner
instanceKlass org/jetbrains/kotlin/load/java/structure/impl/source/JavaElementSourceFactory$Companion
instanceKlass org/jetbrains/kotlin/cli/jvm/index/JvmDependenciesIndexImpl$FindClassRequest
instanceKlass org/jetbrains/kotlin/cli/jvm/index/JvmDependenciesIndexImpl$WhenMappings
instanceKlass gnu/trove/PrimeFinder
instanceKlass org/jetbrains/kotlin/com/intellij/util/containers/IntArrayList
instanceKlass org/jetbrains/kotlin/cli/jvm/index/JvmDependenciesIndexImpl$Cache
instanceKlass org/jetbrains/kotlin/cli/jvm/index/JvmDependenciesIndexImpl$TraverseRequest
instanceKlass org/jetbrains/kotlin/cli/jvm/index/JvmDependenciesIndexImpl$SearchRequest
instanceKlass org/jetbrains/kotlin/cli/jvm/compiler/KotlinCliJavaFileManagerImplKt
instanceKlass kotlin/jvm/internal/Ref$BooleanRef
instanceKlass  @bci org/jetbrains/kotlin/resolve/jvm/KotlinJavaPsiFacade calcFinders ()[Lorg/jetbrains/kotlin/resolve/jvm/KotlinJavaPsiFacade$KotlinPsiElementFinderWrapper; 149 <appendix> argL0 ; # org/jetbrains/kotlin/resolve/jvm/KotlinJavaPsiFacade$$Lambda+0x0000000100570790
instanceKlass org/jetbrains/kotlin/resolve/jvm/KotlinSafeClassFinder
instanceKlass org/jetbrains/kotlin/com/intellij/util/containers/ImmutableList$Itr
instanceKlass org/jetbrains/kotlin/resolve/jvm/KotlinJavaPsiFacade$CliFinder
instanceKlass  @bci org/jetbrains/kotlin/com/intellij/psi/search/GlobalSearchScope$AbstractFilesScope hasFilesOutOfProjectRoots ()Z 33 <appendix> member <vmtarget> ; # org/jetbrains/kotlin/com/intellij/psi/search/GlobalSearchScope$AbstractFilesScope$$Lambda+0x000000010056f2e0
instanceKlass  @bci org/jetbrains/kotlin/com/intellij/psi/search/GlobalSearchScope$UnionScope isSearchInLibraries ()Z 4 <appendix> argL0 ; # org/jetbrains/kotlin/com/intellij/psi/search/GlobalSearchScope$UnionScope$$Lambda+0x000000010056f090
instanceKlass org/jetbrains/kotlin/com/intellij/openapi/vfs/CompactVirtualFileSet$2
instanceKlass org/jetbrains/kotlin/com/intellij/util/containers/SequenceIterator
instanceKlass org/jetbrains/kotlin/resolve/jvm/KotlinJavaPsiFacade$PackageCache
instanceKlass kotlin/collections/ReversedList$listIterator$1
instanceKlass kotlin/jvm/internal/markers/KMutableListIterator
instanceKlass java/util/AbstractList$SubList$1
instanceKlass  @bci java/util/regex/CharPredicates range (II)Ljava/util/regex/Pattern$CharPredicate; 2 <appendix> member <vmtarget> ; # java/util/regex/CharPredicates$$Lambda+0x000000010017d0d8
instanceKlass org/jetbrains/kotlin/psi/psiUtil/KtPsiUtilKt
instanceKlass org/jetbrains/kotlin/resolve/source/KotlinSourceElement
instanceKlass org/jetbrains/kotlin/resolve/source/PsiSourceElement
instanceKlass org/jetbrains/kotlin/resolve/PackageFragmentWithCustomSource
instanceKlass org/jetbrains/kotlin/psi/KtCodeFragmentBase
instanceKlass org/jetbrains/kotlin/com/intellij/psi/JavaCodeFragment
instanceKlass org/jetbrains/kotlin/com/intellij/psi/PsiCodeFragment
instanceKlass org/jetbrains/kotlin/psi/codeFragmentUtil/CodeFragmentUtilKt
instanceKlass kotlin/jvm/internal/markers/KMutableList
instanceKlass org/jetbrains/kotlin/resolve/lazy/ForceResolveUtil
instanceKlass org/jetbrains/kotlin/resolve/scopes/utils/ScopeUtilsKt
instanceKlass org/jetbrains/kotlin/util/slicedMap/Slices$SliceBuilder
instanceKlass org/jetbrains/kotlin/util/slicedMap/SetSlice$Companion
instanceKlass org/jetbrains/kotlin/util/slicedMap/RewritePolicy$1
instanceKlass org/jetbrains/kotlin/resolve/BindingContext$1
instanceKlass org/jetbrains/kotlin/resolve/bindingContextUtil/BindingContextUtilsKt
instanceKlass org/jetbrains/kotlin/resolve/lazy/FileScopeFactory$FilesScopesBuilder$importResolver$1
instanceKlass org/jetbrains/kotlin/resolve/scopes/BaseHierarchicalScope
instanceKlass org/jetbrains/kotlin/resolve/lazy/FileScopeFactory$FilesScopesBuilder$lazyImportingScope$1
instanceKlass org/jetbrains/kotlin/resolve/lazy/FileScopeFactoryKt
instanceKlass org/jetbrains/kotlin/resolve/lazy/LazyImportResolver
instanceKlass org/jetbrains/kotlin/resolve/lazy/IndexedImports
instanceKlass org/jetbrains/kotlin/resolve/lazy/FileScopeFactory$FilesScopesBuilder
instanceKlass org/jetbrains/kotlin/storage/LockBasedStorageManager$KeyWithComputation
instanceKlass  @bci org/jetbrains/kotlin/resolve/lazy/ResolveSession getPackageFragment (Lorg/jetbrains/kotlin/name/FqName;)Lorg/jetbrains/kotlin/resolve/lazy/descriptors/LazyPackageDescriptor; 34 <appendix> member <vmtarget> ; # org/jetbrains/kotlin/resolve/lazy/ResolveSession$$Lambda+0x0000000100561d48
instanceKlass org/jetbrains/kotlin/resolve/lazy/declarations/AbstractPsiBasedDeclarationProvider
instanceKlass org/jetbrains/kotlin/psi/KtPsiUtil
instanceKlass org/jetbrains/kotlin/psi/KtSimpleNameExpressionImpl$Companion
instanceKlass org/jetbrains/kotlin/psi/KtExpressionImpl$Companion
instanceKlass org/jetbrains/kotlin/psi/KtNameReferenceExpression$Companion
instanceKlass org/jetbrains/kotlin/com/intellij/psi/impl/source/SourceTreeToPsiMap
instanceKlass org/jetbrains/kotlin/psi/psiUtil/PsiUtilsKt$siblings$1$iterator$1
instanceKlass kotlin/jvm/internal/Ref$ObjectRef
instanceKlass org/jetbrains/kotlin/psi/psiUtil/PsiUtilsKt$siblings$1
instanceKlass org/jetbrains/kotlin/psi/psiUtil/PsiUtilsKt
instanceKlass org/jetbrains/kotlin/psi/KtDotQualifiedExpression$Companion
instanceKlass org/jetbrains/kotlin/psi/KtStubbedPsiUtil
instanceKlass  @bci org/jetbrains/kotlin/psi/KtExpression <clinit> ()V 7 <appendix> argL0 ; # org/jetbrains/kotlin/psi/KtExpression$$Lambda+0x000000010055b128
instanceKlass org/jetbrains/kotlin/resolve/lazy/FileScopeProviderKt
instanceKlass org/jetbrains/kotlin/com/intellij/openapi/application/AccessToken
instanceKlass org/jetbrains/kotlin/com/intellij/openapi/progress/Cancellation
instanceKlass  @bci org/jetbrains/kotlin/com/intellij/util/containers/ConcurrentLongObjectHashMap setTabAt ([Lorg/jetbrains/kotlin/com/intellij/util/containers/ConcurrentLongObjectHashMap$Node;ILorg/jetbrains/kotlin/com/intellij/util/containers/ConcurrentLongObjectHashMap$Node;)V 15 <adapter> ; # java/lang/invoke/LambdaForm$MH+0x000000010055d000
instanceKlass org/jetbrains/kotlin/com/intellij/openapi/progress/WrappedProgressIndicator
instanceKlass  @bci org/jetbrains/kotlin/com/intellij/openapi/progress/impl/CoreProgressManager registerIndicatorAndRun (Lorg/jetbrains/kotlin/com/intellij/openapi/progress/ProgressIndicator;Ljava/lang/Thread;Lorg/jetbrains/kotlin/com/intellij/openapi/progress/ProgressIndicator;Lorg/jetbrains/kotlin/com/intellij/openapi/util/ThrowableComputable;)Ljava/lang/Object; 60 <appendix> argL0 ; # org/jetbrains/kotlin/com/intellij/openapi/progress/impl/CoreProgressManager$$Lambda+0x0000000100559c00
instanceKlass  @bci org/jetbrains/kotlin/com/intellij/util/containers/ConcurrentLongObjectHashMap compareAndSwapLong (Ljava/lang/Object;JJJ)Z 17 <adapter> ; # java/lang/invoke/LambdaForm$MH+0x000000010055cc00
instanceKlass  @bci org/jetbrains/kotlin/com/intellij/util/containers/ConcurrentLongObjectHashMap casTabAt ([Lorg/jetbrains/kotlin/com/intellij/util/containers/ConcurrentLongObjectHashMap$Node;ILorg/jetbrains/kotlin/com/intellij/util/containers/ConcurrentLongObjectHashMap$Node;Lorg/jetbrains/kotlin/com/intellij/util/containers/ConcurrentLongObjectHashMap$Node;)Z 32 <adapter> ; # java/lang/invoke/LambdaForm$MH+0x000000010055c800
instanceKlass  @bci org/jetbrains/kotlin/com/intellij/util/containers/ConcurrentLongObjectHashMap tabAt ([Lorg/jetbrains/kotlin/com/intellij/util/containers/ConcurrentLongObjectHashMap$Node;I)Lorg/jetbrains/kotlin/com/intellij/util/containers/ConcurrentLongObjectHashMap$Node; 14 <adapter> ; # java/lang/invoke/LambdaForm$MH+0x000000010055c400
instanceKlass  @bci org/jetbrains/kotlin/com/intellij/util/containers/ConcurrentLongObjectHashMap compareAndSwapInt (Ljava/lang/Object;JII)Z 17 <adapter> ; # java/lang/invoke/LambdaForm$MH+0x000000010055c000
instanceKlass org/jetbrains/kotlin/com/intellij/openapi/progress/impl/NonCancelableIndicator
instanceKlass org/jetbrains/kotlin/com/intellij/openapi/progress/StandardProgressIndicator
instanceKlass  @bci org/jetbrains/kotlin/com/intellij/openapi/progress/impl/CoreProgressManager executeNonCancelableSection (Ljava/lang/Runnable;)V 10 <appendix> member <vmtarget> ; # org/jetbrains/kotlin/com/intellij/openapi/progress/impl/CoreProgressManager$$Lambda+0x0000000100557968
instanceKlass org/jetbrains/kotlin/com/intellij/openapi/util/ThrowableComputable
instanceKlass  @bci org/jetbrains/kotlin/com/intellij/psi/impl/source/tree/LazyParseableElement setChildren (Lorg/jetbrains/kotlin/com/intellij/psi/impl/source/tree/TreeElement;)V 13 <appendix> member <vmtarget> ; # org/jetbrains/kotlin/com/intellij/psi/impl/source/tree/LazyParseableElement$$Lambda+0x00000001005574e0
instanceKlass org/jetbrains/kotlin/kdoc/psi/api/KDoc
instanceKlass org/jetbrains/kotlin/kdoc/psi/api/KDocElement
instanceKlass org/jetbrains/kotlin/com/intellij/psi/PsiDocCommentBase
instanceKlass org/jetbrains/kotlin/com/intellij/psi/tree/ILeafElementType
instanceKlass org/jetbrains/kotlin/com/intellij/psi/tree/ICustomParsingType
instanceKlass org/jetbrains/kotlin/com/intellij/lang/WhitespacesAndCommentsBinder$RecursiveBinder
instanceKlass org/jetbrains/kotlin/com/intellij/lang/impl/PsiBuilderImpl$RelativeTokenTextView
instanceKlass org/jetbrains/kotlin/parsing/PrecedingDocCommentsBinder
instanceKlass org/jetbrains/kotlin/parsing/PrecedingCommentsBinder
instanceKlass org/jetbrains/kotlin/parsing/KotlinParsing$PropertyComponentKind$Collector
instanceKlass org/jetbrains/kotlin/parsing/AbstractKotlinParsing$OptionalMarker
instanceKlass org/jetbrains/kotlin/parsing/KotlinParsing$ModifierDetector
instanceKlass  @bci org/jetbrains/kotlin/com/intellij/psi/impl/file/PsiPackageImpl createCachedDirectories (Z)Lorg/jetbrains/kotlin/com/intellij/psi/util/CachedValue; 9 <appendix> form vmentry <vmtarget> ; # java/lang/invoke/LambdaForm$DMH+0x0000000100531400
instanceKlass  @bci org/jetbrains/kotlin/com/intellij/lang/impl/MarkerProduction findMarkerAtLexeme (I)I 10 <appendix> member <vmtarget> ; # org/jetbrains/kotlin/com/intellij/lang/impl/MarkerProduction$$Lambda+0x0000000100554560
instanceKlass java/util/function/IntUnaryOperator
instanceKlass org/jetbrains/kotlin/it/unimi/dsi/fastutil/ints/IntArrays$ArrayHashStrategy
instanceKlass org/jetbrains/kotlin/it/unimi/dsi/fastutil/ints/IntArrays$Segment
instanceKlass org/jetbrains/kotlin/it/unimi/dsi/fastutil/ints/IntArrays
instanceKlass org/jetbrains/kotlin/com/intellij/lang/WhitespacesBinders$2
instanceKlass org/jetbrains/kotlin/com/intellij/lang/WhitespacesBinders$1
instanceKlass org/jetbrains/kotlin/com/intellij/lang/WhitespacesBinders
instanceKlass org/jetbrains/kotlin/parsing/TrailingCommentsBinder
instanceKlass org/jetbrains/kotlin/it/unimi/dsi/fastutil/Arrays
instanceKlass org/jetbrains/kotlin/com/google/common/collect/ImmutableCollection$Builder
instanceKlass java/util/AbstractMap$SimpleImmutableEntry
instanceKlass org/jetbrains/kotlin/com/google/common/collect/ImmutableMap$Builder
instanceKlass org/jetbrains/kotlin/parsing/AbstractTokenStreamPredicate
instanceKlass org/jetbrains/kotlin/parsing/AbstractTokenStreamPattern
instanceKlass org/jetbrains/kotlin/parsing/TokenStreamPattern
instanceKlass org/jetbrains/kotlin/parsing/Consumer
instanceKlass org/jetbrains/kotlin/parsing/TokenStreamPredicate
instanceKlass org/jetbrains/kotlin/com/intellij/lang/WhitespacesAndCommentsBinder
instanceKlass org/jetbrains/kotlin/parsing/AbstractKotlinParsing
instanceKlass org/jetbrains/kotlin/com/intellij/lang/impl/PsiBuilderAdapter
instanceKlass org/jetbrains/kotlin/parsing/SemanticWhitespaceAwarePsiBuilder
instanceKlass org/jetbrains/kotlin/parsing/KotlinParser
instanceKlass org/jetbrains/kotlin/com/intellij/util/text/CharSequenceSubSequence
instanceKlass org/jetbrains/kotlin/lexer/_JetLexer$State
instanceKlass org/jetbrains/kotlin/com/intellij/util/text/ImmutableText$InnerLeaf
instanceKlass org/jetbrains/kotlin/com/intellij/util/text/ImmutableText$CompositeNode
instanceKlass org/jetbrains/kotlin/com/intellij/lang/impl/TokenSequence$Builder
instanceKlass org/jetbrains/kotlin/com/intellij/lang/impl/TokenSequence
instanceKlass org/jetbrains/kotlin/com/intellij/lexer/TokenList
instanceKlass org/jetbrains/kotlin/com/intellij/lang/impl/PsiBuilderImpl$Token
instanceKlass org/jetbrains/kotlin/com/intellij/lang/LighterLazyParseableNode
instanceKlass org/jetbrains/kotlin/it/unimi/dsi/fastutil/ints/IntListIterator
instanceKlass org/jetbrains/kotlin/it/unimi/dsi/fastutil/ints/IntBidirectionalIterator
instanceKlass org/jetbrains/kotlin/it/unimi/dsi/fastutil/ints/IntStack
instanceKlass org/jetbrains/kotlin/it/unimi/dsi/fastutil/ints/IntList
instanceKlass org/jetbrains/kotlin/it/unimi/dsi/fastutil/ints/IntSpliterator
instanceKlass org/jetbrains/kotlin/it/unimi/dsi/fastutil/ints/IntIterator
instanceKlass java/util/PrimitiveIterator$OfInt
instanceKlass java/util/PrimitiveIterator
instanceKlass java/util/BitSet
instanceKlass org/jetbrains/kotlin/com/intellij/util/containers/IntStack
instanceKlass org/jetbrains/kotlin/it/unimi/dsi/fastutil/objects/ObjectArrays$ArrayHashStrategy
instanceKlass org/jetbrains/kotlin/it/unimi/dsi/fastutil/objects/ObjectArrays
instanceKlass  @bci org/jetbrains/kotlin/it/unimi/dsi/fastutil/objects/ObjectArrayList <clinit> ()V 26 <appendix> argL0 ; # org/jetbrains/kotlin/it/unimi/dsi/fastutil/objects/ObjectArrayList$$Lambda+0x00000001005428a0
instanceKlass  @bci org/jetbrains/kotlin/it/unimi/dsi/fastutil/objects/ObjectArrayList <clinit> ()V 21 <appendix> argL0 ; # org/jetbrains/kotlin/it/unimi/dsi/fastutil/objects/ObjectArrayList$$Lambda+0x0000000100542640
instanceKlass  @bci org/jetbrains/kotlin/it/unimi/dsi/fastutil/objects/ObjectArrayList <clinit> ()V 16 <appendix> argL0 ; # org/jetbrains/kotlin/it/unimi/dsi/fastutil/objects/ObjectArrayList$$Lambda+0x00000001005423f0
instanceKlass org/jetbrains/kotlin/it/unimi/dsi/fastutil/objects/ObjectListIterator
instanceKlass org/jetbrains/kotlin/it/unimi/dsi/fastutil/objects/ObjectBidirectionalIterator
instanceKlass org/jetbrains/kotlin/it/unimi/dsi/fastutil/BidirectionalIterator
instanceKlass org/jetbrains/kotlin/it/unimi/dsi/fastutil/objects/ObjectList
instanceKlass org/jetbrains/kotlin/com/intellij/psi/text/BlockSupport
instanceKlass org/jetbrains/kotlin/com/intellij/psi/impl/source/tree/SharedImplUtil
instanceKlass org/jetbrains/kotlin/lexer/_JetLexer
instanceKlass org/jetbrains/kotlin/com/intellij/lexer/FlexLexer
instanceKlass org/jetbrains/kotlin/com/intellij/lexer/LexerPosition
instanceKlass org/jetbrains/kotlin/com/intellij/lang/WhitespacesAndCommentsBinder$TokenTextGetter
instanceKlass org/jetbrains/kotlin/com/intellij/lang/PsiBuilder$Marker
instanceKlass org/jetbrains/kotlin/com/intellij/lang/SyntaxTreeBuilder$Marker
instanceKlass org/jetbrains/kotlin/com/intellij/lang/impl/PsiBuilderImpl$ProductionMarker
instanceKlass org/jetbrains/kotlin/com/intellij/lang/impl/PsiBuilderImpl$Node
instanceKlass org/jetbrains/kotlin/com/intellij/lang/LighterASTNode
instanceKlass org/jetbrains/kotlin/com/intellij/util/diff/ShallowNodeComparator
instanceKlass org/jetbrains/kotlin/com/intellij/util/diff/DiffTreeChangeBuilder
instanceKlass org/jetbrains/kotlin/com/intellij/openapi/util/UnprotectedUserDataHolder
instanceKlass org/jetbrains/kotlin/com/intellij/psi/impl/DebugUtil
instanceKlass  @bci org/jetbrains/kotlin/com/intellij/psi/impl/source/tree/LazyParseableElement ensureParsed ()V 135 <appendix> member <vmtarget> ; # org/jetbrains/kotlin/com/intellij/psi/impl/source/tree/LazyParseableElement$$Lambda+0x000000010053b0a0
instanceKlass org/jetbrains/kotlin/com/intellij/util/ThrowableRunnable
instanceKlass org/jetbrains/kotlin/com/intellij/psi/impl/source/tree/TreeUtil
instanceKlass  @bci org/jetbrains/kotlin/com/intellij/psi/impl/source/tree/LazyParseableElement <init> (Lorg/jetbrains/kotlin/com/intellij/psi/tree/IElementType;Ljava/lang/CharSequence;)V 57 <appendix> member <vmtarget> ; # org/jetbrains/kotlin/com/intellij/psi/impl/source/tree/LazyParseableElement$$Lambda+0x000000010053a2a8
instanceKlass  @bci org/jetbrains/kotlin/com/intellij/psi/impl/source/tree/LazyParseableElement <clinit> ()V 24 <appendix> argL0 ; # org/jetbrains/kotlin/com/intellij/psi/impl/source/tree/LazyParseableElement$$Lambda+0x00000001005399e0
instanceKlass org/jetbrains/kotlin/com/intellij/lang/LighterAST
instanceKlass  @bci org/jetbrains/kotlin/com/intellij/util/AstLoadingFilter <clinit> ()V 18 <appendix> argL0 ; # org/jetbrains/kotlin/com/intellij/util/AstLoadingFilter$$Lambda+0x0000000100538520
instanceKlass org/jetbrains/kotlin/com/intellij/util/AstLoadingFilter
instanceKlass javaslang/collection/HashArrayMappedTrieModule$AbstractNode
instanceKlass javaslang/collection/HashArrayMappedTrie
instanceKlass javaslang/collection/Set
instanceKlass javaslang/collection/Seq
instanceKlass javaslang/collection/Iterator
instanceKlass javaslang/collection/HashMap
instanceKlass javaslang/collection/Map
instanceKlass javaslang/collection/Traversable
instanceKlass javaslang/collection/Foldable
instanceKlass javaslang/Value
instanceKlass javaslang/Function1
instanceKlass javaslang/\u03bb
instanceKlass org/jetbrains/kotlin/resolve/calls/smartcasts/DataFlowInfoImpl$Companion
instanceKlass org/jetbrains/kotlin/resolve/calls/smartcasts/DataFlowInfoImpl
instanceKlass org/jetbrains/kotlin/resolve/calls/smartcasts/DataFlowInfoFactory
instanceKlass org/jetbrains/kotlin/resolve/calls/smartcasts/DataFlowInfo$Companion
instanceKlass org/jetbrains/kotlin/library/metadata/impl/KlibResolvedModuleDescriptorsFactoryImpl$Companion
instanceKlass org/jetbrains/kotlin/library/metadata/impl/KlibResolvedModuleDescriptorsFactoryImpl
instanceKlass org/jetbrains/kotlin/library/metadata/KlibResolvedModuleDescriptorsFactory
instanceKlass org/jetbrains/kotlin/library/metadata/impl/KlibMetadataModuleDescriptorFactoryImpl
instanceKlass org/jetbrains/kotlin/library/metadata/KlibMetadataModuleDescriptorFactory
instanceKlass org/jetbrains/kotlin/library/metadata/impl/KlibMetadataDeserializedPackageFragmentsFactoryImpl
instanceKlass org/jetbrains/kotlin/library/metadata/KlibMetadataDeserializedPackageFragmentsFactory
instanceKlass org/jetbrains/kotlin/library/metadata/impl/KlibModuleDescriptorFactoryImpl
instanceKlass org/jetbrains/kotlin/library/metadata/KlibModuleDescriptorFactory
instanceKlass org/jetbrains/kotlin/library/metadata/NullFlexibleTypeDeserializer
instanceKlass org/jetbrains/kotlin/library/metadata/KlibMetadataFactories
instanceKlass org/jetbrains/kotlin/cli/jvm/compiler/TopDownAnalyzerFacadeForJVMKt
instanceKlass org/jetbrains/kotlin/load/kotlin/incremental/IncrementalPackagePartProvider
instanceKlass org/jetbrains/kotlin/cli/jvm/config/ClassicFrontendSpecificJvmConfigurationKeys
instanceKlass org/jetbrains/kotlin/resolve/CodeAnalyzerInitializer$Companion
# instanceKlass java/lang/invoke/LambdaForm$MH+0x0000000100531000
# instanceKlass java/lang/invoke/LambdaForm$MH+0x0000000100530c00
# instanceKlass java/lang/invoke/LambdaForm$MH+0x0000000100530800
# instanceKlass java/lang/invoke/LambdaForm$MH+0x0000000100530400
# instanceKlass java/lang/invoke/LambdaForm$MH+0x0000000100530000
# instanceKlass java/lang/invoke/LambdaForm$MH+0x000000010052fc00
# instanceKlass java/lang/invoke/LambdaForm$MH+0x000000010052f800
# instanceKlass java/lang/invoke/LambdaForm$MH+0x000000010052f400
# instanceKlass java/lang/invoke/LambdaForm$MH+0x000000010052f000
# instanceKlass java/lang/invoke/LambdaForm$MH+0x000000010052ec00
# instanceKlass java/lang/invoke/LambdaForm$MH+0x000000010052e800
# instanceKlass java/lang/invoke/LambdaForm$MH+0x000000010052e400
instanceKlass org/jetbrains/kotlin/resolve/calls/inference/ConstraintSystemBuilderImpl$Companion
instanceKlass org/jetbrains/kotlin/resolve/calls/inference/ConstraintSystemBuilderImpl
instanceKlass org/jetbrains/kotlin/resolve/calls/results/FlatSignatureForResolvedCallKt
# instanceKlass java/lang/invoke/LambdaForm$MH+0x000000010052e000
# instanceKlass java/lang/invoke/LambdaForm$MH+0x000000010052dc00
# instanceKlass java/lang/invoke/LambdaForm$MH+0x000000010052d800
# instanceKlass java/lang/invoke/LambdaForm$MH+0x000000010052d400
# instanceKlass java/lang/invoke/LambdaForm$MH+0x000000010052d000
# instanceKlass java/lang/invoke/LambdaForm$MH+0x000000010052cc00
# instanceKlass java/lang/invoke/LambdaForm$MH+0x000000010052c800
# instanceKlass java/lang/invoke/LambdaForm$MH+0x000000010052c400
# instanceKlass java/lang/invoke/LambdaForm$MH+0x000000010052c000
# instanceKlass java/lang/invoke/LambdaForm$MH+0x000000010052bc00
# instanceKlass java/lang/invoke/LambdaForm$MH+0x000000010052b800
# instanceKlass java/lang/invoke/LambdaForm$MH+0x000000010052b400
# instanceKlass java/lang/invoke/LambdaForm$MH+0x000000010052b000
# instanceKlass java/lang/invoke/LambdaForm$MH+0x000000010052ac00
# instanceKlass java/lang/invoke/LambdaForm$MH+0x000000010052a800
# instanceKlass java/lang/invoke/LambdaForm$MH+0x000000010052a400
# instanceKlass java/lang/invoke/LambdaForm$MH+0x000000010052a000
# instanceKlass java/lang/invoke/LambdaForm$MH+0x0000000100529c00
# instanceKlass java/lang/invoke/LambdaForm$MH+0x0000000100529800
# instanceKlass java/lang/invoke/LambdaForm$MH+0x0000000100529400
# instanceKlass java/lang/invoke/LambdaForm$MH+0x0000000100529000
# instanceKlass java/lang/invoke/LambdaForm$MH+0x0000000100528c00
# instanceKlass java/lang/invoke/LambdaForm$MH+0x0000000100528800
# instanceKlass java/lang/invoke/LambdaForm$MH+0x0000000100528400
# instanceKlass java/lang/invoke/LambdaForm$MH+0x0000000100528000
# instanceKlass java/lang/invoke/LambdaForm$MH+0x0000000100527c00
# instanceKlass java/lang/invoke/LambdaForm$MH+0x0000000100527800
# instanceKlass java/lang/invoke/LambdaForm$MH+0x0000000100527400
# instanceKlass java/lang/invoke/LambdaForm$MH+0x0000000100527000
# instanceKlass java/lang/invoke/LambdaForm$MH+0x0000000100526c00
# instanceKlass java/lang/invoke/LambdaForm$MH+0x0000000100526800
# instanceKlass java/lang/invoke/LambdaForm$MH+0x0000000100526400
# instanceKlass java/lang/invoke/LambdaForm$MH+0x0000000100526000
# instanceKlass java/lang/invoke/LambdaForm$MH+0x0000000100525c00
# instanceKlass java/lang/invoke/LambdaForm$MH+0x0000000100525800
instanceKlass org/jetbrains/kotlin/resolve/calls/CallExpressionResolver$Companion
# instanceKlass java/lang/invoke/LambdaForm$MH+0x0000000100525400
# instanceKlass java/lang/invoke/LambdaForm$MH+0x0000000100525000
# instanceKlass java/lang/invoke/LambdaForm$MH+0x0000000100524c00
# instanceKlass java/lang/invoke/LambdaForm$MH+0x0000000100524800
# instanceKlass java/lang/invoke/LambdaForm$MH+0x0000000100524400
# instanceKlass java/lang/invoke/LambdaForm$MH+0x0000000100524000
# instanceKlass java/lang/invoke/LambdaForm$MH+0x0000000100523c00
# instanceKlass java/lang/invoke/LambdaForm$MH+0x0000000100523800
# instanceKlass java/lang/invoke/LambdaForm$MH+0x0000000100523400
# instanceKlass java/lang/invoke/LambdaForm$MH+0x0000000100523000
# instanceKlass java/lang/invoke/LambdaForm$MH+0x0000000100522c00
# instanceKlass java/lang/invoke/LambdaForm$MH+0x0000000100522800
# instanceKlass java/lang/invoke/LambdaForm$MH+0x0000000100522400
# instanceKlass java/lang/invoke/LambdaForm$MH+0x0000000100522000
# instanceKlass java/lang/invoke/LambdaForm$MH+0x0000000100521c00
# instanceKlass java/lang/invoke/LambdaForm$MH+0x0000000100521800
# instanceKlass java/lang/invoke/LambdaForm$MH+0x0000000100521400
# instanceKlass java/lang/invoke/LambdaForm$MH+0x0000000100521000
# instanceKlass java/lang/invoke/LambdaForm$MH+0x0000000100520c00
# instanceKlass java/lang/invoke/LambdaForm$MH+0x0000000100520800
# instanceKlass java/lang/invoke/LambdaForm$MH+0x0000000100520400
# instanceKlass java/lang/invoke/LambdaForm$MH+0x0000000100520000
# instanceKlass java/lang/invoke/LambdaForm$MH+0x000000010051dc00
# instanceKlass java/lang/invoke/LambdaForm$MH+0x000000010051d800
# instanceKlass java/lang/invoke/LambdaForm$MH+0x000000010051d400
# instanceKlass java/lang/invoke/LambdaForm$MH+0x000000010051d000
# instanceKlass java/lang/invoke/LambdaForm$MH+0x000000010051cc00
# instanceKlass java/lang/invoke/LambdaForm$MH+0x000000010051c800
# instanceKlass java/lang/invoke/LambdaForm$MH+0x000000010051c400
# instanceKlass java/lang/invoke/LambdaForm$MH+0x000000010051c000
# instanceKlass java/lang/invoke/LambdaForm$MH+0x000000010051bc00
# instanceKlass java/lang/invoke/LambdaForm$MH+0x000000010051b800
# instanceKlass java/lang/invoke/LambdaForm$MH+0x000000010051b400
# instanceKlass java/lang/invoke/LambdaForm$MH+0x000000010051b000
# instanceKlass java/lang/invoke/LambdaForm$MH+0x000000010051ac00
# instanceKlass java/lang/invoke/LambdaForm$MH+0x000000010051a800
# instanceKlass java/lang/invoke/LambdaForm$MH+0x000000010051a400
# instanceKlass java/lang/invoke/LambdaForm$MH+0x000000010051a000
# instanceKlass java/lang/invoke/LambdaForm$MH+0x0000000100519c00
# instanceKlass java/lang/invoke/LambdaForm$MH+0x0000000100519800
# instanceKlass java/lang/invoke/LambdaForm$MH+0x0000000100519400
# instanceKlass java/lang/invoke/LambdaForm$MH+0x0000000100519000
# instanceKlass java/lang/invoke/LambdaForm$MH+0x0000000100518c00
# instanceKlass java/lang/invoke/LambdaForm$MH+0x0000000100518800
# instanceKlass java/lang/invoke/LambdaForm$MH+0x0000000100518400
# instanceKlass java/lang/invoke/LambdaForm$MH+0x0000000100518000
instanceKlass org/jetbrains/kotlin/builtins/jvm/JvmBuiltInsPackageFragmentProvider$Companion
instanceKlass org/jetbrains/kotlin/resolve/jvm/TopPackageNamesProvider
instanceKlass org/jetbrains/kotlin/serialization/deserialization/JvmEnumEntriesDeserializationSupport
instanceKlass org/jetbrains/kotlin/metadata/jvm/JvmProtoBuf$JvmFieldSignatureOrBuilder
instanceKlass org/jetbrains/kotlin/metadata/jvm/JvmProtoBuf$JvmPropertySignatureOrBuilder
instanceKlass org/jetbrains/kotlin/metadata/jvm/JvmProtoBuf$JvmMethodSignatureOrBuilder
instanceKlass org/jetbrains/kotlin/metadata/jvm/JvmProtoBuf
instanceKlass org/jetbrains/kotlin/metadata/jvm/deserialization/JvmProtoBufUtil
instanceKlass org/jetbrains/kotlin/load/kotlin/JavaFlexibleTypeDeserializer
# instanceKlass java/lang/invoke/LambdaForm$MH+0x0000000100514c00
# instanceKlass java/lang/invoke/LambdaForm$MH+0x0000000100514800
# instanceKlass java/lang/invoke/LambdaForm$MH+0x0000000100514400
# instanceKlass java/lang/invoke/LambdaForm$MH+0x0000000100514000
# instanceKlass java/lang/invoke/LambdaForm$MH+0x0000000100513c00
# instanceKlass java/lang/invoke/LambdaForm$MH+0x0000000100513800
# instanceKlass java/lang/invoke/LambdaForm$MH+0x0000000100513400
# instanceKlass java/lang/invoke/LambdaForm$MH+0x0000000100513000
# instanceKlass java/lang/invoke/LambdaForm$MH+0x0000000100512c00
# instanceKlass java/lang/invoke/LambdaForm$MH+0x0000000100512800
# instanceKlass java/lang/invoke/LambdaForm$MH+0x0000000100512400
# instanceKlass java/lang/invoke/LambdaForm$MH+0x0000000100512000
# instanceKlass java/lang/invoke/LambdaForm$MH+0x0000000100511c00
# instanceKlass java/lang/invoke/LambdaForm$BMH+0x0000000100511800
# instanceKlass java/lang/invoke/LambdaForm$DMH+0x0000000100511400
# instanceKlass java/lang/invoke/LambdaForm$DMH+0x0000000100511000
instanceKlass org/jetbrains/kotlin/load/kotlin/DeserializationComponentsForJava$Companion
# instanceKlass java/lang/invoke/LambdaForm$MH+0x0000000100510c00
# instanceKlass java/lang/invoke/LambdaForm$MH+0x0000000100510800
# instanceKlass java/lang/invoke/LambdaForm$MH+0x0000000100510400
# instanceKlass java/lang/invoke/LambdaForm$MH+0x0000000100510000
instanceKlass org/jetbrains/kotlin/load/kotlin/AbstractBinaryClassAnnotationLoader$Companion
instanceKlass org/jetbrains/kotlin/types/TypeParameterErasureOptions
instanceKlass org/jetbrains/kotlin/types/TypeParameterUpperBoundEraser$Companion
instanceKlass org/jetbrains/kotlin/types/TypeParameterUpperBoundEraser
instanceKlass org/jetbrains/kotlin/types/ErasureProjectionComputer
instanceKlass org/jetbrains/kotlin/load/java/lazy/types/JavaTypeResolver
instanceKlass kotlin/InitializedLazyImpl
instanceKlass org/jetbrains/kotlin/load/java/lazy/TypeParameterResolver$EMPTY
instanceKlass org/jetbrains/kotlin/load/java/lazy/TypeParameterResolver
# instanceKlass java/lang/invoke/LambdaForm$MH+0x000000010050ec00
# instanceKlass java/lang/invoke/LambdaForm$MH+0x000000010050e800
# instanceKlass java/lang/invoke/LambdaForm$DMH+0x000000010050e400
# instanceKlass java/lang/invoke/LambdaForm$MH+0x000000010050e000
# instanceKlass java/lang/invoke/LambdaForm$DMH+0x000000010050dc00
# instanceKlass java/lang/invoke/LambdaForm$MH+0x000000010050d800
# instanceKlass java/lang/invoke/LambdaForm$MH+0x000000010050d400
# instanceKlass java/lang/invoke/LambdaForm$MH+0x000000010050d000
# instanceKlass java/lang/invoke/LambdaForm$MH+0x000000010050cc00
# instanceKlass java/lang/invoke/LambdaForm$MH+0x000000010050c800
# instanceKlass java/lang/invoke/LambdaForm$MH+0x000000010050c400
# instanceKlass java/lang/invoke/LambdaForm$MH+0x000000010050c000
# instanceKlass java/lang/invoke/LambdaForm$MH+0x000000010050bc00
# instanceKlass java/lang/invoke/LambdaForm$MH+0x000000010050b800
# instanceKlass java/lang/invoke/LambdaForm$MH+0x000000010050b400
# instanceKlass java/lang/invoke/LambdaForm$MH+0x000000010050b000
# instanceKlass java/lang/invoke/LambdaForm$MH+0x000000010050ac00
# instanceKlass java/lang/invoke/LambdaForm$MH+0x000000010050a800
# instanceKlass java/lang/invoke/LambdaForm$MH+0x000000010050a400
# instanceKlass java/lang/invoke/LambdaForm$MH+0x000000010050a000
# instanceKlass java/lang/invoke/LambdaForm$MH+0x0000000100509c00
# instanceKlass java/lang/invoke/LambdaForm$MH+0x0000000100509800
# instanceKlass java/lang/invoke/LambdaForm$MH+0x0000000100509400
# instanceKlass java/lang/invoke/LambdaForm$MH+0x0000000100509000
# instanceKlass java/lang/invoke/LambdaForm$MH+0x0000000100508c00
# instanceKlass java/lang/invoke/LambdaForm$MH+0x0000000100508800
# instanceKlass java/lang/invoke/LambdaForm$MH+0x0000000100508400
# instanceKlass java/lang/invoke/LambdaForm$BMH+0x0000000100508000
# instanceKlass java/lang/invoke/LambdaForm$DMH+0x0000000100505c00
# instanceKlass java/lang/invoke/LambdaForm$DMH+0x0000000100505800
instanceKlass org/jetbrains/kotlin/load/java/components/TraceBasedErrorReporter$Companion
instanceKlass org/jetbrains/kotlin/load/kotlin/header/KotlinClassHeader$Kind$Companion
instanceKlass org/jetbrains/kotlin/load/kotlin/DeserializedDescriptorResolver$Companion
# instanceKlass java/lang/invoke/LambdaForm$MH+0x0000000100505400
# instanceKlass java/lang/invoke/LambdaForm$MH+0x0000000100505000
# instanceKlass java/lang/invoke/LambdaForm$MH+0x0000000100504c00
# instanceKlass java/lang/invoke/LambdaForm$MH+0x0000000100504800
# instanceKlass java/lang/invoke/LambdaForm$MH+0x0000000100504400
# instanceKlass java/lang/invoke/LambdaForm$MH+0x0000000100504000
# instanceKlass java/lang/invoke/LambdaForm$MH+0x0000000100503c00
# instanceKlass java/lang/invoke/LambdaForm$MH+0x0000000100503800
# instanceKlass java/lang/invoke/LambdaForm$MH+0x0000000100503400
# instanceKlass java/lang/invoke/LambdaForm$MH+0x0000000100503000
# instanceKlass java/lang/invoke/LambdaForm$MH+0x0000000100502c00
# instanceKlass java/lang/invoke/LambdaForm$MH+0x0000000100502800
# instanceKlass java/lang/invoke/LambdaForm$MH+0x0000000100502400
# instanceKlass java/lang/invoke/LambdaForm$MH+0x0000000100502000
# instanceKlass java/lang/invoke/LambdaForm$MH+0x0000000100501c00
# instanceKlass java/lang/invoke/LambdaForm$MH+0x0000000100501800
# instanceKlass java/lang/invoke/LambdaForm$MH+0x0000000100501400
# instanceKlass java/lang/invoke/LambdaForm$MH+0x0000000100501000
# instanceKlass java/lang/invoke/LambdaForm$BMH+0x0000000100500c00
# instanceKlass java/lang/invoke/LambdaForm$DMH+0x0000000100500800
# instanceKlass java/lang/invoke/LambdaForm$DMH+0x0000000100500400
# instanceKlass java/lang/invoke/LambdaForm$MH+0x0000000100500000
instanceKlass org/jetbrains/kotlin/util/slicedMap/Slices$2
instanceKlass org/jetbrains/kotlin/util/slicedMap/Slices$1
instanceKlass org/jetbrains/kotlin/util/slicedMap/RewritePolicy
instanceKlass org/jetbrains/kotlin/util/slicedMap/Slices
instanceKlass org/jetbrains/kotlin/load/java/components/FilesByFacadeFqNameIndexer$Companion
instanceKlass org/jetbrains/kotlin/com/intellij/util/SmartFMap
instanceKlass org/jetbrains/kotlin/resolve/ObservableBindingTrace
# instanceKlass java/lang/invoke/LambdaForm$MH+0x00000001004fe400
# instanceKlass java/lang/invoke/LambdaForm$MH+0x00000001004fe000
# instanceKlass java/lang/invoke/LambdaForm$MH+0x00000001004fdc00
# instanceKlass java/lang/invoke/LambdaForm$MH+0x00000001004fd800
# instanceKlass java/lang/invoke/LambdaForm$MH+0x00000001004fd400
# instanceKlass java/lang/invoke/LambdaForm$MH+0x00000001004fd000
# instanceKlass java/lang/invoke/LambdaForm$MH+0x00000001004fcc00
# instanceKlass java/lang/invoke/LambdaForm$MH+0x00000001004fc800
# instanceKlass java/lang/invoke/LambdaForm$MH+0x00000001004fc400
# instanceKlass java/lang/invoke/LambdaForm$MH+0x00000001004fc000
# instanceKlass java/lang/invoke/LambdaForm$MH+0x00000001004fbc00
# instanceKlass java/lang/invoke/LambdaForm$MH+0x00000001004fb800
# instanceKlass java/lang/invoke/LambdaForm$MH+0x00000001004fb400
# instanceKlass java/lang/invoke/LambdaForm$MH+0x00000001004fb000
# instanceKlass java/lang/invoke/LambdaForm$MH+0x00000001004fac00
# instanceKlass java/lang/invoke/LambdaForm$MH+0x00000001004fa800
# instanceKlass java/lang/invoke/LambdaForm$BMH+0x00000001004fa400
# instanceKlass java/lang/invoke/LambdaForm$DMH+0x00000001004fa000
# instanceKlass java/lang/invoke/LambdaForm$DMH+0x00000001004f9c00
instanceKlass org/jetbrains/kotlin/resolve/ShadowedExtensionChecker
instanceKlass org/jetbrains/kotlin/descriptors/EffectiveVisibility
instanceKlass org/jetbrains/kotlin/resolve/ExposedVisibilityChecker
# instanceKlass java/lang/invoke/LambdaForm$MH+0x00000001004f9800
# instanceKlass java/lang/invoke/LambdaForm$MH+0x00000001004f9400
# instanceKlass java/lang/invoke/LambdaForm$MH+0x00000001004f9000
# instanceKlass java/lang/invoke/LambdaForm$MH+0x00000001004f8c00
# instanceKlass java/lang/invoke/LambdaForm$MH+0x00000001004f8800
# instanceKlass java/lang/invoke/LambdaForm$MH+0x00000001004f8400
instanceKlass org/jetbrains/kotlin/resolve/DeclarationsChecker$Companion
# instanceKlass java/lang/invoke/LambdaForm$MH+0x00000001004f8000
# instanceKlass java/lang/invoke/LambdaForm$MH+0x00000001004f7c00
# instanceKlass java/lang/invoke/LambdaForm$MH+0x00000001004f7800
# instanceKlass java/lang/invoke/LambdaForm$MH+0x00000001004f7400
# instanceKlass java/lang/invoke/LambdaForm$MH+0x00000001004f7000
# instanceKlass java/lang/invoke/LambdaForm$MH+0x00000001004f6c00
# instanceKlass java/lang/invoke/LambdaForm$MH+0x00000001004f6800
instanceKlass org/jetbrains/kotlin/resolve/VarianceCheckerCore$Companion
instanceKlass org/jetbrains/kotlin/resolve/VarianceCheckerCore
instanceKlass org/jetbrains/kotlin/idea/MainFunctionDetector$Companion
# instanceKlass java/lang/invoke/LambdaForm$MH+0x00000001004f6400
# instanceKlass java/lang/invoke/LambdaForm$MH+0x00000001004f6000
# instanceKlass java/lang/invoke/LambdaForm$MH+0x00000001004f5c00
# instanceKlass java/lang/invoke/LambdaForm$MH+0x00000001004f5800
# instanceKlass java/lang/invoke/LambdaForm$MH+0x00000001004f5400
# instanceKlass java/lang/invoke/LambdaForm$MH+0x00000001004f5000
# instanceKlass java/lang/invoke/LambdaForm$MH+0x00000001004f4c00
# instanceKlass java/lang/invoke/LambdaForm$MH+0x00000001004f4800
# instanceKlass java/lang/invoke/LambdaForm$MH+0x00000001004f4400
# instanceKlass java/lang/invoke/LambdaForm$MH+0x00000001004f4000
# instanceKlass java/lang/invoke/LambdaForm$MH+0x00000001004f3c00
# instanceKlass java/lang/invoke/LambdaForm$MH+0x00000001004f3800
instanceKlass org/jetbrains/kotlin/resolve/OverrideResolver$Companion
instanceKlass org/jetbrains/kotlin/load/java/AbstractAnnotationTypeQualifierResolver$Companion
# instanceKlass java/lang/invoke/LambdaForm$MH+0x00000001004f3400
# instanceKlass java/lang/invoke/LambdaForm$MH+0x00000001004f3000
# instanceKlass java/lang/invoke/LambdaForm$MH+0x00000001004f2c00
# instanceKlass java/lang/invoke/LambdaForm$MH+0x00000001004f2800
# instanceKlass java/lang/invoke/LambdaForm$MH+0x00000001004f2400
# instanceKlass java/lang/invoke/LambdaForm$MH+0x00000001004f2000
# instanceKlass java/lang/invoke/LambdaForm$MH+0x00000001004f1c00
# instanceKlass java/lang/invoke/LambdaForm$MH+0x00000001004f1800
# instanceKlass java/lang/invoke/LambdaForm$MH+0x00000001004f1400
# instanceKlass java/lang/invoke/LambdaForm$MH+0x00000001004f1000
# instanceKlass java/lang/invoke/LambdaForm$MH+0x00000001004f0c00
# instanceKlass java/lang/invoke/LambdaForm$MH+0x00000001004f0800
# instanceKlass java/lang/invoke/LambdaForm$MH+0x00000001004f0400
# instanceKlass java/lang/invoke/LambdaForm$MH+0x00000001004f0000
# instanceKlass java/lang/invoke/LambdaForm$MH+0x00000001004efc00
# instanceKlass java/lang/invoke/LambdaForm$MH+0x00000001004ef800
# instanceKlass java/lang/invoke/LambdaForm$MH+0x00000001004ef400
# instanceKlass java/lang/invoke/LambdaForm$MH+0x00000001004ef000
# instanceKlass java/lang/invoke/LambdaForm$MH+0x00000001004eec00
# instanceKlass java/lang/invoke/LambdaForm$MH+0x00000001004ee800
# instanceKlass java/lang/invoke/LambdaForm$MH+0x00000001004ee400
# instanceKlass java/lang/invoke/LambdaForm$MH+0x00000001004ee000
# instanceKlass java/lang/invoke/LambdaForm$MH+0x00000001004edc00
# instanceKlass java/lang/invoke/LambdaForm$MH+0x00000001004ed800
# instanceKlass java/lang/invoke/LambdaForm$MH+0x00000001004ed400
# instanceKlass java/lang/invoke/LambdaForm$MH+0x00000001004ed000
# instanceKlass java/lang/invoke/LambdaForm$MH+0x00000001004ecc00
# instanceKlass java/lang/invoke/LambdaForm$MH+0x00000001004ec800
# instanceKlass java/lang/invoke/LambdaForm$MH+0x00000001004ec400
# instanceKlass java/lang/invoke/LambdaForm$MH+0x00000001004ec000
# instanceKlass java/lang/invoke/LambdaForm$BMH+0x00000001004ebc00
# instanceKlass java/lang/invoke/LambdaForm$DMH+0x00000001004eb800
# instanceKlass java/lang/invoke/LambdaForm$DMH+0x00000001004eb400
# instanceKlass java/lang/invoke/LambdaForm$MH+0x00000001004eb000
# instanceKlass java/lang/invoke/LambdaForm$MH+0x00000001004eac00
# instanceKlass java/lang/invoke/LambdaForm$MH+0x00000001004ea800
# instanceKlass java/lang/invoke/LambdaForm$MH+0x00000001004ea400
# instanceKlass java/lang/invoke/LambdaForm$MH+0x00000001004ea000
# instanceKlass java/lang/invoke/LambdaForm$MH+0x00000001004e9c00
# instanceKlass java/lang/invoke/LambdaForm$MH+0x00000001004e9800
# instanceKlass java/lang/invoke/LambdaForm$MH+0x00000001004e9400
# instanceKlass java/lang/invoke/LambdaForm$MH+0x00000001004e9000
# instanceKlass java/lang/invoke/LambdaForm$MH+0x00000001004e8c00
# instanceKlass java/lang/invoke/LambdaForm$MH+0x00000001004e8800
# instanceKlass java/lang/invoke/LambdaForm$MH+0x00000001004e8400
# instanceKlass java/lang/invoke/LambdaForm$MH+0x00000001004e8000
# instanceKlass java/lang/invoke/LambdaForm$MH+0x00000001004e7c00
# instanceKlass java/lang/invoke/LambdaForm$MH+0x00000001004e7800
# instanceKlass java/lang/invoke/LambdaForm$MH+0x00000001004e7400
# instanceKlass java/lang/invoke/LambdaForm$MH+0x00000001004e7000
# instanceKlass java/lang/invoke/LambdaForm$MH+0x00000001004e6c00
# instanceKlass java/lang/invoke/LambdaForm$MH+0x00000001004e6800
# instanceKlass java/lang/invoke/LambdaForm$MH+0x00000001004e6400
# instanceKlass java/lang/invoke/LambdaForm$MH+0x00000001004e6000
# instanceKlass java/lang/invoke/LambdaForm$MH+0x00000001004e5c00
# instanceKlass java/lang/invoke/LambdaForm$MH+0x00000001004e5800
# instanceKlass java/lang/invoke/LambdaForm$MH+0x00000001004e5400
# instanceKlass java/lang/invoke/LambdaForm$MH+0x00000001004e5000
# instanceKlass java/lang/invoke/LambdaForm$MH+0x00000001004e4c00
# instanceKlass java/lang/invoke/LambdaForm$MH+0x00000001004e4800
instanceKlass org/jetbrains/kotlin/resolve/VariableTypeAndInitializerResolver$Companion
# instanceKlass java/lang/invoke/LambdaForm$MH+0x00000001004e4400
# instanceKlass java/lang/invoke/LambdaForm$MH+0x00000001004e4000
# instanceKlass java/lang/invoke/LambdaForm$MH+0x00000001004dfc00
# instanceKlass java/lang/invoke/LambdaForm$MH+0x00000001004df800
# instanceKlass java/lang/invoke/LambdaForm$MH+0x00000001004df400
# instanceKlass java/lang/invoke/LambdaForm$MH+0x00000001004df000
# instanceKlass java/lang/invoke/LambdaForm$MH+0x00000001004dec00
# instanceKlass java/lang/invoke/LambdaForm$MH+0x00000001004de800
# instanceKlass java/lang/invoke/LambdaForm$MH+0x00000001004de400
instanceKlass org/jetbrains/kotlin/resolve/checkers/ResolutionWithStubTypesChecker
instanceKlass org/jetbrains/kotlin/types/checker/SimpleClassicTypeSystemContext
instanceKlass org/jetbrains/kotlin/resolve/checkers/PassingProgressionAsCollectionCallChecker
instanceKlass org/jetbrains/kotlin/resolve/calls/checkers/CallCheckerWithAdditionalResolve
# instanceKlass java/lang/invoke/LambdaForm$MH+0x00000001004de000
# instanceKlass java/lang/invoke/LambdaForm$MH+0x00000001004ddc00
# instanceKlass java/lang/invoke/LambdaForm$DMH+0x00000001004dd800
# instanceKlass java/lang/invoke/LambdaForm$MH+0x00000001004dd400
# instanceKlass java/lang/invoke/LambdaForm$DMH+0x00000001004dd000
# instanceKlass java/lang/invoke/LambdaForm$MH+0x00000001004dcc00
# instanceKlass java/lang/invoke/LambdaForm$DMH+0x00000001004dc800
# instanceKlass java/lang/invoke/LambdaForm$MH+0x00000001004dc400
# instanceKlass java/lang/invoke/LambdaForm$DMH+0x00000001004dc000
# instanceKlass java/lang/invoke/LambdaForm$MH+0x00000001004dbc00
# instanceKlass java/lang/invoke/LambdaForm$DMH+0x00000001004db800
# instanceKlass java/lang/invoke/LambdaForm$MH+0x00000001004db400
# instanceKlass java/lang/invoke/LambdaForm$MH+0x00000001004db000
# instanceKlass java/lang/invoke/LambdaForm$MH+0x00000001004dac00
# instanceKlass java/lang/invoke/LambdaForm$MH+0x00000001004da800
# instanceKlass java/lang/invoke/LambdaForm$MH+0x00000001004da400
# instanceKlass java/lang/invoke/LambdaForm$MH+0x00000001004da000
# instanceKlass java/lang/invoke/LambdaForm$MH+0x00000001004d9c00
# instanceKlass java/lang/invoke/LambdaForm$MH+0x00000001004d9800
# instanceKlass java/lang/invoke/LambdaForm$MH+0x00000001004d9400
# instanceKlass java/lang/invoke/LambdaForm$MH+0x00000001004d9000
# instanceKlass java/lang/invoke/LambdaForm$MH+0x00000001004d8c00
# instanceKlass java/lang/invoke/LambdaForm$MH+0x00000001004d8800
# instanceKlass java/lang/invoke/LambdaForm$MH+0x00000001004d8400
# instanceKlass java/lang/invoke/LambdaForm$MH+0x00000001004d8000
# instanceKlass java/lang/invoke/LambdaForm$MH+0x00000001004d7c00
# instanceKlass java/lang/invoke/LambdaForm$MH+0x00000001004d7800
# instanceKlass java/lang/invoke/LambdaForm$MH+0x00000001004d7400
# instanceKlass java/lang/invoke/LambdaForm$BMH+0x00000001004d7000
# instanceKlass java/lang/invoke/LambdaForm$DMH+0x00000001004d6c00
# instanceKlass java/lang/invoke/LambdaForm$DMH+0x00000001004d6800
# instanceKlass java/lang/invoke/LambdaForm$MH+0x00000001004d6400
# instanceKlass java/lang/invoke/LambdaForm$MH+0x00000001004d6000
# instanceKlass java/lang/invoke/LambdaForm$MH+0x00000001004d5c00
# instanceKlass java/lang/invoke/LambdaForm$MH+0x00000001004d5800
# instanceKlass java/lang/invoke/LambdaForm$MH+0x00000001004d5400
# instanceKlass java/lang/invoke/LambdaForm$MH+0x00000001004d5000
instanceKlass  @bci org/jetbrains/kotlin/resolve/DescriptorResolver resolveAsPropertyDescriptor (Lorg/jetbrains/kotlin/descriptors/DeclarationDescriptor;Lorg/jetbrains/kotlin/resolve/scopes/LexicalScope;Lorg/jetbrains/kotlin/resolve/scopes/LexicalScope;Lorg/jetbrains/kotlin/psi/KtVariableDeclaration;Lorg/jetbrains/kotlin/resolve/BindingTrace;Lorg/jetbrains/kotlin/resolve/calls/smartcasts/DataFlowInfo;Lorg/jetbrains/kotlin/resolve/calls/components/InferenceSession;Lorg/jetbrains/kotlin/resolve/VariableAsPropertyInfo;)Lorg/jetbrains/kotlin/descriptors/PropertyDescriptor; 714 <appendix> form vmentry <vmtarget> ; # java/lang/invoke/LambdaForm$DMH+0x00000001004d4c00
instanceKlass org/jetbrains/kotlin/resolve/calls/components/NewOverloadingConflictResolver$Companion
# instanceKlass java/lang/invoke/LambdaForm$MH+0x00000001004d4800
# instanceKlass java/lang/invoke/LambdaForm$MH+0x00000001004d4400
# instanceKlass java/lang/invoke/LambdaForm$MH+0x00000001004d4000
instanceKlass org/jetbrains/kotlin/resolve/calls/inference/components/KotlinConstraintSystemCompleter$Companion
# instanceKlass java/lang/invoke/LambdaForm$MH+0x00000001004d3c00
# instanceKlass java/lang/invoke/LambdaForm$MH+0x00000001004d3800
# instanceKlass java/lang/invoke/LambdaForm$MH+0x00000001004d3400
# instanceKlass java/lang/invoke/LambdaForm$MH+0x00000001004d3000
instanceKlass org/jetbrains/kotlin/resolve/calls/inference/components/PostponedArgumentInputTypesResolver$Companion
# instanceKlass java/lang/invoke/LambdaForm$MH+0x00000001004d2c00
# instanceKlass java/lang/invoke/LambdaForm$MH+0x00000001004d2800
# instanceKlass java/lang/invoke/LambdaForm$DMH+0x00000001004d2400
# instanceKlass java/lang/invoke/LambdaForm$MH+0x00000001004d2000
# instanceKlass java/lang/invoke/LambdaForm$DMH+0x00000001004d1c00
# instanceKlass java/lang/invoke/LambdaForm$MH+0x00000001004d1800
# instanceKlass java/lang/invoke/LambdaForm$DMH+0x00000001004d1400
# instanceKlass java/lang/invoke/LambdaForm$MH+0x00000001004d1000
# instanceKlass java/lang/invoke/LambdaForm$DMH+0x00000001004d0c00
# instanceKlass java/lang/invoke/LambdaForm$MH+0x00000001004d0800
# instanceKlass java/lang/invoke/LambdaForm$MH+0x00000001004d0400
# instanceKlass java/lang/invoke/LambdaForm$MH+0x00000001004d0000
# instanceKlass java/lang/invoke/LambdaForm$MH+0x00000001004cfc00
# instanceKlass java/lang/invoke/LambdaForm$MH+0x00000001004cf800
# instanceKlass java/lang/invoke/LambdaForm$MH+0x00000001004cf400
# instanceKlass java/lang/invoke/LambdaForm$MH+0x00000001004cf000
# instanceKlass java/lang/invoke/LambdaForm$MH+0x00000001004cec00
# instanceKlass java/lang/invoke/LambdaForm$MH+0x00000001004ce800
# instanceKlass java/lang/invoke/LambdaForm$MH+0x00000001004ce400
# instanceKlass java/lang/invoke/LambdaForm$MH+0x00000001004ce000
instanceKlass java/lang/invoke/LambdaFormEditor$1
# instanceKlass java/lang/invoke/LambdaForm$MH+0x00000001004cdc00
# instanceKlass java/lang/invoke/LambdaForm$MH+0x00000001004cd800
# instanceKlass java/lang/invoke/LambdaForm$BMH+0x00000001004cd400
# instanceKlass java/lang/invoke/LambdaForm$DMH+0x00000001004cd000
# instanceKlass java/lang/invoke/LambdaForm$DMH+0x00000001004ccc00
instanceKlass org/jetbrains/kotlin/resolve/calls/tower/KotlinToResolvedCallTransformer$Companion
# instanceKlass java/lang/invoke/LambdaForm$MH+0x00000001004cc800
# instanceKlass java/lang/invoke/LambdaForm$MH+0x00000001004cc400
# instanceKlass java/lang/invoke/LambdaForm$DMH+0x00000001004cc000
# instanceKlass java/lang/invoke/LambdaForm$MH+0x00000001004cbc00
# instanceKlass java/lang/invoke/LambdaForm$DMH+0x00000001004cb800
# instanceKlass java/lang/invoke/LambdaForm$MH+0x00000001004cb400
# instanceKlass java/lang/invoke/LambdaForm$MH+0x00000001004cb000
# instanceKlass java/lang/invoke/LambdaForm$MH+0x00000001004cac00
# instanceKlass java/lang/invoke/LambdaForm$MH+0x00000001004ca800
# instanceKlass java/lang/invoke/LambdaForm$MH+0x00000001004ca400
# instanceKlass java/lang/invoke/LambdaForm$MH+0x00000001004ca000
# instanceKlass java/lang/invoke/LambdaForm$MH+0x00000001004c9c00
# instanceKlass java/lang/invoke/LambdaForm$MH+0x00000001004c9800
# instanceKlass java/lang/invoke/LambdaForm$MH+0x00000001004c9400
# instanceKlass java/lang/invoke/LambdaForm$MH+0x00000001004c9000
# instanceKlass java/lang/invoke/LambdaForm$MH+0x00000001004c8c00
# instanceKlass java/lang/invoke/LambdaForm$BMH+0x00000001004c8800
# instanceKlass java/lang/invoke/LambdaForm$DMH+0x00000001004c8400
# instanceKlass java/lang/invoke/LambdaForm$DMH+0x00000001004c8000
instanceKlass org/jetbrains/kotlin/resolve/calls/results/OverloadingConflictResolver$SpecificityComparisonWithNumerics$1
instanceKlass org/jetbrains/kotlin/resolve/calls/results/SpecificityComparisonCallbacks
instanceKlass org/jetbrains/kotlin/resolve/calls/results/OverloadingConflictResolver$resolvedCallHashingStrategy$1
# instanceKlass java/lang/invoke/LambdaForm$MH+0x00000001004c3c00
# instanceKlass java/lang/invoke/LambdaForm$MH+0x00000001004c3800
# instanceKlass java/lang/invoke/LambdaForm$MH+0x00000001004c3400
# instanceKlass java/lang/invoke/LambdaForm$MH+0x00000001004c3000
# instanceKlass java/lang/invoke/LambdaForm$MH+0x00000001004c2c00
# instanceKlass java/lang/invoke/LambdaForm$MH+0x00000001004c2800
# instanceKlass java/lang/invoke/LambdaForm$MH+0x00000001004c2400
# instanceKlass java/lang/invoke/LambdaForm$MH+0x00000001004c2000
# instanceKlass java/lang/invoke/LambdaForm$MH+0x00000001004c1c00
# instanceKlass java/lang/invoke/LambdaForm$DMH+0x00000001004c1800
instanceKlass org/jetbrains/kotlin/resolve/calls/components/CallableReferenceOverloadConflictResolver$Companion
# instanceKlass java/lang/invoke/LambdaForm$MH+0x00000001004c1400
# instanceKlass java/lang/invoke/LambdaForm$MH+0x00000001004c1000
# instanceKlass java/lang/invoke/LambdaForm$MH+0x00000001004c0c00
instanceKlass org/jetbrains/kotlin/resolve/calls/inference/components/TrivialConstraintTypeInferenceOracle$Companion
instanceKlass org/jetbrains/kotlin/types/AbstractTypeApproximator$Companion
# instanceKlass java/lang/invoke/LambdaForm$MH+0x00000001004c0800
# instanceKlass java/lang/invoke/LambdaForm$MH+0x00000001004c0400
# instanceKlass java/lang/invoke/LambdaForm$MH+0x00000001004c0000
# instanceKlass java/lang/invoke/LambdaForm$MH+0x00000001004bfc00
# instanceKlass java/lang/invoke/LambdaForm$MH+0x00000001004bf800
# instanceKlass java/lang/invoke/LambdaForm$MH+0x00000001004bf400
# instanceKlass java/lang/invoke/LambdaForm$MH+0x00000001004bf000
# instanceKlass java/lang/invoke/LambdaForm$MH+0x00000001004bec00
# instanceKlass java/lang/invoke/LambdaForm$MH+0x00000001004be800
# instanceKlass java/lang/invoke/LambdaForm$MH+0x00000001004be400
# instanceKlass java/lang/invoke/LambdaForm$MH+0x00000001004be000
# instanceKlass java/lang/invoke/LambdaForm$MH+0x00000001004bdc00
instanceKlass org/jetbrains/kotlin/types/expressions/DoubleColonExpressionResolver$Companion
# instanceKlass java/lang/invoke/LambdaForm$MH+0x00000001004bd800
# instanceKlass java/lang/invoke/LambdaForm$MH+0x00000001004bd400
# instanceKlass java/lang/invoke/LambdaForm$MH+0x00000001004bd000
# instanceKlass java/lang/invoke/LambdaForm$MH+0x00000001004bcc00
# instanceKlass java/lang/invoke/LambdaForm$MH+0x00000001004bc800
# instanceKlass java/lang/invoke/LambdaForm$MH+0x00000001004bc400
# instanceKlass java/lang/invoke/LambdaForm$MH+0x00000001004bc000
# instanceKlass java/lang/invoke/LambdaForm$MH+0x00000001004bbc00
# instanceKlass java/lang/invoke/LambdaForm$MH+0x00000001004bb800
# instanceKlass java/lang/invoke/LambdaForm$MH+0x00000001004bb400
# instanceKlass java/lang/invoke/LambdaForm$MH+0x00000001004bb000
# instanceKlass java/lang/invoke/LambdaForm$DMH+0x00000001004bac00
instanceKlass org/jetbrains/kotlin/resolve/calls/smartcasts/SmartCastManager$Companion
# instanceKlass java/lang/invoke/LambdaForm$MH+0x00000001004ba800
# instanceKlass java/lang/invoke/LambdaForm$MH+0x00000001004ba400
# instanceKlass java/lang/invoke/LambdaForm$MH+0x00000001004ba000
# instanceKlass java/lang/invoke/LambdaForm$MH+0x00000001004b9c00
# instanceKlass java/lang/invoke/LambdaForm$MH+0x00000001004b9800
# instanceKlass java/lang/invoke/LambdaForm$MH+0x00000001004b9400
# instanceKlass java/lang/invoke/LambdaForm$MH+0x00000001004b9000
# instanceKlass java/lang/invoke/LambdaForm$MH+0x00000001004b8c00
# instanceKlass java/lang/invoke/LambdaForm$MH+0x00000001004b8800
# instanceKlass java/lang/invoke/LambdaForm$MH+0x00000001004b8400
# instanceKlass java/lang/invoke/LambdaForm$MH+0x00000001004b8000
# instanceKlass java/lang/invoke/LambdaForm$MH+0x00000001004b5c00
# instanceKlass java/lang/invoke/LambdaForm$MH+0x00000001004b5800
instanceKlass org/jetbrains/kotlin/resolve/StatementFilter$Companion
instanceKlass org/jetbrains/kotlin/resolve/AnnotationChecker$Companion
# instanceKlass java/lang/invoke/LambdaForm$MH+0x00000001004b5400
# instanceKlass java/lang/invoke/LambdaForm$MH+0x00000001004b5000
# instanceKlass java/lang/invoke/LambdaForm$DMH+0x00000001004b4c00
# instanceKlass java/lang/invoke/LambdaForm$MH+0x00000001004b4800
# instanceKlass java/lang/invoke/LambdaForm$DMH+0x00000001004b4400
# instanceKlass java/lang/invoke/LambdaForm$MH+0x00000001004b4000
# instanceKlass java/lang/invoke/LambdaForm$MH+0x00000001004b3c00
# instanceKlass java/lang/invoke/LambdaForm$MH+0x00000001004b3800
# instanceKlass java/lang/invoke/LambdaForm$MH+0x00000001004b3400
# instanceKlass java/lang/invoke/LambdaForm$MH+0x00000001004b3000
# instanceKlass java/lang/invoke/LambdaForm$MH+0x00000001004b2c00
# instanceKlass java/lang/invoke/LambdaForm$MH+0x00000001004b2800
# instanceKlass java/lang/invoke/LambdaForm$MH+0x00000001004b2400
# instanceKlass java/lang/invoke/LambdaForm$MH+0x00000001004b2000
# instanceKlass java/lang/invoke/LambdaForm$DMH+0x00000001004b1c00
# instanceKlass java/lang/invoke/LambdaForm$DMH+0x00000001004b1800
instanceKlass org/jetbrains/kotlin/resolve/TypeResolver$Companion
# instanceKlass java/lang/invoke/LambdaForm$MH+0x00000001004b1400
# instanceKlass java/lang/invoke/LambdaForm$MH+0x00000001004b1000
# instanceKlass java/lang/invoke/LambdaForm$MH+0x00000001004b0c00
# instanceKlass java/lang/invoke/LambdaForm$MH+0x00000001004b0800
instanceKlass org/jetbrains/kotlin/resolve/constants/evaluate/ConstantExpressionEvaluator$Companion$ExperimentalityDiagnostic1
instanceKlass org/jetbrains/kotlin/resolve/constants/evaluate/ConstantExpressionEvaluator$Companion
# instanceKlass java/lang/invoke/LambdaForm$MH+0x00000001004b0400
# instanceKlass java/lang/invoke/LambdaForm$MH+0x00000001004b0000
instanceKlass org/jetbrains/kotlin/util/CounterWithExclude$Companion
instanceKlass org/jetbrains/kotlin/util/ReenterableCounter$Companion
instanceKlass org/jetbrains/kotlin/resolve/lazy/FileScopeFactory$DefaultImportImpl
instanceKlass org/jetbrains/kotlin/util/collectionUtils/ScopeUtilsKt
instanceKlass org/jetbrains/kotlin/builtins/jvm/CloneableClassScope$Companion
instanceKlass org/jetbrains/kotlin/descriptors/TypeParameterUtilsKt
instanceKlass org/jetbrains/kotlin/incremental/UtilsKt
instanceKlass org/jetbrains/kotlin/serialization/deserialization/descriptors/DeserializedClassDescriptor$EnumEntryClassDescriptors
instanceKlass org/jetbrains/kotlin/builtins/functions/FunctionTypeKindExtractor$Companion
instanceKlass org/jetbrains/kotlin/builtins/functions/FunctionTypeKindExtractor
instanceKlass org/jetbrains/kotlin/serialization/deserialization/descriptors/DeserializedAnnotations
instanceKlass org/jetbrains/kotlin/descriptors/impl/AbstractTypeParameterDescriptor$2
instanceKlass org/jetbrains/kotlin/descriptors/impl/AbstractTypeParameterDescriptor$1
instanceKlass org/jetbrains/kotlin/descriptors/SupertypeLoopChecker$EMPTY
instanceKlass org/jetbrains/kotlin/descriptors/ScopesHolderForClass$Companion
instanceKlass org/jetbrains/kotlin/descriptors/ScopesHolderForClass
instanceKlass org/jetbrains/kotlin/serialization/deserialization/ProtoEnumFlagsUtilsKt$WhenMappings
instanceKlass org/jetbrains/kotlin/serialization/deserialization/ProtoEnumFlagsUtilsKt
instanceKlass org/jetbrains/kotlin/serialization/deserialization/ProtoEnumFlags$WhenMappings
instanceKlass org/jetbrains/kotlin/metadata/ProtoBuf$MemberKind$1
instanceKlass org/jetbrains/kotlin/metadata/ProtoBuf$Class$Kind$1
instanceKlass org/jetbrains/kotlin/metadata/ProtoBuf$Modality$1
instanceKlass org/jetbrains/kotlin/metadata/ProtoBuf$Visibility$1
instanceKlass org/jetbrains/kotlin/metadata/deserialization/Flags$FlagField
instanceKlass org/jetbrains/kotlin/metadata/deserialization/Flags
instanceKlass org/jetbrains/kotlin/serialization/deserialization/ProtoEnumFlags
instanceKlass org/jetbrains/kotlin/descriptors/DeserializedDescriptor
instanceKlass org/jetbrains/kotlin/serialization/deserialization/ClassDeserializer$ClassKey
instanceKlass org/jetbrains/kotlin/resolve/scopes/ChainedMemberScope$Companion
instanceKlass org/jetbrains/kotlin/resolve/scopes/ChainedMemberScope
instanceKlass org/jetbrains/kotlin/descriptors/PackageFragmentProviderKt
instanceKlass org/jetbrains/kotlin/descriptors/impl/CompositePackageFragmentProvider
instanceKlass org/jetbrains/kotlin/resolve/scopes/MemberScope$Companion
instanceKlass org/jetbrains/kotlin/resolve/scopes/DescriptorKindFilter$Companion$MaskToName
instanceKlass org/jetbrains/kotlin/resolve/scopes/DescriptorKindFilter$Companion
instanceKlass org/jetbrains/kotlin/resolve/scopes/DescriptorKindFilter
instanceKlass org/jetbrains/kotlin/resolve/scopes/AbstractScopeAdapter
instanceKlass org/jetbrains/kotlin/resolve/PlatformDependentAnalyzerServices$DefaultImportsKey
# instanceKlass java/lang/invoke/LambdaForm$MH+0x000000010049dc00
# instanceKlass java/lang/invoke/LambdaForm$MH+0x000000010049d800
# instanceKlass java/lang/invoke/LambdaForm$MH+0x000000010049d400
# instanceKlass java/lang/invoke/LambdaForm$MH+0x000000010049d000
# instanceKlass java/lang/invoke/LambdaForm$MH+0x000000010049cc00
# instanceKlass java/lang/invoke/LambdaForm$MH+0x000000010049c800
# instanceKlass java/lang/invoke/LambdaForm$MH+0x000000010049c400
# instanceKlass java/lang/invoke/LambdaForm$MH+0x000000010049c000
# instanceKlass java/lang/invoke/LambdaForm$MH+0x000000010049bc00
# instanceKlass java/lang/invoke/LambdaForm$MH+0x000000010049b800
# instanceKlass java/lang/invoke/LambdaForm$MH+0x000000010049b400
# instanceKlass java/lang/invoke/LambdaForm$MH+0x000000010049b000
# instanceKlass java/lang/invoke/LambdaForm$MH+0x000000010049ac00
# instanceKlass java/lang/invoke/LambdaForm$DMH+0x000000010049a800
instanceKlass org/jetbrains/kotlin/resolve/QualifiedExpressionResolver$Companion
# instanceKlass java/lang/invoke/LambdaForm$MH+0x000000010049a400
# instanceKlass java/lang/invoke/LambdaForm$MH+0x000000010049a000
# instanceKlass java/lang/invoke/LambdaForm$MH+0x0000000100499c00
# instanceKlass java/lang/invoke/LambdaForm$MH+0x0000000100499800
# instanceKlass java/lang/invoke/LambdaForm$MH+0x0000000100499400
instanceKlass org/jetbrains/kotlin/container/MethodBinding
instanceKlass org/jetbrains/kotlin/resolve/extensions/SyntheticResolveExtension$Companion$getInstance$1
instanceKlass  @bci org/jetbrains/kotlin/resolve/lazy/ResolveSession <init> (Lorg/jetbrains/kotlin/com/intellij/openapi/project/Project;Lorg/jetbrains/kotlin/context/GlobalContext;Lorg/jetbrains/kotlin/descriptors/ModuleDescriptor;Lorg/jetbrains/kotlin/resolve/lazy/declarations/DeclarationProviderFactory;Lorg/jetbrains/kotlin/resolve/BindingTrace;Lorg/jetbrains/kotlin/types/checker/NewKotlinTypeChecker;)V 166 <appendix> member <vmtarget> ; # org/jetbrains/kotlin/resolve/lazy/ResolveSession$$Lambda+0x0000000100496238
instanceKlass  @bci org/jetbrains/kotlin/resolve/lazy/ResolveSession <init> (Lorg/jetbrains/kotlin/com/intellij/openapi/project/Project;Lorg/jetbrains/kotlin/context/GlobalContext;Lorg/jetbrains/kotlin/descriptors/ModuleDescriptor;Lorg/jetbrains/kotlin/resolve/lazy/declarations/DeclarationProviderFactory;Lorg/jetbrains/kotlin/resolve/BindingTrace;Lorg/jetbrains/kotlin/types/checker/NewKotlinTypeChecker;)V 147 <appendix> member <vmtarget> ; # org/jetbrains/kotlin/resolve/lazy/ResolveSession$$Lambda+0x0000000100495fe0
instanceKlass org/jetbrains/kotlin/resolve/lazy/descriptors/LazyAnnotations
instanceKlass org/jetbrains/kotlin/resolve/lazy/ResolveSession$1
instanceKlass org/jetbrains/kotlin/storage/LockBasedLazyResolveStorageManager$LockProtectedContext
instanceKlass org/jetbrains/kotlin/storage/LockBasedLazyResolveStorageManager$LockProtectedTrace
instanceKlass org/jetbrains/kotlin/storage/LockBasedLazyResolveStorageManager
# instanceKlass java/lang/invoke/LambdaForm$MH+0x0000000100499000
# instanceKlass java/lang/invoke/LambdaForm$MH+0x0000000100498c00
# instanceKlass java/lang/invoke/LambdaForm$MH+0x0000000100498800
# instanceKlass java/lang/invoke/LambdaForm$MH+0x0000000100498400
# instanceKlass java/lang/invoke/LambdaForm$MH+0x0000000100498000
# instanceKlass java/lang/invoke/LambdaForm$MH+0x0000000100493c00
# instanceKlass java/lang/invoke/LambdaForm$MH+0x0000000100493800
# instanceKlass java/lang/invoke/LambdaForm$DMH+0x0000000100493400
instanceKlass org/jetbrains/kotlin/resolve/checkers/OptInNames
instanceKlass org/jetbrains/kotlin/resolve/checkers/OptInUsageChecker$OptInFactoryBasedReporter
instanceKlass org/jetbrains/kotlin/resolve/checkers/OptInUsageChecker$OptInDiagnosticReporter
instanceKlass org/jetbrains/kotlin/resolve/checkers/OptInUsageChecker$Companion
# instanceKlass java/lang/invoke/LambdaForm$MH+0x0000000100493000
# instanceKlass java/lang/invoke/LambdaForm$MH+0x0000000100492c00
# instanceKlass java/lang/invoke/LambdaForm$MH+0x0000000100492800
# instanceKlass java/lang/invoke/LambdaForm$MH+0x0000000100492400
# instanceKlass java/lang/invoke/LambdaForm$MH+0x0000000100492000
# instanceKlass java/lang/invoke/LambdaForm$DMH+0x0000000100491c00
instanceKlass org/jetbrains/kotlin/resolve/checkers/ExpectedActualDeclarationChecker$Companion
instanceKlass org/jetbrains/kotlin/resolve/jvm/checkers/InlinePlatformCompatibilityChecker$Companion
instanceKlass org/jetbrains/kotlin/resolve/LanguageVersionSettingsProvider$Companion
instanceKlass org/jetbrains/kotlin/resolve/LanguageVersionSettingsProvider
instanceKlass org/jetbrains/kotlin/synthetic/SyntheticScopeProviderExtension
instanceKlass org/jetbrains/kotlin/resolve/scopes/SyntheticScope$Default
instanceKlass org/jetbrains/kotlin/resolve/scopes/SyntheticScope
# instanceKlass java/lang/invoke/LambdaForm$MH+0x0000000100491800
instanceKlass java/lang/invoke/MethodHandleImpl$ArrayAccessor
instanceKlass java/lang/invoke/MethodHandleImpl$LoopClauses
instanceKlass java/lang/invoke/MethodHandleImpl$CasesHolder
# instanceKlass java/lang/invoke/LambdaForm$MH+0x0000000100491400
# instanceKlass java/lang/invoke/LambdaForm$DMH+0x0000000100491000
# instanceKlass java/lang/invoke/LambdaForm$MH+0x0000000100490c00
# instanceKlass java/lang/invoke/LambdaForm$MH+0x0000000100490800
# instanceKlass java/lang/invoke/LambdaForm$MH+0x0000000100490400
# instanceKlass java/lang/invoke/LambdaForm$MH+0x0000000100490000
# instanceKlass java/lang/invoke/LambdaForm$MH+0x000000010048bc00
# instanceKlass java/lang/invoke/LambdaForm$MH+0x000000010048b800
# instanceKlass java/lang/invoke/LambdaForm$MH+0x000000010048b400
# instanceKlass java/lang/invoke/LambdaForm$MH+0x000000010048b000
# instanceKlass java/lang/invoke/LambdaForm$DMH+0x000000010048ac00
# instanceKlass java/lang/invoke/LambdaForm$MH+0x000000010048a800
# instanceKlass java/lang/invoke/LambdaForm$MH+0x000000010048a400
# instanceKlass java/lang/invoke/LambdaForm$MH+0x000000010048a000
instanceKlass org/jetbrains/kotlin/resolve/deprecation/DeprecationResolver$Companion
# instanceKlass java/lang/invoke/LambdaForm$MH+0x0000000100489c00
# instanceKlass java/lang/invoke/LambdaForm$MH+0x0000000100489800
instanceKlass org/jetbrains/kotlin/container/IterableDescriptor
instanceKlass  @bci jdk/internal/reflect/DirectConstructorHandleAccessor invokeImpl ([Ljava/lang/Object;)Ljava/lang/Object; 88 <adapter> ; # java/lang/invoke/LambdaForm$MH+0x0000000100489400
# instanceKlass java/lang/invoke/LambdaForm$MH+0x0000000100489000
# instanceKlass java/lang/invoke/LambdaForm$MH+0x0000000100488c00
# instanceKlass java/lang/invoke/LambdaForm$MH+0x0000000100488800
instanceKlass org/jetbrains/kotlin/builtins/ReflectionTypes$ClassLookup
instanceKlass org/jetbrains/kotlin/builtins/ReflectionTypes$Companion
instanceKlass org/jetbrains/kotlin/resolve/jvm/checkers/JavaNullabilityChecker$Companion
# instanceKlass java/lang/invoke/LambdaForm$MH+0x0000000100488400
# instanceKlass java/lang/invoke/LambdaForm$MH+0x0000000100488000
instanceKlass org/jetbrains/kotlin/container/ConstructorBinding
instanceKlass org/jetbrains/kotlin/container/ResolveKt
instanceKlass org/jetbrains/kotlin/container/SingletonDescriptor$WhenMappings
instanceKlass org/jetbrains/kotlin/load/kotlin/MemberSignature
instanceKlass org/jetbrains/kotlin/load/kotlin/AbstractBinaryClassAnnotationLoader$AnnotationsContainer
instanceKlass org/jetbrains/kotlin/serialization/deserialization/ProtoContainer
instanceKlass org/jetbrains/kotlin/load/java/typeEnhancement/JavaTypeEnhancement
instanceKlass org/jetbrains/kotlin/load/java/JavaTypeQualifiersByElementType
instanceKlass org/jetbrains/kotlin/load/java/typeEnhancement/NullabilityQualifierWithMigrationStatus
instanceKlass org/jetbrains/kotlin/serialization/deserialization/ClassData
instanceKlass org/jetbrains/kotlin/load/kotlin/KotlinJvmBinaryClass
instanceKlass org/jetbrains/kotlin/load/java/typeEnhancement/SignatureEnhancement
instanceKlass org/jetbrains/kotlin/load/kotlin/DeserializedDescriptorResolver
instanceKlass org/jetbrains/kotlin/load/java/lazy/JavaResolverComponents
instanceKlass org/jetbrains/kotlin/resolve/inline/ReasonableInlineRule
instanceKlass org/jetbrains/kotlin/resolve/AnalyzerExtensions
instanceKlass org/jetbrains/kotlin/resolve/ControlFlowAnalyzer
instanceKlass org/jetbrains/kotlin/com/intellij/psi/PsiErrorElement
instanceKlass org/jetbrains/kotlin/com/intellij/psi/PsiPlainTextFile
instanceKlass org/jetbrains/kotlin/com/intellij/psi/templateLanguages/OuterLanguageElement
instanceKlass org/jetbrains/kotlin/resolve/calls/context/CallPosition
instanceKlass org/jetbrains/kotlin/resolve/calls/context/TemporaryTraceAndCache
instanceKlass org/jetbrains/kotlin/builtins/PlatformSpecificCastChecker$Default
instanceKlass org/jetbrains/kotlin/resolve/checkers/PlatformDiagnosticSuppressor$Default
instanceKlass org/jetbrains/kotlin/resolve/ModifiersChecker$ModifiersCheckingProcedure
instanceKlass org/jetbrains/kotlin/resolve/DeclarationsChecker
instanceKlass org/jetbrains/kotlin/types/expressions/FakeCallResolver$RealExpression
instanceKlass org/jetbrains/kotlin/resolve/calls/results/ResolutionResultsHandler
instanceKlass org/jetbrains/kotlin/resolve/calls/tower/ImplicitsExtensionsResolutionFilter$Default
instanceKlass org/jetbrains/kotlin/resolve/calls/inference/components/TypeVariableDependencyInformationProvider
instanceKlass org/jetbrains/kotlin/resolve/calls/inference/components/VariableFixationFinder$VariableForFixation
instanceKlass org/jetbrains/kotlin/resolve/calls/inference/model/VariableWithConstraints
instanceKlass org/jetbrains/kotlin/resolve/calls/inference/components/ConstraintSystemCompletionContext
instanceKlass org/jetbrains/kotlin/resolve/calls/inference/components/VariableFixationFinder$Context
instanceKlass org/jetbrains/kotlin/resolve/calls/inference/components/ResultTypeResolver$Context
instanceKlass org/jetbrains/kotlin/resolve/calls/inference/components/PostponedArgumentInputTypesResolver
instanceKlass org/jetbrains/kotlin/resolve/calls/inference/components/VariableFixationFinder
instanceKlass org/jetbrains/kotlin/resolve/calls/components/PostponedArgumentsAnalyzer$SubstitutorAndStubsForLambdaAnalysis
instanceKlass org/jetbrains/kotlin/resolve/calls/components/ReturnArgumentsAnalysisResult
instanceKlass org/jetbrains/kotlin/resolve/calls/components/PostponedArgumentsAnalyzerContext
instanceKlass org/jetbrains/kotlin/resolve/calls/tower/CandidateFactory
instanceKlass org/jetbrains/kotlin/resolve/calls/model/KotlinDiagnosticsHolder$SimpleHolder
instanceKlass org/jetbrains/kotlin/resolve/calls/tower/TowerData
instanceKlass org/jetbrains/kotlin/resolve/calls/tower/TowerResolver$ResultCollector
instanceKlass org/jetbrains/kotlin/resolve/calls/tower/ScopeTowerProcessor
instanceKlass org/jetbrains/kotlin/resolve/calls/inference/model/ConstraintStorage
instanceKlass org/jetbrains/kotlin/resolve/calls/components/KotlinCallCompleter
instanceKlass org/jetbrains/kotlin/resolve/calls/tower/TowerResolver
instanceKlass org/jetbrains/kotlin/resolve/scopes/receivers/ReceiverValueWithSmartCastInfo
instanceKlass org/jetbrains/kotlin/resolve/calls/inference/components/NewTypeSubstitutor
instanceKlass org/jetbrains/kotlin/resolve/calls/tower/NewAbstractResolvedCall
instanceKlass org/jetbrains/kotlin/resolve/calls/components/AdditionalDiagnosticReporter
instanceKlass org/jetbrains/kotlin/resolve/calls/tower/PSIKotlinCallArgument
instanceKlass org/jetbrains/kotlin/resolve/calls/tower/KotlinResolutionCallbacksImpl
instanceKlass org/jetbrains/kotlin/resolve/calls/inference/components/ResultTypeResolver
instanceKlass org/jetbrains/kotlin/resolve/calls/inference/components/KotlinConstraintSystemCompleter
instanceKlass org/jetbrains/kotlin/resolve/calls/components/PostponedArgumentsAnalyzer
instanceKlass org/jetbrains/kotlin/resolve/calls/tower/ImplicitsExtensionsResolutionFilter
instanceKlass org/jetbrains/kotlin/resolve/calls/KotlinCallResolver
instanceKlass org/jetbrains/kotlin/resolve/calls/tower/KotlinToResolvedCallTransformer
instanceKlass org/jetbrains/kotlin/resolve/calls/model/ResolvedAtom
instanceKlass org/jetbrains/kotlin/resolve/calls/model/ResolvedCallableReferenceAtom
instanceKlass org/jetbrains/kotlin/resolve/calls/inference/ConstraintSystemBuilder
instanceKlass org/jetbrains/kotlin/resolve/calls/inference/ConstraintSystemOperation
instanceKlass org/jetbrains/kotlin/resolve/calls/results/OverloadingConflictResolver
instanceKlass org/jetbrains/kotlin/types/TypeApproximatorConfiguration
instanceKlass org/jetbrains/kotlin/resolve/calls/inference/model/Constraint
instanceKlass org/jetbrains/kotlin/resolve/calls/inference/components/ConstraintIncorporator$Context
instanceKlass org/jetbrains/kotlin/resolve/calls/inference/components/TrivialConstraintTypeInferenceOracle
instanceKlass org/jetbrains/kotlin/resolve/calls/inference/components/ConstraintInjector$Context
instanceKlass org/jetbrains/kotlin/resolve/calls/inference/components/ConstraintIncorporator
instanceKlass org/jetbrains/kotlin/resolve/calls/components/TypeArgumentsToParametersMapper$TypeArgumentsMapping
instanceKlass org/jetbrains/kotlin/resolve/calls/components/ArgumentsToParametersMapper$ArgumentMapping
instanceKlass org/jetbrains/kotlin/resolve/calls/components/CallableReferenceArgumentResolver
instanceKlass org/jetbrains/kotlin/resolve/calls/components/TypeArgumentsToParametersMapper
instanceKlass org/jetbrains/kotlin/resolve/calls/components/ArgumentsToParametersMapper
instanceKlass org/jetbrains/kotlin/resolve/calls/inference/BuilderInferenceSupport
instanceKlass org/jetbrains/kotlin/resolve/calls/CandidateResolver$ValueArgumentsCheckingResult
instanceKlass org/jetbrains/kotlin/types/expressions/ClassLiteralChecker
instanceKlass org/jetbrains/kotlin/resolve/calls/smartcasts/SmartCastResult
instanceKlass org/jetbrains/kotlin/com/intellij/openapi/util/Ref
instanceKlass org/jetbrains/kotlin/resolve/calls/smartcasts/SmartCastManager
instanceKlass org/jetbrains/kotlin/types/expressions/DoubleColonExpressionResolver$ResolutionResultsAndTraceCommitCallback
instanceKlass org/jetbrains/kotlin/types/expressions/DoubleColonLHS
instanceKlass org/jetbrains/kotlin/resolve/constants/CompileTimeConstant
instanceKlass org/jetbrains/kotlin/types/FunctionPlaceholders
instanceKlass org/jetbrains/kotlin/resolve/calls/results/OverloadResolutionResultsImpl
instanceKlass org/jetbrains/kotlin/resolve/calls/model/MutableResolvedCall
instanceKlass org/jetbrains/kotlin/resolve/calls/inference/ConstraintSystem$Builder
instanceKlass org/jetbrains/kotlin/resolve/calls/CandidateResolver
instanceKlass org/jetbrains/kotlin/resolve/scopes/receivers/ExpressionReceiver
instanceKlass org/jetbrains/kotlin/resolve/calls/GenericCandidateResolver
instanceKlass org/jetbrains/kotlin/resolve/calls/model/MutableDataFlowInfoForArguments
instanceKlass org/jetbrains/kotlin/resolve/calls/model/DataFlowInfoForArguments
instanceKlass org/jetbrains/kotlin/resolve/calls/tasks/OldResolutionCandidate
instanceKlass org/jetbrains/kotlin/resolve/calls/tower/NewResolutionOldInference
instanceKlass org/jetbrains/kotlin/resolve/calls/ArgumentTypeResolver
instanceKlass org/jetbrains/kotlin/resolve/calls/tower/PSICallResolver
instanceKlass org/jetbrains/kotlin/resolve/calls/CallCompleter
instanceKlass org/jetbrains/kotlin/resolve/DelegatingBindingTrace
instanceKlass org/jetbrains/kotlin/resolve/calls/tasks/TracingStrategy
instanceKlass org/jetbrains/kotlin/resolve/calls/tower/NewResolutionOldInference$ResolutionKind
instanceKlass org/jetbrains/kotlin/resolve/calls/smartcasts/ConditionalDataFlowInfo
instanceKlass org/jetbrains/kotlin/resolve/calls/checkers/RttiExpressionChecker
instanceKlass kotlin/reflect/jvm/internal/pcollections/ConsPStack$Itr
instanceKlass org/jetbrains/kotlin/resolve/calls/model/KotlinCallComponents
instanceKlass org/jetbrains/kotlin/types/expressions/FakeCallResolver
instanceKlass org/jetbrains/kotlin/types/expressions/DataFlowAnalyzer
instanceKlass org/jetbrains/kotlin/types/expressions/ValueParameterResolver
instanceKlass org/jetbrains/kotlin/resolve/LocalVariableResolver
instanceKlass org/jetbrains/kotlin/resolve/calls/CallExpressionResolver
instanceKlass org/jetbrains/kotlin/types/expressions/LocalClassifierAnalyzer
instanceKlass org/jetbrains/kotlin/types/expressions/DoubleColonExpressionResolver
instanceKlass org/jetbrains/kotlin/builtins/PlatformSpecificCastChecker
instanceKlass org/jetbrains/kotlin/resolve/MissingSupertypesResolver
instanceKlass org/jetbrains/kotlin/resolve/DeclarationsCheckerBuilder
instanceKlass org/jetbrains/kotlin/types/expressions/ForLoopConventionsChecker
instanceKlass org/jetbrains/kotlin/types/expressions/ControlStructureTypingUtils
instanceKlass org/jetbrains/kotlin/resolve/CollectionLiteralResolver
instanceKlass org/jetbrains/kotlin/contracts/EffectSystem
instanceKlass org/jetbrains/kotlin/resolve/calls/tower/KotlinResolutionCallbacksImpl$LambdaInfo
instanceKlass org/jetbrains/kotlin/types/expressions/KotlinTypeInfo
instanceKlass org/jetbrains/kotlin/resolve/StatementFilter
instanceKlass org/jetbrains/kotlin/resolve/AnnotationChecker
instanceKlass org/jetbrains/kotlin/types/expressions/ExpressionTypingComponents
instanceKlass org/jetbrains/kotlin/types/expressions/ExpressionTypingInternals
instanceKlass org/jetbrains/kotlin/types/expressions/ExpressionTypingFacade
instanceKlass org/jetbrains/kotlin/resolve/DelegatedPropertyResolver
instanceKlass org/jetbrains/kotlin/resolve/scopes/LexicalScopeStorage
instanceKlass org/jetbrains/kotlin/types/AbstractTypeApproximator
instanceKlass org/jetbrains/kotlin/types/expressions/DestructuringDeclarationResolver
instanceKlass org/jetbrains/kotlin/resolve/VariableTypeAndInitializerResolver
instanceKlass org/jetbrains/kotlin/resolve/scopes/LocalRedeclarationChecker
instanceKlass org/jetbrains/kotlin/types/SubtypingRepresentatives
instanceKlass org/jetbrains/kotlin/descriptors/TypeAliasDescriptor
instanceKlass org/jetbrains/kotlin/mpp/TypeAliasSymbolMarker
instanceKlass org/jetbrains/kotlin/resolve/PossiblyBareType
instanceKlass org/jetbrains/kotlin/resolve/TypeResolutionContext
instanceKlass org/jetbrains/kotlin/resolve/calls/tasks/DynamicCallableDescriptors
instanceKlass org/jetbrains/kotlin/types/expressions/ExpressionTypingServices
instanceKlass org/jetbrains/kotlin/contracts/parsing/ContractParsingServices
instanceKlass org/jetbrains/kotlin/resolve/OverloadChecker
instanceKlass org/jetbrains/kotlin/resolve/ModifiersChecker
instanceKlass org/jetbrains/kotlin/resolve/scopes/optimization/OptimizingOptions$Default
instanceKlass org/jetbrains/kotlin/resolve/QualifiedExpressionResolver$TypeQualifierResolutionResult
instanceKlass org/jetbrains/kotlin/resolve/QualifiedExpressionResolver$QualifiedExpressionResolveResult
instanceKlass org/jetbrains/kotlin/resolve/scopes/receivers/Qualifier
instanceKlass org/jetbrains/kotlin/resolve/scopes/receivers/QualifierReceiver
instanceKlass org/jetbrains/kotlin/resolve/scopes/receivers/DetailedReceiver
instanceKlass org/jetbrains/kotlin/resolve/QualifiedExpressionResolver$QualifierPart
instanceKlass org/jetbrains/kotlin/incremental/KotlinLookupLocation
instanceKlass org/jetbrains/kotlin/resolve/scopes/optimization/OptimizingOptions
instanceKlass org/jetbrains/kotlin/resolve/lazy/FileScopeFactory$DummyContainerDescriptor
instanceKlass org/jetbrains/kotlin/resolve/scopes/ImportingScope
instanceKlass org/jetbrains/kotlin/resolve/lazy/FileScopeFactory$DefaultImportResolvers
instanceKlass org/jetbrains/kotlin/resolve/lazy/ImportResolutionComponents
instanceKlass org/jetbrains/kotlin/resolve/lazy/FileScopeFactory
instanceKlass org/jetbrains/kotlin/resolve/lazy/FileScopeProviderImpl
instanceKlass org/jetbrains/kotlin/resolve/lazy/FileScopes
instanceKlass org/jetbrains/kotlin/resolve/lazy/ImportForceResolver
instanceKlass org/jetbrains/kotlin/resolve/ModuleStructureOracle$SingleModule
instanceKlass org/jetbrains/kotlin/resolve/sam/SamWithReceiverResolver
instanceKlass org/jetbrains/kotlin/resolve/deprecation/DeprecationResolver$DeprecationInfo
instanceKlass org/jetbrains/kotlin/psi/Call
instanceKlass org/jetbrains/kotlin/cfg/ControlFlowInformationProvider
instanceKlass org/jetbrains/kotlin/idea/MainFunctionDetector
instanceKlass org/jetbrains/kotlin/load/java/AbstractAnnotationTypeQualifierResolver
instanceKlass org/jetbrains/kotlin/resolve/jvm/modules/JavaModuleResolver$AccessError
instanceKlass org/jetbrains/kotlin/resolve/jvm/modules/JavaModule$Explicit
instanceKlass org/jetbrains/kotlin/resolve/jvm/modules/JavaModule
instanceKlass org/jetbrains/kotlin/load/java/descriptors/JavaClassDescriptor
instanceKlass org/jetbrains/kotlin/mpp/MppJavaImplicitActualizatorMarker
instanceKlass org/jetbrains/kotlin/builtins/jvm/JvmBuiltIns$Settings
instanceKlass org/jetbrains/kotlin/load/java/sources/JavaSourceElement
instanceKlass org/jetbrains/kotlin/descriptors/SimpleFunctionDescriptor
instanceKlass org/jetbrains/kotlin/mpp/SimpleFunctionSymbolMarker
instanceKlass org/jetbrains/kotlin/load/java/structure/JavaPackage
instanceKlass org/jetbrains/kotlin/load/java/JavaClassFinder$Request
instanceKlass org/jetbrains/kotlin/load/java/lazy/LazyJavaResolverContext
instanceKlass org/jetbrains/kotlin/load/java/components/SignaturePropagator$PropagatedSignature
instanceKlass org/jetbrains/kotlin/load/java/structure/JavaMethod
instanceKlass org/jetbrains/kotlin/load/java/structure/JavaField
instanceKlass org/jetbrains/kotlin/load/java/structure/JavaMember
instanceKlass org/jetbrains/kotlin/load/kotlin/AbstractBinaryClassAnnotationLoader
instanceKlass org/jetbrains/kotlin/load/kotlin/JavaClassDataFinder
instanceKlass org/jetbrains/kotlin/load/java/lazy/LazyJavaPackageFragmentProvider
instanceKlass org/jetbrains/kotlin/load/kotlin/KotlinClassFinder$Result
instanceKlass org/jetbrains/kotlin/resolve/lazy/data/KtClassLikeInfo
instanceKlass org/jetbrains/kotlin/com/intellij/openapi/module/Module
instanceKlass org/jetbrains/kotlin/resolve/calls/results/OverloadResolutionResults
instanceKlass org/jetbrains/kotlin/resolve/calls/model/ResolvedValueArgument
instanceKlass org/jetbrains/kotlin/resolve/scopes/LexicalScope
instanceKlass org/jetbrains/kotlin/resolve/scopes/HierarchicalScope
instanceKlass org/jetbrains/kotlin/resolve/constants/evaluate/ConstantExpressionEvaluator
instanceKlass org/jetbrains/kotlin/resolve/calls/CallResolver
instanceKlass org/jetbrains/kotlin/resolve/TopDownAnalysisContext
instanceKlass org/jetbrains/kotlin/resolve/BodiesResolveContext
instanceKlass org/jetbrains/kotlin/resolve/calls/smartcasts/DataFlowInfo
instanceKlass org/jetbrains/kotlin/resolve/FilePreprocessor
instanceKlass org/jetbrains/kotlin/resolve/QualifiedExpressionResolver
instanceKlass org/jetbrains/kotlin/resolve/BodyResolver
instanceKlass org/jetbrains/kotlin/resolve/VarianceChecker
instanceKlass org/jetbrains/kotlin/resolve/OverloadResolver
instanceKlass org/jetbrains/kotlin/resolve/OverrideResolver
instanceKlass org/jetbrains/kotlin/resolve/DeclarationResolver
instanceKlass org/jetbrains/kotlin/container/SetterInfo
instanceKlass org/jetbrains/kotlin/javax/inject/Inject
instanceKlass org/jetbrains/kotlin/resolve/lazy/FileScopeProvider
instanceKlass org/jetbrains/kotlin/resolve/calls/components/InferenceSession
instanceKlass org/jetbrains/kotlin/resolve/lazy/LazyDeclarationResolver
instanceKlass org/jetbrains/kotlin/descriptors/ClassDescriptorWithResolutionScopes
instanceKlass org/jetbrains/kotlin/resolve/DescriptorResolver
instanceKlass org/jetbrains/kotlin/resolve/TypeResolver
instanceKlass org/jetbrains/kotlin/resolve/lazy/DeclarationScopeProviderImpl
instanceKlass org/jetbrains/kotlin/resolve/FunctionDescriptorResolver
instanceKlass org/jetbrains/kotlin/resolve/lazy/LazyEntity
instanceKlass org/jetbrains/kotlin/resolve/lazy/descriptors/LazyAnnotationsContext
instanceKlass org/jetbrains/kotlin/resolve/lazy/DeclarationScopeProvider
instanceKlass org/jetbrains/kotlin/storage/LazyResolveStorageManager
instanceKlass org/jetbrains/kotlin/incremental/components/Position
instanceKlass org/jetbrains/kotlin/resolve/calls/inference/model/OnlyInputTypeConstraintPosition
instanceKlass org/jetbrains/kotlin/resolve/calls/inference/model/ConstraintPosition
instanceKlass org/jetbrains/kotlin/resolve/calls/model/PostponedAtomWithRevisableExpectedType
instanceKlass org/jetbrains/kotlin/resolve/calls/model/PostponedResolvedAtomMarker
instanceKlass org/jetbrains/kotlin/types/model/ObsoleteTypeKind
instanceKlass org/jetbrains/kotlin/resolve/checkers/EmptyIntersectionTypeInfo
instanceKlass org/jetbrains/kotlin/types/model/DynamicTypeMarker
instanceKlass org/jetbrains/kotlin/types/TypeCheckerState$SupertypesPolicy
instanceKlass org/jetbrains/kotlin/builtins/functions/FunctionTypeKind
instanceKlass org/jetbrains/kotlin/types/model/TypeVariableMarker
instanceKlass org/jetbrains/kotlin/types/model/TypeVariableTypeConstructorMarker
instanceKlass org/jetbrains/kotlin/types/model/StubTypeMarker
instanceKlass org/jetbrains/kotlin/types/model/CapturedTypeConstructorMarker
instanceKlass org/jetbrains/kotlin/types/model/CapturedTypeMarker
instanceKlass org/jetbrains/kotlin/types/model/FlexibleTypeMarker
instanceKlass org/jetbrains/kotlin/types/model/DefinitelyNotNullTypeMarker
instanceKlass org/jetbrains/kotlin/resolve/checkers/OptInUsageChecker$OptInReporterMultiplexer
instanceKlass org/jetbrains/kotlin/resolve/calls/components/KotlinResolutionCallbacks
instanceKlass org/jetbrains/kotlin/resolve/calls/model/SimpleKotlinCallArgument
instanceKlass org/jetbrains/kotlin/resolve/calls/model/ReceiverKotlinCallArgument
instanceKlass org/jetbrains/kotlin/resolve/calls/components/candidate/ResolutionCandidate
instanceKlass org/jetbrains/kotlin/resolve/calls/tower/Candidate
instanceKlass org/jetbrains/kotlin/resolve/calls/model/KotlinDiagnosticsHolder
instanceKlass org/jetbrains/kotlin/resolve/calls/model/KotlinCall
instanceKlass org/jetbrains/kotlin/resolve/calls/tower/ImplicitScopeTower
instanceKlass org/jetbrains/kotlin/resolve/calls/model/CallableReferenceKotlinCallArgument
instanceKlass org/jetbrains/kotlin/resolve/calls/model/PostponableKotlinCallArgument
instanceKlass org/jetbrains/kotlin/resolve/calls/model/KotlinCallArgument
instanceKlass org/jetbrains/kotlin/resolve/calls/model/CallableReferenceResolutionAtom
instanceKlass org/jetbrains/kotlin/resolve/calls/model/ResolutionAtom
instanceKlass org/jetbrains/kotlin/resolve/calls/results/SimpleConstraintSystem
instanceKlass org/jetbrains/kotlin/resolve/calls/inference/components/ConstraintInjector
instanceKlass org/jetbrains/kotlin/types/TypeCheckerState
instanceKlass org/jetbrains/kotlin/resolve/ModuleStructureOracle
instanceKlass org/jetbrains/kotlin/descriptors/ValueParameterDescriptor
instanceKlass org/jetbrains/kotlin/mpp/ValueParameterSymbolMarker
instanceKlass org/jetbrains/kotlin/resolve/deprecation/DeprecationResolver
instanceKlass org/jetbrains/kotlin/builtins/ReflectionTypes
instanceKlass org/jetbrains/kotlin/resolve/calls/smartcasts/DataFlowValue
instanceKlass org/jetbrains/kotlin/resolve/UpperBoundViolatedReporter
instanceKlass org/jetbrains/kotlin/types/TypeSubstitutor
instanceKlass org/jetbrains/kotlin/types/model/TypeSubstitutorMarker
instanceKlass org/jetbrains/kotlin/descriptors/TypeParameterDescriptor
instanceKlass org/jetbrains/kotlin/types/model/TypeParameterMarker
instanceKlass org/jetbrains/kotlin/mpp/TypeParameterSymbolMarker
instanceKlass java/lang/reflect/WildcardType
instanceKlass sun/reflect/generics/tree/MethodTypeSignature
instanceKlass sun/reflect/generics/tree/VoidDescriptor
instanceKlass sun/reflect/generics/tree/Wildcard
instanceKlass sun/reflect/generics/tree/BottomSignature
instanceKlass org/jetbrains/kotlin/diagnostics/DiagnosticSink$DiagnosticsCallback
instanceKlass org/jetbrains/kotlin/com/intellij/util/xmlb/annotations/Transient
instanceKlass java/lang/Deprecated
instanceKlass org/jetbrains/kotlin/com/intellij/util/messages/ListenerDescriptor
instanceKlass kotlin/ReplaceWith
instanceKlass kotlin/Deprecated
instanceKlass org/jetbrains/kotlin/cfg/ControlFlowInformationProviderImpl$Factory
instanceKlass org/jetbrains/kotlin/cfg/ControlFlowInformationProvider$Factory
instanceKlass org/jetbrains/kotlin/idea/MainFunctionDetector$Factory$Ordinary
instanceKlass org/jetbrains/kotlin/idea/MainFunctionDetector$Factory
instanceKlass org/jetbrains/kotlin/resolve/lazy/BasicAbsentDescriptorHandler
instanceKlass org/jetbrains/kotlin/resolve/lazy/CompilerLocalDescriptorResolver
instanceKlass org/jetbrains/kotlin/resolve/lazy/LocalDescriptorResolver
instanceKlass org/jetbrains/kotlin/resolve/BodyResolveCache$ThrowException
instanceKlass org/jetbrains/kotlin/resolve/BodyResolveCache
instanceKlass org/jetbrains/kotlin/resolve/jvm/JvmDiagnosticComponents
instanceKlass org/jetbrains/kotlin/platform/PlatformSpecificDiagnosticComponents
instanceKlass org/jetbrains/kotlin/load/java/components/FilesByFacadeFqNameIndexer
instanceKlass org/jetbrains/kotlin/resolve/FilePreprocessorExtension
instanceKlass org/jetbrains/kotlin/resolve/jvm/modules/JavaModuleResolver$SERVICE
instanceKlass org/jetbrains/kotlin/load/java/lazy/JavaResolverSettings$Companion$create$1
instanceKlass org/jetbrains/kotlin/load/java/lazy/JavaResolverSettings$Companion
instanceKlass org/jetbrains/kotlin/load/java/lazy/JavaResolverSettings
instanceKlass org/jetbrains/kotlin/load/java/JavaClassesTracker$Default
instanceKlass org/jetbrains/kotlin/load/java/JavaClassesTracker
instanceKlass org/jetbrains/kotlin/resolve/jvm/multiplatform/OptionalAnnotationPackageFragmentProvider
instanceKlass org/jetbrains/kotlin/serialization/deserialization/AbstractDeserializedPackageFragmentProvider
instanceKlass org/jetbrains/kotlin/load/java/components/JavaSourceElementFactoryImpl
instanceKlass org/jetbrains/kotlin/load/java/sources/JavaSourceElementFactory
instanceKlass org/jetbrains/kotlin/load/java/components/AbstractJavaResolverCache
instanceKlass org/jetbrains/kotlin/load/java/components/JavaResolverCache
instanceKlass org/jetbrains/kotlin/load/java/AbstractJavaClassFinder
instanceKlass org/jetbrains/kotlin/load/java/JavaClassFinder
instanceKlass org/jetbrains/kotlin/resolve/jvm/CompositeSyntheticJavaPartsProvider
instanceKlass org/jetbrains/kotlin/resolve/jvm/SyntheticJavaPartsProvider$Companion
instanceKlass org/jetbrains/kotlin/resolve/jvm/SyntheticJavaPartsProvider
instanceKlass org/jetbrains/kotlin/load/java/components/JavaDeprecationSettings
instanceKlass org/jetbrains/kotlin/resolve/deprecation/DeprecationSettings
instanceKlass org/jetbrains/kotlin/resolve/TypeResolver$TypeTransformerForTests
instanceKlass org/jetbrains/kotlin/load/java/components/TraceBasedErrorReporter
instanceKlass org/jetbrains/kotlin/load/java/components/SignaturePropagatorImpl
instanceKlass org/jetbrains/kotlin/load/java/components/SignaturePropagator
instanceKlass org/jetbrains/kotlin/load/java/components/JavaPropertyInitializerEvaluatorImpl
instanceKlass org/jetbrains/kotlin/load/java/components/JavaPropertyInitializerEvaluator
instanceKlass org/jetbrains/kotlin/load/kotlin/DeserializationComponentsForJava
instanceKlass org/jetbrains/kotlin/resolve/jvm/JavaDescriptorResolver
instanceKlass org/jetbrains/kotlin/load/kotlin/VirtualFileFinder$SERVICE
instanceKlass org/jetbrains/kotlin/load/kotlin/VirtualFileFinder
instanceKlass org/jetbrains/kotlin/load/kotlin/KotlinClassFinder
instanceKlass org/jetbrains/kotlin/serialization/deserialization/KotlinMetadataFinder
instanceKlass org/jetbrains/kotlin/load/kotlin/VirtualFileFinderFactory$SERVICE
instanceKlass org/jetbrains/kotlin/resolve/AnnotationResolver
instanceKlass org/jetbrains/kotlin/resolve/LazyTopDownAnalyzer
instanceKlass org/jetbrains/kotlin/resolve/lazy/ResolveSession
instanceKlass org/jetbrains/kotlin/resolve/lazy/LazyClassContext
instanceKlass org/jetbrains/kotlin/resolve/lazy/KotlinCodeAnalyzer
instanceKlass org/jetbrains/kotlin/resolve/lazy/TopLevelDescriptorProvider
instanceKlass org/jetbrains/kotlin/util/ProgressManagerBasedCancellationChecker
instanceKlass org/jetbrains/kotlin/util/CancellationChecker
instanceKlass org/jetbrains/kotlin/resolve/calls/inference/components/ClassicConstraintSystemUtilContext
instanceKlass org/jetbrains/kotlin/resolve/calls/inference/components/ConstraintSystemUtilContext
instanceKlass org/jetbrains/kotlin/resolve/calls/components/ClassicTypeSystemContextForCS
instanceKlass org/jetbrains/kotlin/types/model/TypeSystemInferenceExtensionContextDelegate
instanceKlass org/jetbrains/kotlin/types/checker/ClassicTypeSystemContext
instanceKlass org/jetbrains/kotlin/types/model/TypeSystemInferenceExtensionContext
instanceKlass org/jetbrains/kotlin/types/model/TypeSystemCommonSuperTypesContext
instanceKlass org/jetbrains/kotlin/types/model/TypeSystemTypeFactoryContext
instanceKlass org/jetbrains/kotlin/types/model/TypeCheckerProviderContext
instanceKlass org/jetbrains/kotlin/types/model/TypeSystemBuiltInsContext
instanceKlass org/jetbrains/kotlin/types/TypeSystemCommonBackendContext
instanceKlass org/jetbrains/kotlin/types/model/TypeSystemContext
instanceKlass org/jetbrains/kotlin/types/model/TypeSystemOptimizationContext
instanceKlass org/jetbrains/kotlin/resolve/calls/components/BuiltInsProvider
instanceKlass org/jetbrains/kotlin/contracts/ContractDeserializerImpl
instanceKlass org/jetbrains/kotlin/resolve/checkers/OptInUsageChecker$ClassifierUsage
instanceKlass org/jetbrains/kotlin/resolve/checkers/OptInUsageChecker$Overrides
instanceKlass org/jetbrains/kotlin/resolve/checkers/OptInUsageChecker
instanceKlass org/jetbrains/kotlin/resolve/calls/smartcasts/DataFlowValueFactoryImpl
instanceKlass org/jetbrains/kotlin/resolve/calls/smartcasts/DataFlowValueFactory
instanceKlass org/jetbrains/kotlin/resolve/calls/tower/KotlinResolutionStatelessCallbacksImpl
instanceKlass org/jetbrains/kotlin/resolve/calls/components/KotlinResolutionStatelessCallbacks
instanceKlass org/jetbrains/kotlin/resolve/SupertypeLoopCheckerImpl
instanceKlass org/jetbrains/kotlin/resolve/jvm/ReplaceWithSupertypeAnonymousTypeTransformer
instanceKlass org/jetbrains/kotlin/resolve/DeclarationSignatureAnonymousTypeTransformer
instanceKlass org/jetbrains/kotlin/platform/jvm/JvmPlatformKt
instanceKlass org/jetbrains/kotlin/resolve/jvm/checkers/RepeatableAnnotationChecker
instanceKlass org/jetbrains/kotlin/resolve/checkers/ExpectedActualDeclarationChecker
instanceKlass org/jetbrains/kotlin/resolve/checkers/OptInMarkerDeclarationAnnotationChecker
instanceKlass org/jetbrains/kotlin/resolve/jvm/checkers/JvmSerializableLambdaAnnotationChecker
instanceKlass org/jetbrains/kotlin/resolve/jvm/multiplatform/JavaActualAnnotationArgumentExtractor
instanceKlass org/jetbrains/kotlin/resolve/checkers/ExpectedActualDeclarationChecker$ActualAnnotationArgumentExtractor
instanceKlass org/jetbrains/kotlin/types/expressions/GenericArrayClassLiteralSupport$Enabled
instanceKlass org/jetbrains/kotlin/types/expressions/GenericArrayClassLiteralSupport
instanceKlass org/jetbrains/kotlin/types/expressions/FunctionWithBigAritySupport$LanguageVersionDependent
instanceKlass org/jetbrains/kotlin/types/expressions/FunctionWithBigAritySupport
instanceKlass org/jetbrains/kotlin/resolve/jvm/JvmPlatformAnnotationFeaturesSupport
instanceKlass org/jetbrains/kotlin/resolve/PlatformAnnotationFeaturesSupport
instanceKlass org/jetbrains/kotlin/resolve/jvm/checkers/JvmRecordApplicabilityChecker
instanceKlass org/jetbrains/kotlin/resolve/jvm/JvmAdditionalClassPartsProvider
instanceKlass org/jetbrains/kotlin/resolve/AdditionalClassPartsProvider
instanceKlass org/jetbrains/kotlin/load/java/sam/JvmSamConversionOracle
instanceKlass org/jetbrains/kotlin/resolve/sam/SamConversionOracle
instanceKlass org/jetbrains/kotlin/resolve/jvm/JvmPlatformOverloadsSpecificityComparator
instanceKlass org/jetbrains/kotlin/resolve/calls/results/PlatformOverloadsSpecificityComparator
instanceKlass org/jetbrains/kotlin/resolve/jvm/JvmTypeSpecificityComparator
instanceKlass org/jetbrains/kotlin/resolve/jvm/checkers/JvmModuleAccessibilityChecker$ClassifierUsage
instanceKlass org/jetbrains/kotlin/resolve/jvm/checkers/JvmModuleAccessibilityChecker
instanceKlass org/jetbrains/kotlin/resolve/jvm/checkers/InlinePlatformCompatibilityChecker
instanceKlass org/jetbrains/kotlin/resolve/jvm/checkers/JvmDefaultChecker
instanceKlass org/jetbrains/kotlin/resolve/jvm/checkers/InterfaceDefaultMethodCallChecker
instanceKlass org/jetbrains/kotlin/synthetic/JavaSyntheticScopes
instanceKlass org/jetbrains/kotlin/resolve/scopes/SyntheticScopes
instanceKlass org/jetbrains/kotlin/resolve/calls/checkers/AbstractReflectionApiCallChecker
instanceKlass org/jetbrains/kotlin/resolve/jvm/checkers/JvmStaticChecker
instanceKlass org/jetbrains/kotlin/resolve/jvm/checkers/JavaNullabilityChecker
instanceKlass org/jetbrains/kotlin/container/SingletonDescriptor
instanceKlass org/jetbrains/kotlin/resolve/UpperBoundChecker
instanceKlass org/jetbrains/kotlin/frontend/di/InjectionKt
instanceKlass org/jetbrains/kotlin/types/WrappedTypeFactory
instanceKlass sun/reflect/generics/reflectiveObjects/LazyReflectiveObjectGenerator
instanceKlass sun/reflect/generics/tree/TypeVariableSignature
instanceKlass sun/reflect/generics/reflectiveObjects/ParameterizedTypeImpl
instanceKlass java/lang/reflect/ParameterizedType
# instanceKlass java/lang/invoke/LambdaForm$MH+0x0000000100430000
instanceKlass org/jetbrains/kotlin/resolve/checkers/ClassifierUsageCheckerContext
instanceKlass org/jetbrains/kotlin/resolve/calls/context/ResolutionContext
instanceKlass java/lang/annotation/Documented
instanceKlass kotlin/annotation/MustBeDocumented
instanceKlass kotlin/jvm/JvmStatic
instanceKlass org/jetbrains/kotlin/resolve/calls/checkers/CallCheckerContext
instanceKlass org/jetbrains/kotlin/resolve/calls/model/ResolvedCall
instanceKlass org/jetbrains/kotlin/descriptors/annotations/AnnotationDescriptor
instanceKlass org/jetbrains/kotlin/types/model/AnnotationMarker
instanceKlass org/jetbrains/kotlin/container/ConstructorInfo
instanceKlass kotlin/annotation/Retention
instanceKlass org/jetbrains/kotlin/container/DefaultImplementation
instanceKlass sun/reflect/generics/tree/ClassSignature
instanceKlass sun/reflect/generics/tree/Signature
instanceKlass sun/reflect/generics/tree/FormalTypeParameter
instanceKlass sun/reflect/generics/repository/AbstractRepository
instanceKlass jdk/internal/vm/annotation/IntrinsicCandidate
instanceKlass org/jetbrains/kotlin/resolve/checkers/DeclarationCheckerContext
instanceKlass org/jetbrains/kotlin/resolve/checkers/CheckerContext
instanceKlass org/jetbrains/kotlin/container/ClassInfo
instanceKlass org/jetbrains/kotlin/container/ClassTraversalCache
instanceKlass org/jetbrains/kotlin/container/CacheKt
instanceKlass org/jetbrains/kotlin/container/DynamicComponentDescriptor
instanceKlass org/jetbrains/kotlin/container/ComponentResolveContext
instanceKlass org/jetbrains/kotlin/container/ValueResolveContext
instanceKlass org/jetbrains/kotlin/container/InstanceComponentDescriptor
instanceKlass org/jetbrains/kotlin/container/ComponentDescriptor
instanceKlass org/jetbrains/kotlin/container/ValueDescriptor
instanceKlass org/jetbrains/kotlin/container/ContainerKt
instanceKlass org/jetbrains/kotlin/resolve/checkers/PlatformDiagnosticSuppressor
instanceKlass org/jetbrains/kotlin/resolve/lazy/AbsentDescriptorHandler
instanceKlass org/jetbrains/kotlin/types/DynamicTypesSettings
instanceKlass org/jetbrains/kotlin/resolve/calls/results/TypeSpecificityComparator$NONE
instanceKlass org/jetbrains/kotlin/resolve/calls/results/TypeSpecificityComparator
instanceKlass org/jetbrains/kotlin/resolve/checkers/OptionalExpectationUsageChecker
instanceKlass org/jetbrains/kotlin/resolve/checkers/MissingDependencyClassChecker$ClassifierUsage
instanceKlass org/jetbrains/kotlin/resolve/checkers/ApiVersionClassifierUsageChecker
instanceKlass org/jetbrains/kotlin/resolve/checkers/DeprecatedClassifierUsageChecker
instanceKlass org/jetbrains/kotlin/resolve/calls/checkers/EnumEntriesUnsupportedChecker
instanceKlass org/jetbrains/kotlin/resolve/calls/checkers/CustomEnumEntriesMigrationCallChecker
instanceKlass org/jetbrains/kotlin/resolve/calls/checkers/CompanionIncorrectlyUnboundedWhenUsedAsLHSCallChecker
instanceKlass org/jetbrains/kotlin/resolve/calls/checkers/IncorrectCapturedApproximationCallChecker
instanceKlass org/jetbrains/kotlin/resolve/calls/checkers/BuilderInferenceAssignmentChecker
instanceKlass org/jetbrains/kotlin/resolve/calls/checkers/UnsupportedUntilOperatorChecker
instanceKlass org/jetbrains/kotlin/resolve/calls/checkers/EqualityCallChecker
instanceKlass org/jetbrains/kotlin/resolve/calls/checkers/ResolutionToPrivateConstructorOfSealedClassChecker
instanceKlass org/jetbrains/kotlin/resolve/calls/checkers/CompanionInParenthesesLHSCallChecker
instanceKlass org/jetbrains/kotlin/resolve/calls/checkers/EnumEntryVsCompanionPriorityCallChecker
instanceKlass org/jetbrains/kotlin/utils/StringsKt
instanceKlass org/jetbrains/kotlin/resolve/calls/checkers/NewSchemeOfIntegerOperatorResolutionChecker
instanceKlass org/jetbrains/kotlin/resolve/calls/checkers/SelfCallInNestedObjectConstructorChecker
instanceKlass org/jetbrains/kotlin/resolve/calls/checkers/VarargWrongExecutionOrderChecker
instanceKlass org/jetbrains/kotlin/resolve/calls/checkers/ReferencingToUnderscoreNamedParameterOfCatchBlockChecker
instanceKlass org/jetbrains/kotlin/resolve/checkers/NullableExtensionOperatorWithSafeCallChecker
instanceKlass org/jetbrains/kotlin/resolve/calls/checkers/FunInterfaceConstructorReferenceChecker
instanceKlass org/jetbrains/kotlin/resolve/calls/checkers/UnitConversionCallChecker
instanceKlass org/jetbrains/kotlin/resolve/calls/checkers/SuspendConversionCallChecker
instanceKlass org/jetbrains/kotlin/resolve/calls/checkers/AbstractClassInstantiationChecker
instanceKlass org/jetbrains/kotlin/resolve/checkers/MissingDependencySupertypeChecker$ForCalls
instanceKlass org/jetbrains/kotlin/resolve/calls/checkers/ReifiedTypeParameterSubstitutionChecker
instanceKlass org/jetbrains/kotlin/resolve/calls/checkers/ContractNotAllowedCallChecker
instanceKlass org/jetbrains/kotlin/resolve/calls/checkers/NamedFunAsExpressionChecker
instanceKlass org/jetbrains/kotlin/resolve/calls/checkers/NullableVarargArgumentCallChecker
instanceKlass org/jetbrains/kotlin/resolve/calls/checkers/ResultTypeWithNullableOperatorsChecker
instanceKlass org/jetbrains/kotlin/resolve/calls/checkers/UselessElvisCallChecker
instanceKlass org/jetbrains/kotlin/resolve/calls/checkers/LambdaWithSuspendModifierCallChecker
instanceKlass org/jetbrains/kotlin/resolve/checkers/PrimitiveNumericComparisonCallChecker
instanceKlass org/jetbrains/kotlin/resolve/calls/checkers/ImplicitNothingAsTypeParameterCallChecker
instanceKlass org/jetbrains/kotlin/resolve/calls/checkers/AssigningNamedArgumentToVarargChecker
instanceKlass org/jetbrains/kotlin/resolve/calls/checkers/UnderscoreUsageChecker
instanceKlass org/jetbrains/kotlin/resolve/calls/checkers/CallableReferenceCompatibilityChecker
instanceKlass org/jetbrains/kotlin/resolve/checkers/MissingDependencyClassChecker
instanceKlass org/jetbrains/kotlin/resolve/calls/checkers/DslScopeViolationCallChecker
instanceKlass org/jetbrains/kotlin/resolve/calls/checkers/BuilderFunctionsCallChecker
instanceKlass org/jetbrains/kotlin/resolve/calls/checkers/CoroutineSuspendCallChecker
instanceKlass org/jetbrains/kotlin/resolve/calls/checkers/ApiVersionCallChecker
instanceKlass org/jetbrains/kotlin/resolve/calls/checkers/ProtectedConstructorCallChecker
instanceKlass org/jetbrains/kotlin/resolve/calls/checkers/ConstructorHeaderCallChecker
instanceKlass org/jetbrains/kotlin/resolve/calls/checkers/OperatorCallChecker$Companion
instanceKlass org/jetbrains/kotlin/resolve/calls/checkers/OperatorCallChecker
instanceKlass org/jetbrains/kotlin/resolve/calls/checkers/InfixCallChecker
instanceKlass org/jetbrains/kotlin/resolve/calls/checkers/CallReturnsArrayOfNothingChecker
instanceKlass kotlin/jvm/internal/SpreadBuilder
instanceKlass org/jetbrains/kotlin/resolve/calls/checkers/DeprecatedCallChecker
instanceKlass org/jetbrains/kotlin/resolve/checkers/TrailingCommaCallChecker
instanceKlass org/jetbrains/kotlin/resolve/calls/checkers/SafeCallChecker
instanceKlass org/jetbrains/kotlin/resolve/calls/checkers/SynchronizedByValueChecker
instanceKlass org/jetbrains/kotlin/resolve/calls/checkers/InlineCheckerWrapper
instanceKlass org/jetbrains/kotlin/resolve/calls/checkers/CapturingInClosureChecker
instanceKlass org/jetbrains/kotlin/resolve/checkers/StubForBuilderInferenceParameterTypeChecker
instanceKlass org/jetbrains/kotlin/resolve/checkers/ActualTypealiasToSpecialAnnotationChecker
instanceKlass org/jetbrains/kotlin/resolve/checkers/VolatileAnnotationChecker
instanceKlass org/jetbrains/kotlin/resolve/checkers/EnumEntriesRedeclarationChecker
instanceKlass org/jetbrains/kotlin/resolve/checkers/DataObjectContentChecker
instanceKlass org/jetbrains/kotlin/resolve/calls/checkers/UnsupportedUntilRangeDeclarationChecker
instanceKlass org/jetbrains/kotlin/resolve/checkers/CyclicAnnotationsChecker
instanceKlass org/jetbrains/kotlin/resolve/checkers/ValueParameterUsageInDefaultArgumentChecker
instanceKlass org/jetbrains/kotlin/resolve/checkers/SubtypingBetweenContextReceiversChecker
instanceKlass org/jetbrains/kotlin/resolve/checkers/ContextualDeclarationChecker
instanceKlass org/jetbrains/kotlin/resolve/checkers/EnumCompanionInEnumConstructorCallChecker
instanceKlass org/jetbrains/kotlin/resolve/checkers/SuspendFunctionAsSupertypeChecker
instanceKlass org/jetbrains/kotlin/resolve/checkers/SealedInterfaceAllowedChecker
instanceKlass org/jetbrains/kotlin/resolve/checkers/SealedInheritorInSameModuleChecker
instanceKlass org/jetbrains/kotlin/resolve/checkers/SealedInheritorInSamePackageChecker
instanceKlass org/jetbrains/kotlin/resolve/checkers/PrivateInlineFunctionsReturningAnonymousObjectsChecker
instanceKlass org/jetbrains/kotlin/resolve/checkers/ContractDescriptionBlockChecker
instanceKlass org/jetbrains/kotlin/resolve/checkers/DeprecatedSinceKotlinAnnotationChecker
instanceKlass org/jetbrains/kotlin/resolve/checkers/DeprecationInheritanceChecker
instanceKlass org/jetbrains/kotlin/resolve/checkers/FunInterfaceDeclarationChecker
instanceKlass org/jetbrains/kotlin/resolve/checkers/MissingDependencySupertypeChecker$ForDeclarations
instanceKlass org/jetbrains/kotlin/resolve/checkers/TrailingCommaDeclarationChecker
instanceKlass org/jetbrains/kotlin/resolve/checkers/TailrecFunctionChecker
instanceKlass org/jetbrains/kotlin/resolve/checkers/ExplicitApiDeclarationChecker$Companion
instanceKlass org/jetbrains/kotlin/resolve/checkers/ExplicitApiDeclarationChecker
instanceKlass org/jetbrains/kotlin/resolve/checkers/LocalVariableTypeParametersChecker
instanceKlass org/jetbrains/kotlin/resolve/checkers/ResultClassInReturnTypeChecker
instanceKlass org/jetbrains/kotlin/resolve/checkers/ReservedMembersAndConstructsForValueClass$Companion
instanceKlass org/jetbrains/kotlin/resolve/checkers/ReservedMembersAndConstructsForValueClass
instanceKlass org/jetbrains/kotlin/resolve/checkers/AnnotationClassTargetAndRetentionChecker
instanceKlass org/jetbrains/kotlin/resolve/checkers/InnerClassInsideValueClass
instanceKlass org/jetbrains/kotlin/resolve/checkers/PropertiesWithBackingFieldsInsideValueClass
instanceKlass org/jetbrains/kotlin/resolve/checkers/MultiFieldValueClassAnnotationsChecker
instanceKlass org/jetbrains/kotlin/resolve/checkers/ValueClassDeclarationChecker
instanceKlass org/jetbrains/kotlin/util/OperatorNameConventions
instanceKlass org/jetbrains/kotlin/resolve/checkers/SuspendLimitationsChecker
instanceKlass org/jetbrains/kotlin/resolve/checkers/KClassWithIncorrectTypeArgumentChecker
instanceKlass org/jetbrains/kotlin/resolve/checkers/DelegationChecker
instanceKlass org/jetbrains/kotlin/resolve/checkers/DynamicReceiverChecker
instanceKlass org/jetbrains/kotlin/resolve/checkers/ReifiedTypeParameterAnnotationChecker
instanceKlass org/jetbrains/kotlin/resolve/RequireKotlinConstants
instanceKlass org/jetbrains/kotlin/resolve/AnnotationsKt
instanceKlass org/jetbrains/kotlin/resolve/checkers/KotlinVersionStringAnnotationValueChecker
instanceKlass org/jetbrains/kotlin/resolve/checkers/InfixModifierChecker
instanceKlass org/jetbrains/kotlin/resolve/checkers/InlineParameterChecker
instanceKlass org/jetbrains/kotlin/resolve/checkers/UnderscoreChecker
instanceKlass org/jetbrains/kotlin/resolve/checkers/ConstModifierChecker
instanceKlass org/jetbrains/kotlin/resolve/checkers/DataClassDeclarationChecker
instanceKlass org/jetbrains/kotlin/resolve/checkers/ExpectActualClassifiersAreInBetaChecker
instanceKlass org/jetbrains/kotlin/resolve/checkers/ActualClassifierMustHasTheSameMembersAsNonFinalExpectClassifierChecker
instanceKlass org/jetbrains/kotlin/resolve/checkers/ExpectActualInTheSameModuleChecker
instanceKlass org/jetbrains/kotlin/resolve/PlatformConfiguratorBaseKt
instanceKlass org/jetbrains/kotlin/container/ComponentRegistry
instanceKlass org/jetbrains/kotlin/container/ComponentStorage
instanceKlass org/jetbrains/kotlin/container/ValueResolver
instanceKlass org/jetbrains/kotlin/container/StorageComponentContainer
instanceKlass org/jetbrains/kotlin/container/ComponentProvider
instanceKlass org/jetbrains/kotlin/container/ComponentContainer
instanceKlass org/jetbrains/kotlin/container/DslKt
instanceKlass org/jetbrains/kotlin/resolve/jvm/JvmDeclarationReturnTypeSanitizer
instanceKlass org/jetbrains/kotlin/resolve/DeclarationReturnTypeSanitizer
instanceKlass org/jetbrains/kotlin/resolve/jvm/JvmOverridesBackwardCompatibilityHelper
instanceKlass org/jetbrains/kotlin/resolve/OverridesBackwardCompatibilityHelper
instanceKlass org/jetbrains/kotlin/resolve/jvm/JvmDelegationFilter
instanceKlass org/jetbrains/kotlin/resolve/lazy/DelegationFilter
instanceKlass org/jetbrains/kotlin/resolve/jvm/JvmOverloadFilter
instanceKlass org/jetbrains/kotlin/resolve/OverloadFilter
instanceKlass org/jetbrains/kotlin/resolve/jvm/checkers/JvmSimpleNameBacktickChecker
instanceKlass org/jetbrains/kotlin/resolve/IdentifierChecker
instanceKlass org/jetbrains/kotlin/resolve/sam/SamConversionResolver$Empty
instanceKlass org/jetbrains/kotlin/container/PlatformExtensionsClashResolver
instanceKlass org/jetbrains/kotlin/resolve/jvm/checkers/SynchronizedAnnotationOnLambdaChecker
instanceKlass org/jetbrains/kotlin/resolve/jvm/checkers/ExplicitMetadataChecker
instanceKlass org/jetbrains/kotlin/name/JvmNames
instanceKlass org/jetbrains/kotlin/resolve/jvm/checkers/FileClassAnnotationsChecker
instanceKlass org/jetbrains/kotlin/resolve/AdditionalAnnotationChecker
instanceKlass org/jetbrains/kotlin/resolve/jvm/checkers/MissingBuiltInDeclarationChecker$ClassifierUsage
instanceKlass org/jetbrains/kotlin/resolve/checkers/BigFunctionTypeAvailabilityChecker
instanceKlass org/jetbrains/kotlin/resolve/checkers/ClassifierUsageChecker
instanceKlass org/jetbrains/kotlin/resolve/jvm/checkers/JvmArrayVariableInLoopAssignmentChecker
instanceKlass org/jetbrains/kotlin/resolve/jvm/checkers/JavaTypeAccessibilityChecker
instanceKlass org/jetbrains/kotlin/resolve/jvm/platform/JavaGenericVarianceViolationTypeChecker
instanceKlass org/jetbrains/kotlin/resolve/jvm/RuntimeAssertionsTypeChecker
instanceKlass org/jetbrains/kotlin/resolve/calls/checkers/AdditionalTypeChecker
# instanceKlass java/lang/invoke/LambdaForm$MH+0x0000000100414000
instanceKlass  @bci org/jetbrains/kotlin/diagnostics/Errors$Initializer initializeFactoryNames (Ljava/lang/Class;)V 9 <appendix> argL0 ; # org/jetbrains/kotlin/diagnostics/Errors$Initializer$$Lambda+0x0000000100410d50
instanceKlass org/jetbrains/kotlin/diagnostics/rendering/DiagnosticFactoryToRendererMap
instanceKlass org/jetbrains/kotlin/diagnostics/rendering/DefaultErrorMessages$Extension
instanceKlass org/jetbrains/kotlin/diagnostics/Errors$Initializer
instanceKlass org/jetbrains/kotlin/com/google/common/collect/Hashing
instanceKlass org/jetbrains/kotlin/com/google/common/math/IntMath$1
instanceKlass org/jetbrains/kotlin/com/google/common/math/MathPreconditions
instanceKlass org/jetbrains/kotlin/com/google/common/math/IntMath
instanceKlass org/jetbrains/kotlin/com/google/common/collect/ImmutableSet$SetBuilderImpl
instanceKlass org/jetbrains/kotlin/diagnostics/DiagnosticFactoryForDeprecation4$Companion
instanceKlass org/jetbrains/kotlin/diagnostics/ClassicPositioningStrategies
instanceKlass org/jetbrains/kotlin/diagnostics/DiagnosticFactoryForDeprecation2$Companion
instanceKlass org/jetbrains/kotlin/diagnostics/DiagnosticFactoryForDeprecation0$Companion
instanceKlass org/jetbrains/kotlin/diagnostics/DiagnosticFactoryForDeprecation1$Companion
instanceKlass org/jetbrains/kotlin/diagnostics/DiagnosticFactoryForDeprecation3$Companion
instanceKlass org/jetbrains/kotlin/diagnostics/DiagnosticFactoryForDeprecation
instanceKlass org/jetbrains/kotlin/diagnostics/ParametrizedDiagnostic
instanceKlass org/jetbrains/kotlin/diagnostics/Diagnostic
instanceKlass org/jetbrains/kotlin/diagnostics/Errors
instanceKlass org/jetbrains/kotlin/resolve/jvm/checkers/JvmSyntheticAssignmentChecker
instanceKlass org/jetbrains/kotlin/resolve/calls/checkers/AssignmentChecker
instanceKlass org/jetbrains/kotlin/resolve/jvm/checkers/JvmPropertyVsFieldAmbiguityCallChecker
instanceKlass org/jetbrains/kotlin/resolve/calls/checkers/LateinitIntrinsicApplicabilityChecker
instanceKlass org/jetbrains/kotlin/resolve/jvm/checkers/UpperBoundViolatedInTypealiasConstructorChecker
instanceKlass org/jetbrains/kotlin/resolve/jvm/checkers/EnumDeclaringClassDeprecationChecker
instanceKlass org/jetbrains/kotlin/resolve/jvm/checkers/SamInterfaceConstructorReferenceCallChecker
instanceKlass org/jetbrains/kotlin/resolve/jvm/checkers/PolymorphicSignatureCallChecker
instanceKlass org/jetbrains/kotlin/resolve/jvm/checkers/InconsistentOperatorFromJavaCallChecker
instanceKlass org/jetbrains/kotlin/resolve/jvm/checkers/ApiVersionIsAtLeastArgumentsChecker
instanceKlass org/jetbrains/kotlin/resolve/jvm/RuntimeAssertionsOnExtensionReceiverCallChecker
instanceKlass org/jetbrains/kotlin/resolve/jvm/checkers/ProtectedSyntheticExtensionCallChecker
instanceKlass org/jetbrains/kotlin/resolve/jvm/checkers/SuperCallWithDefaultArgumentsChecker
instanceKlass org/jetbrains/kotlin/resolve/jvm/checkers/UnsupportedSyntheticCallableReferenceChecker
instanceKlass org/jetbrains/kotlin/resolve/jvm/checkers/ProtectedInSuperClassCompanionCallChecker
instanceKlass org/jetbrains/kotlin/resolve/jvm/checkers/JavaClassOnCompanionChecker
instanceKlass org/jetbrains/kotlin/resolve/jvm/checkers/SuspensionPointInsideMutexLockChecker
instanceKlass org/jetbrains/kotlin/resolve/jvm/checkers/JavaAnnotationCallChecker$Companion
instanceKlass org/jetbrains/kotlin/resolve/jvm/checkers/JavaAnnotationCallChecker
instanceKlass org/jetbrains/kotlin/resolve/jvm/checkers/MissingBuiltInDeclarationChecker
instanceKlass org/jetbrains/kotlin/resolve/calls/checkers/CallChecker
instanceKlass org/jetbrains/kotlin/resolve/jvm/checkers/JavaOverrideWithWrongNullabilityOverrideChecker
instanceKlass org/jetbrains/kotlin/resolve/jvm/checkers/ClassInheritsJavaSealedClassChecker
instanceKlass org/jetbrains/kotlin/resolve/jvm/checkers/FunctionDelegateMemberNameClashChecker
instanceKlass org/jetbrains/kotlin/resolve/jvm/checkers/DefaultCheckerInTailrec
instanceKlass org/jetbrains/kotlin/resolve/jvm/checkers/JvmMultifileClassStateChecker
instanceKlass org/jetbrains/kotlin/resolve/jvm/checkers/BadInheritedJavaSignaturesChecker
instanceKlass org/jetbrains/kotlin/resolve/jvm/checkers/SuspendInFunInterfaceChecker
instanceKlass org/jetbrains/kotlin/resolve/jvm/checkers/JvmAnnotationsTargetNonExistentAccessorChecker$Companion
instanceKlass org/jetbrains/kotlin/resolve/jvm/checkers/JvmAnnotationsTargetNonExistentAccessorChecker
instanceKlass org/jetbrains/kotlin/resolve/jvm/checkers/StrictfpApplicabilityChecker
instanceKlass org/jetbrains/kotlin/resolve/jvm/checkers/JvmInlineApplicabilityChecker
instanceKlass org/jetbrains/kotlin/resolve/jvm/checkers/JvmSyntheticApplicabilityChecker
instanceKlass org/jetbrains/kotlin/resolve/jvm/checkers/TypeParameterBoundIsNotArrayChecker
instanceKlass org/jetbrains/kotlin/resolve/jvm/checkers/JvmFieldApplicabilityChecker
instanceKlass org/jetbrains/kotlin/resolve/jvm/checkers/OverloadsAnnotationChecker
instanceKlass org/jetbrains/kotlin/resolve/jvm/checkers/ExternalFunChecker
instanceKlass org/jetbrains/kotlin/resolve/jvm/checkers/LocalFunInlineChecker
instanceKlass org/jetbrains/kotlin/resolve/jvm/checkers/SynchronizedAnnotationChecker
instanceKlass org/jetbrains/kotlin/resolve/jvm/checkers/JvmNameAnnotationChecker
instanceKlass org/jetbrains/kotlin/resolve/checkers/DeclarationChecker
instanceKlass org/jetbrains/kotlin/resolve/PlatformConfiguratorBase
instanceKlass org/jetbrains/kotlin/resolve/PlatformConfigurator
instanceKlass org/jetbrains/kotlin/resolve/ImportPath$Companion
instanceKlass org/jetbrains/kotlin/resolve/ImportPath
instanceKlass org/jetbrains/kotlin/resolve/PlatformDependentAnalyzerServices
instanceKlass org/jetbrains/kotlin/resolve/SealedClassInheritorsProvider
instanceKlass org/jetbrains/kotlin/resolve/ModuleAnnotationsResolver$Companion
instanceKlass org/jetbrains/kotlin/metadata/jvm/deserialization/ModuleMappingKt
instanceKlass org/jetbrains/kotlin/protobuf/UnmodifiableLazyStringList$2
instanceKlass org/jetbrains/kotlin/metadata/jvm/deserialization/PackageParts
instanceKlass org/jetbrains/kotlin/metadata/jvm/JvmModuleProtoBuf$PackagePartsOrBuilder
instanceKlass org/jetbrains/kotlin/load/kotlin/JvmPackagePartProviderBase$ModuleMappingInfo
instanceKlass org/jetbrains/kotlin/metadata/jvm/JvmModuleProtoBuf$ModuleOrBuilder
instanceKlass org/jetbrains/kotlin/metadata/deserialization/VersionSpecificBehaviorKt
instanceKlass kotlin/collections/MapWithDefault
instanceKlass org/jetbrains/kotlin/utils/MetadataHelpersKt
instanceKlass org/jetbrains/kotlin/utils/DeserializationHelpersKt
instanceKlass org/jetbrains/kotlin/load/kotlin/ModuleMappingUtilKt
instanceKlass org/jetbrains/kotlin/metadata/jvm/deserialization/BinaryModuleData
instanceKlass org/jetbrains/kotlin/metadata/jvm/deserialization/JvmMetadataVersion$Companion
instanceKlass org/jetbrains/kotlin/metadata/jvm/deserialization/ModuleMapping$Companion
instanceKlass org/jetbrains/kotlin/metadata/jvm/deserialization/ModuleMapping
instanceKlass org/jetbrains/kotlin/cli/jvm/compiler/JvmPackagePartProviderKt
instanceKlass  @bci org/jetbrains/kotlin/com/intellij/psi/search/GlobalSearchScope$UnionScope contains (Lorg/jetbrains/kotlin/com/intellij/openapi/vfs/VirtualFile;)Z 14 <appendix> member <vmtarget> ; # org/jetbrains/kotlin/com/intellij/psi/search/GlobalSearchScope$UnionScope$$Lambda+0x00000001003fed88
instanceKlass org/jetbrains/kotlin/resolve/CompilerDeserializationConfiguration
instanceKlass org/jetbrains/kotlin/load/kotlin/JvmPackagePartProviderBase$Companion
instanceKlass org/jetbrains/kotlin/load/kotlin/JvmPackagePartProviderBase
instanceKlass org/jetbrains/kotlin/load/kotlin/PackageAndMetadataPartProvider
instanceKlass org/jetbrains/kotlin/serialization/deserialization/MetadataPartProvider
instanceKlass org/jetbrains/kotlin/load/kotlin/PackagePartProvider
instanceKlass  @bci org/jetbrains/kotlin/resolve/lazy/declarations/FileBasedDeclarationProviderFactory <init> (Lorg/jetbrains/kotlin/storage/StorageManager;Ljava/util/Collection;)V 29 <appendix> member <vmtarget> ; # org/jetbrains/kotlin/resolve/lazy/declarations/FileBasedDeclarationProviderFactory$$Lambda+0x00000001003fb4a8
instanceKlass org/jetbrains/kotlin/resolve/lazy/declarations/FileBasedDeclarationProviderFactory$Index
instanceKlass  @bci org/jetbrains/kotlin/resolve/lazy/declarations/AbstractDeclarationProviderFactory <init> (Lorg/jetbrains/kotlin/storage/StorageManager;)V 15 <appendix> member <vmtarget> ; # org/jetbrains/kotlin/resolve/lazy/declarations/AbstractDeclarationProviderFactory$$Lambda+0x00000001003fb010
instanceKlass  @cpi org/jetbrains/kotlin/resolve/lazy/declarations/AbstractDeclarationProviderFactory 32 form vmentry <vmtarget> ; # java/lang/invoke/LambdaForm$DMH+0x00000001003fc000
instanceKlass org/jetbrains/kotlin/resolve/lazy/declarations/ClassMemberDeclarationProvider
instanceKlass org/jetbrains/kotlin/resolve/lazy/declarations/PackageMemberDeclarationProvider
instanceKlass org/jetbrains/kotlin/resolve/lazy/declarations/DeclarationProvider
instanceKlass org/jetbrains/kotlin/resolve/lazy/declarations/AbstractDeclarationProviderFactory
instanceKlass org/jetbrains/kotlin/resolve/lazy/declarations/DeclarationProviderFactory
instanceKlass org/jetbrains/kotlin/config/LanguageFeature$Companion
instanceKlass org/jetbrains/kotlin/frontend/java/di/InjectionKt
instanceKlass org/jetbrains/kotlin/descriptors/impl/ModuleDependenciesImpl
instanceKlass org/jetbrains/kotlin/descriptors/impl/ModuleDependencies
instanceKlass org/jetbrains/kotlin/protobuf/SmallSortedMap$EntryIterator
instanceKlass org/jetbrains/kotlin/protobuf/GeneratedMessageLite$ExtendableMessage$ExtensionWriter
instanceKlass org/jetbrains/kotlin/serialization/deserialization/descriptors/DeserializedMemberScope$OptimizedImplementation
instanceKlass org/jetbrains/kotlin/serialization/deserialization/descriptors/DeserializedMemberScope$Implementation
instanceKlass org/jetbrains/kotlin/serialization/deserialization/MemberDeserializer
instanceKlass org/jetbrains/kotlin/serialization/deserialization/TypeDeserializer
instanceKlass org/jetbrains/kotlin/serialization/deserialization/DeserializationContext
instanceKlass org/jetbrains/kotlin/metadata/deserialization/VersionRequirementTable$Companion
instanceKlass org/jetbrains/kotlin/metadata/deserialization/VersionRequirementTable
instanceKlass org/jetbrains/kotlin/metadata/deserialization/TypeTable
instanceKlass org/jetbrains/kotlin/serialization/deserialization/ClassDeserializer$Companion
instanceKlass org/jetbrains/kotlin/serialization/deserialization/ClassDeserializer
instanceKlass org/jetbrains/kotlin/serialization/deserialization/EnumEntriesDeserializationSupport$Default
instanceKlass org/jetbrains/kotlin/serialization/deserialization/EnumEntriesDeserializationSupport
instanceKlass org/jetbrains/kotlin/resolve/OverridingUtil$1
instanceKlass org/jetbrains/kotlin/load/java/JavaIncompatibilityRulesOverridabilityCondition$Companion
instanceKlass org/jetbrains/kotlin/load/java/JavaIncompatibilityRulesOverridabilityCondition
instanceKlass org/jetbrains/kotlin/load/java/ErasedOverridabilityCondition
instanceKlass org/jetbrains/kotlin/load/java/FieldOverridabilityCondition
instanceKlass org/jetbrains/kotlin/resolve/ExternalOverridabilityCondition
instanceKlass org/jetbrains/kotlin/types/checker/KotlinTypeChecker$TypeConstructorEquality
instanceKlass org/jetbrains/kotlin/resolve/OverridingUtil
instanceKlass org/jetbrains/kotlin/types/AbstractTypePreparator
instanceKlass org/jetbrains/kotlin/types/checker/NewKotlinTypeCheckerImpl
instanceKlass org/jetbrains/kotlin/types/checker/NewKotlinTypeChecker$Companion
instanceKlass org/jetbrains/kotlin/types/checker/NewKotlinTypeChecker
instanceKlass org/jetbrains/kotlin/types/checker/KotlinTypeChecker
instanceKlass org/jetbrains/kotlin/resolve/sam/SamConversionResolverImpl
instanceKlass org/jetbrains/kotlin/resolve/sam/SamConversionResolver
instanceKlass org/jetbrains/kotlin/container/PlatformSpecificExtension
instanceKlass org/jetbrains/kotlin/serialization/deserialization/ContractDeserializer$Companion$DEFAULT$1
instanceKlass org/jetbrains/kotlin/serialization/deserialization/ContractDeserializer$Companion
instanceKlass org/jetbrains/kotlin/serialization/deserialization/ContractDeserializer
instanceKlass org/jetbrains/kotlin/serialization/deserialization/FlexibleTypeDeserializer$ThrowException
instanceKlass org/jetbrains/kotlin/serialization/deserialization/FlexibleTypeDeserializer
instanceKlass org/jetbrains/kotlin/serialization/deserialization/ErrorReporter$1
instanceKlass org/jetbrains/kotlin/serialization/deserialization/ErrorReporter
instanceKlass org/jetbrains/kotlin/serialization/deserialization/LocalClassifierTypeSettings$Default
instanceKlass org/jetbrains/kotlin/serialization/deserialization/LocalClassifierTypeSettings
instanceKlass org/jetbrains/kotlin/resolve/constants/ConstantValue
instanceKlass org/jetbrains/kotlin/serialization/deserialization/AnnotationDeserializer
instanceKlass org/jetbrains/kotlin/serialization/deserialization/AnnotationAndConstantLoaderImpl
instanceKlass org/jetbrains/kotlin/serialization/deserialization/AnnotationAndConstantLoader
instanceKlass org/jetbrains/kotlin/serialization/deserialization/AnnotationLoader
instanceKlass org/jetbrains/kotlin/serialization/deserialization/DeserializedClassDataFinder
instanceKlass org/jetbrains/kotlin/serialization/deserialization/DeserializationConfiguration$Default
instanceKlass org/jetbrains/kotlin/serialization/deserialization/DeserializationConfiguration
instanceKlass org/jetbrains/kotlin/serialization/deserialization/DeserializationComponents
instanceKlass org/jetbrains/kotlin/descriptors/NotFoundClasses
instanceKlass org/jetbrains/kotlin/descriptors/PackageFragmentProviderImpl
instanceKlass org/jetbrains/kotlin/descriptors/PackageFragmentProviderOptimized
instanceKlass org/jetbrains/kotlin/descriptors/PackageFragmentProvider
instanceKlass java/util/LinkedList$ListItr
instanceKlass kotlin/Triple
instanceKlass java/util/LinkedList$Node
instanceKlass org/jetbrains/kotlin/metadata/deserialization/NameResolverImpl$WhenMappings
instanceKlass org/jetbrains/kotlin/protobuf/Utf8
instanceKlass org/jetbrains/kotlin/serialization/deserialization/NameResolverUtilKt
instanceKlass org/jetbrains/kotlin/serialization/deserialization/ProtoBasedClassDataFinder
instanceKlass org/jetbrains/kotlin/serialization/deserialization/ClassDataFinder
instanceKlass org/jetbrains/kotlin/metadata/deserialization/NameResolverImpl
instanceKlass org/jetbrains/kotlin/metadata/deserialization/NameResolver
instanceKlass org/jetbrains/kotlin/metadata/ProtoBuf$Type$Argument$Projection$1
instanceKlass org/jetbrains/kotlin/metadata/ProtoBuf$Type$ArgumentOrBuilder
instanceKlass org/jetbrains/kotlin/metadata/ProtoBuf$Annotation$ArgumentOrBuilder
instanceKlass org/jetbrains/kotlin/protobuf/SmallSortedMap$Entry
instanceKlass org/jetbrains/kotlin/protobuf/FieldSet$1
instanceKlass org/jetbrains/kotlin/protobuf/AbstractMessageLite$Builder
instanceKlass org/jetbrains/kotlin/protobuf/GeneratedMessageLite$1
instanceKlass org/jetbrains/kotlin/metadata/ProtoBuf$QualifiedNameTable$QualifiedName$Kind$1
instanceKlass org/jetbrains/kotlin/metadata/ProtoBuf$QualifiedNameTable$QualifiedNameOrBuilder
instanceKlass org/jetbrains/kotlin/protobuf/WireFormat
instanceKlass org/jetbrains/kotlin/protobuf/CodedOutputStream
instanceKlass org/jetbrains/kotlin/protobuf/CodedInputStream
instanceKlass org/jetbrains/kotlin/metadata/ProtoBuf$QualifiedNameTableOrBuilder
instanceKlass org/jetbrains/kotlin/protobuf/LazyStringList
instanceKlass org/jetbrains/kotlin/protobuf/ProtocolStringList
instanceKlass org/jetbrains/kotlin/metadata/ProtoBuf$StringTableOrBuilder
instanceKlass org/jetbrains/kotlin/metadata/ProtoBuf$PackageFragmentOrBuilder
instanceKlass kotlin/collections/IntIterator
instanceKlass org/jetbrains/kotlin/metadata/builtins/BuiltInsBinaryVersion$Companion
instanceKlass org/jetbrains/kotlin/metadata/deserialization/BinaryVersion$Companion
instanceKlass org/jetbrains/kotlin/metadata/deserialization/BinaryVersion
instanceKlass org/jetbrains/kotlin/metadata/builtins/ReadPackageFragmentKt
instanceKlass org/jetbrains/kotlin/serialization/deserialization/builtins/BuiltInsPackageFragmentImpl$Companion
instanceKlass org/jetbrains/kotlin/builtins/BuiltInsPackageFragment
instanceKlass org/jetbrains/kotlin/protobuf/ExtensionRegistryLite$ObjectIntPair
instanceKlass org/jetbrains/kotlin/metadata/ProtoBuf$TypeParameter$Variance$1
instanceKlass org/jetbrains/kotlin/metadata/ProtoBuf$TypeParameterOrBuilder
instanceKlass org/jetbrains/kotlin/metadata/ProtoBuf$EnumEntryOrBuilder
instanceKlass org/jetbrains/kotlin/metadata/ProtoBuf$Annotation$Argument$Value$Type$1
instanceKlass org/jetbrains/kotlin/protobuf/Internal$EnumLiteMap
instanceKlass org/jetbrains/kotlin/metadata/ProtoBuf$Annotation$Argument$ValueOrBuilder
instanceKlass org/jetbrains/kotlin/metadata/ProtoBuf$ValueParameterOrBuilder
instanceKlass org/jetbrains/kotlin/metadata/ProtoBuf$PropertyOrBuilder
instanceKlass org/jetbrains/kotlin/metadata/ProtoBuf$ContractOrBuilder
instanceKlass org/jetbrains/kotlin/metadata/ProtoBuf$FunctionOrBuilder
instanceKlass org/jetbrains/kotlin/metadata/ProtoBuf$ConstructorOrBuilder
instanceKlass org/jetbrains/kotlin/metadata/ProtoBuf$AnnotationOrBuilder
instanceKlass org/jetbrains/kotlin/metadata/ProtoBuf$TypeOrBuilder
instanceKlass org/jetbrains/kotlin/metadata/ProtoBuf$ClassOrBuilder
instanceKlass org/jetbrains/kotlin/protobuf/Internal$EnumLite
instanceKlass org/jetbrains/kotlin/protobuf/GeneratedMessageLite$ExtensionDescriptor
instanceKlass org/jetbrains/kotlin/protobuf/GeneratedMessageLite$GeneratedExtension
instanceKlass java/lang/Long$LongCache
instanceKlass org/jetbrains/kotlin/metadata/ProtoBuf$VersionRequirementTableOrBuilder
instanceKlass org/jetbrains/kotlin/metadata/ProtoBuf$TypeTableOrBuilder
instanceKlass org/jetbrains/kotlin/protobuf/ByteString$ByteIterator
instanceKlass org/jetbrains/kotlin/protobuf/ByteString
instanceKlass org/jetbrains/kotlin/protobuf/SmallSortedMap$EmptySet$2
instanceKlass org/jetbrains/kotlin/protobuf/SmallSortedMap$EmptySet$1
instanceKlass org/jetbrains/kotlin/protobuf/SmallSortedMap$EmptySet
instanceKlass org/jetbrains/kotlin/protobuf/LazyFieldLite
instanceKlass org/jetbrains/kotlin/protobuf/FieldSet
instanceKlass org/jetbrains/kotlin/protobuf/AbstractParser
instanceKlass org/jetbrains/kotlin/protobuf/MessageLite$Builder
instanceKlass org/jetbrains/kotlin/protobuf/Parser
instanceKlass org/jetbrains/kotlin/protobuf/FieldSet$FieldDescriptorLite
instanceKlass org/jetbrains/kotlin/protobuf/AbstractMessageLite
instanceKlass org/jetbrains/kotlin/metadata/ProtoBuf$PackageOrBuilder
instanceKlass org/jetbrains/kotlin/protobuf/GeneratedMessageLite$ExtendableMessageOrBuilder
instanceKlass org/jetbrains/kotlin/protobuf/MessageLite
instanceKlass org/jetbrains/kotlin/protobuf/MessageLiteOrBuilder
instanceKlass org/jetbrains/kotlin/metadata/builtins/BuiltInsProtoBuf
instanceKlass org/jetbrains/kotlin/protobuf/ExtensionRegistryLite
instanceKlass org/jetbrains/kotlin/serialization/SerializerExtensionProtocol
instanceKlass org/jetbrains/kotlin/storage/LockBasedStorageManager$CacheWithNullableValuesBasedOnMemoizedFunction$1
instanceKlass org/jetbrains/kotlin/types/KotlinTypeFactory
instanceKlass org/jetbrains/kotlin/util/ArrayMap
instanceKlass org/jetbrains/kotlin/util/TypeRegistry
instanceKlass org/jetbrains/kotlin/util/AbstractArrayMapOwner
instanceKlass org/jetbrains/kotlin/descriptors/FieldDescriptor
instanceKlass org/jetbrains/kotlin/descriptors/PropertySetterDescriptor
instanceKlass org/jetbrains/kotlin/descriptors/PropertyGetterDescriptor
instanceKlass org/jetbrains/kotlin/descriptors/PropertyAccessorDescriptor
instanceKlass org/jetbrains/kotlin/descriptors/VariableAccessorDescriptor
instanceKlass org/jetbrains/kotlin/types/error/ErrorPropertyDescriptor
instanceKlass org/jetbrains/kotlin/descriptors/PropertyDescriptor
instanceKlass org/jetbrains/kotlin/mpp/PropertySymbolMarker
instanceKlass org/jetbrains/kotlin/descriptors/VariableDescriptorWithAccessors
instanceKlass org/jetbrains/kotlin/descriptors/VariableDescriptor
instanceKlass kotlin/jvm/internal/StringCompanionObject
instanceKlass org/jetbrains/kotlin/types/error/ErrorTypeConstructor
instanceKlass org/jetbrains/kotlin/types/error/ErrorScope
instanceKlass org/jetbrains/kotlin/cli/common/ModuleVisibilityHelperImpl
instanceKlass org/jetbrains/kotlin/descriptors/DescriptorVisibilities$12
instanceKlass org/jetbrains/kotlin/descriptors/DescriptorVisibilities$11
instanceKlass org/jetbrains/kotlin/descriptors/DescriptorVisibilities$10
instanceKlass org/jetbrains/kotlin/util/ModuleVisibilityHelper
instanceKlass org/jetbrains/kotlin/descriptors/DescriptorVisibility
instanceKlass org/jetbrains/kotlin/descriptors/Visibility
instanceKlass org/jetbrains/kotlin/descriptors/DescriptorVisibilities
instanceKlass org/jetbrains/kotlin/name/SpecialNames
instanceKlass org/jetbrains/kotlin/resolve/scopes/receivers/ReceiverValue
instanceKlass org/jetbrains/kotlin/resolve/scopes/receivers/Receiver
instanceKlass org/jetbrains/kotlin/descriptors/FunctionDescriptor$CopyBuilder
instanceKlass org/jetbrains/kotlin/descriptors/CallableMemberDescriptor$CopyBuilder
instanceKlass org/jetbrains/kotlin/descriptors/ClassConstructorDescriptor
instanceKlass org/jetbrains/kotlin/mpp/ConstructorSymbolMarker
instanceKlass org/jetbrains/kotlin/descriptors/ConstructorDescriptor
instanceKlass java/util/Formatter$Flags
instanceKlass java/util/Formattable
instanceKlass java/util/Formatter$FormatSpecifier
instanceKlass java/util/Formatter$Conversion
instanceKlass java/util/Formatter$FixedString
instanceKlass java/util/Formatter$FormatString
instanceKlass java/util/Formatter
instanceKlass org/jetbrains/kotlin/types/error/ErrorModuleDescriptor
instanceKlass org/jetbrains/kotlin/types/error/ErrorUtils
instanceKlass org/jetbrains/kotlin/types/TypeProjection
instanceKlass org/jetbrains/kotlin/types/model/TypeArgumentMarker
instanceKlass org/jetbrains/kotlin/types/TypeUtils
instanceKlass org/jetbrains/kotlin/descriptors/impl/AbstractClassDescriptor$1$1
instanceKlass org/jetbrains/kotlin/types/AbstractTypeRefiner
instanceKlass org/jetbrains/kotlin/types/checker/KotlinTypeRefinerKt
instanceKlass org/jetbrains/kotlin/resolve/descriptorUtil/DescriptorUtilsKt
instanceKlass org/jetbrains/kotlin/descriptors/FunctionDescriptor
instanceKlass org/jetbrains/kotlin/mpp/FunctionSymbolMarker
instanceKlass org/jetbrains/kotlin/descriptors/CallableMemberDescriptor
instanceKlass org/jetbrains/kotlin/resolve/DescriptorUtils
instanceKlass org/jetbrains/kotlin/resolve/scopes/MemberScopeImpl
instanceKlass org/jetbrains/kotlin/descriptors/SupertypeLoopChecker
instanceKlass org/jetbrains/kotlin/types/ClassifierBasedTypeConstructor
instanceKlass org/jetbrains/kotlin/descriptors/ReceiverParameterDescriptor
instanceKlass org/jetbrains/kotlin/descriptors/ParameterDescriptor
instanceKlass org/jetbrains/kotlin/descriptors/ValueDescriptor
instanceKlass org/jetbrains/kotlin/descriptors/CallableDescriptor
instanceKlass org/jetbrains/kotlin/mpp/CallableSymbolMarker
instanceKlass org/jetbrains/kotlin/descriptors/impl/AbstractClassDescriptor$3
instanceKlass org/jetbrains/kotlin/descriptors/impl/AbstractClassDescriptor$2
instanceKlass org/jetbrains/kotlin/descriptors/impl/AbstractClassDescriptor$1
instanceKlass org/jetbrains/kotlin/descriptors/Modality$Companion
instanceKlass org/jetbrains/kotlin/descriptors/impl/ModuleAwareClassDescriptor$Companion
instanceKlass org/jetbrains/kotlin/types/TypeConstructor
instanceKlass org/jetbrains/kotlin/types/model/TypeConstructorMarker
instanceKlass org/jetbrains/kotlin/resolve/scopes/MemberScope
instanceKlass org/jetbrains/kotlin/resolve/scopes/ResolutionScope
instanceKlass org/jetbrains/kotlin/descriptors/impl/ModuleAwareClassDescriptor
instanceKlass org/jetbrains/kotlin/descriptors/ClassDescriptor
instanceKlass org/jetbrains/kotlin/mpp/RegularClassSymbolMarker
instanceKlass org/jetbrains/kotlin/descriptors/ClassifierDescriptorWithTypeParameters
instanceKlass org/jetbrains/kotlin/mpp/ClassLikeSymbolMarker
instanceKlass org/jetbrains/kotlin/descriptors/Substitutable
instanceKlass org/jetbrains/kotlin/descriptors/MemberDescriptor
instanceKlass org/jetbrains/kotlin/descriptors/DeclarationDescriptorWithVisibility
instanceKlass org/jetbrains/kotlin/descriptors/PackageViewDescriptor
instanceKlass org/jetbrains/kotlin/renderer/KeywordStringsGenerated
instanceKlass org/jetbrains/kotlin/renderer/RenderingUtilsKt
instanceKlass org/jetbrains/kotlin/descriptors/ModuleDescriptor$DefaultImpls
instanceKlass org/jetbrains/kotlin/renderer/DescriptorRendererImpl$RenderDeclarationDescriptorVisitor
instanceKlass org/jetbrains/kotlin/descriptors/DeclarationDescriptorVisitor
instanceKlass org/jetbrains/kotlin/renderer/ClassifierNamePolicy$FULLY_QUALIFIED
instanceKlass org/jetbrains/kotlin/renderer/ClassifierNamePolicy$SHORT
instanceKlass org/jetbrains/kotlin/renderer/ExcludedTypeAnnotations
instanceKlass org/jetbrains/kotlin/renderer/DescriptorRenderer$ValueParametersHandler$DEFAULT
instanceKlass org/jetbrains/kotlin/renderer/DescriptorRenderer$ValueParametersHandler
instanceKlass org/jetbrains/kotlin/renderer/DescriptorRendererModifier$Companion
instanceKlass kotlin/properties/ObservableProperty
instanceKlass kotlin/properties/ReadWriteProperty
instanceKlass kotlin/properties/Delegates
instanceKlass org/jetbrains/kotlin/renderer/ClassifierNamePolicy$SOURCE_CODE_QUALIFIED
instanceKlass org/jetbrains/kotlin/renderer/ClassifierNamePolicy
instanceKlass org/jetbrains/kotlin/renderer/DescriptorRendererOptionsImpl
instanceKlass org/jetbrains/kotlin/renderer/DescriptorRendererOptions
instanceKlass org/jetbrains/kotlin/renderer/DescriptorRenderer$Companion
instanceKlass org/jetbrains/kotlin/renderer/DescriptorRenderer
instanceKlass org/jetbrains/kotlin/descriptors/SourceElement$1
instanceKlass org/jetbrains/kotlin/descriptors/SourceElement
instanceKlass org/jetbrains/kotlin/descriptors/PackageFragmentDescriptor
instanceKlass org/jetbrains/kotlin/descriptors/ClassOrPackageFragmentDescriptor
instanceKlass org/jetbrains/kotlin/builtins/jvm/JavaToKotlinClassMapper
instanceKlass org/jetbrains/kotlin/builtins/PlatformToKotlinClassMapper
instanceKlass org/jetbrains/kotlin/builtins/jvm/JvmBuiltInsCustomizer
instanceKlass org/jetbrains/kotlin/storage/StorageKt
instanceKlass org/jetbrains/kotlin/utils/CollectionsKt
instanceKlass org/jetbrains/kotlin/builtins/StandardNames$FqNames
instanceKlass org/jetbrains/kotlin/builtins/StandardNames
instanceKlass org/jetbrains/kotlin/builtins/jvm/JvmBuiltInClassDescriptorFactory$Companion
instanceKlass org/jetbrains/kotlin/builtins/jvm/JvmBuiltInClassDescriptorFactory
instanceKlass org/jetbrains/kotlin/builtins/functions/BuiltInFictitiousFunctionClassFactory
instanceKlass org/jetbrains/kotlin/descriptors/deserialization/ClassDescriptorFactory
instanceKlass org/jetbrains/kotlin/serialization/deserialization/builtins/BuiltInsResourceLoader
instanceKlass org/jetbrains/kotlin/serialization/deserialization/builtins/BuiltInsLoaderImpl
instanceKlass sun/net/www/protocol/jar/JarFileFactory
instanceKlass sun/net/www/protocol/jar/URLJarFile$URLJarFileCloseController
instanceKlass org/jetbrains/kotlin/builtins/BuiltInsLoader$Companion
instanceKlass org/jetbrains/kotlin/builtins/BuiltInsLoader
instanceKlass org/jetbrains/kotlin/cli/jvm/compiler/TopDownAnalyzerFacadeForJVM$SourceOrBinaryModuleClassResolver
instanceKlass org/jetbrains/kotlin/load/java/lazy/ModuleClassResolver
instanceKlass org/jetbrains/kotlin/modules/TargetId
instanceKlass org/jetbrains/kotlin/modules/TargetIdKt
instanceKlass org/jetbrains/kotlin/incremental/components/EnumWhenTracker$DoNothing
instanceKlass org/jetbrains/kotlin/incremental/components/EnumWhenTracker
instanceKlass org/jetbrains/kotlin/incremental/components/InlineConstTracker$DoNothing
instanceKlass org/jetbrains/kotlin/incremental/components/InlineConstTracker
instanceKlass org/jetbrains/kotlin/incremental/components/ExpectActualTracker$DoNothing
instanceKlass org/jetbrains/kotlin/incremental/components/ExpectActualTracker
instanceKlass org/jetbrains/kotlin/incremental/components/LookupTracker$DO_NOTHING
instanceKlass org/jetbrains/kotlin/incremental/components/LookupTracker
instanceKlass org/jetbrains/kotlin/builtins/KotlinBuiltIns$4
instanceKlass org/jetbrains/kotlin/context/MutableModuleContextImpl
instanceKlass org/jetbrains/kotlin/context/MutableModuleContext
instanceKlass org/jetbrains/kotlin/context/ModuleContext
instanceKlass org/jetbrains/kotlin/descriptors/impl/PackageViewDescriptorFactory$Default
instanceKlass org/jetbrains/kotlin/descriptors/ModuleCapability
instanceKlass org/jetbrains/kotlin/descriptors/impl/PackageViewDescriptorFactory$Companion
instanceKlass org/jetbrains/kotlin/descriptors/impl/PackageViewDescriptorFactory
instanceKlass org/jetbrains/kotlin/descriptors/annotations/Annotations$Companion$EMPTY$1
instanceKlass org/jetbrains/kotlin/descriptors/annotations/Annotations$Companion
instanceKlass org/jetbrains/kotlin/descriptors/annotations/Annotations
instanceKlass org/jetbrains/kotlin/descriptors/annotations/AnnotatedImpl
instanceKlass org/jetbrains/kotlin/builtins/jvm/JvmBuiltIns$WhenMappings
instanceKlass org/jetbrains/kotlin/builtins/KotlinBuiltIns$3
instanceKlass org/jetbrains/kotlin/builtins/KotlinBuiltIns$2
instanceKlass org/jetbrains/kotlin/storage/LockBasedStorageManager$LockBasedLazyValue
instanceKlass org/jetbrains/kotlin/builtins/KotlinBuiltIns$1
instanceKlass org/jetbrains/kotlin/incremental/components/LookupLocation
instanceKlass org/jetbrains/kotlin/descriptors/deserialization/PlatformDependentDeclarationFilter
instanceKlass org/jetbrains/kotlin/types/model/TypeArgumentListMarker
instanceKlass org/jetbrains/kotlin/types/model/SimpleTypeMarker
instanceKlass org/jetbrains/kotlin/types/KotlinType
instanceKlass org/jetbrains/kotlin/descriptors/ModuleDescriptor
instanceKlass org/jetbrains/kotlin/descriptors/deserialization/AdditionalClassPartsProvider
instanceKlass org/jetbrains/kotlin/descriptors/ClassifierDescriptor
instanceKlass org/jetbrains/kotlin/mpp/ClassifierSymbolMarker
instanceKlass org/jetbrains/kotlin/descriptors/DeclarationDescriptorNonRoot
instanceKlass org/jetbrains/kotlin/descriptors/DeclarationDescriptorWithSource
instanceKlass org/jetbrains/kotlin/descriptors/DeclarationDescriptor
instanceKlass org/jetbrains/kotlin/mpp/DeclarationSymbolMarker
instanceKlass org/jetbrains/kotlin/descriptors/annotations/Annotated
instanceKlass org/jetbrains/kotlin/descriptors/ValidateableDescriptor
instanceKlass org/jetbrains/kotlin/descriptors/Named
instanceKlass org/jetbrains/kotlin/builtins/KotlinBuiltIns
instanceKlass  @bci org/jetbrains/kotlin/context/ContextKt GlobalContext (Ljava/lang/String;)Lorg/jetbrains/kotlin/context/GlobalContextImpl; 23 <appendix> argL0 ; # org/jetbrains/kotlin/context/ContextKt$$Lambda+0x000000010039cd20
instanceKlass org/jetbrains/kotlin/context/SimpleGlobalContext
instanceKlass org/jetbrains/kotlin/storage/ExceptionTracker
instanceKlass org/jetbrains/kotlin/context/ProjectContextImpl
instanceKlass org/jetbrains/kotlin/context/ProjectContext
instanceKlass org/jetbrains/kotlin/context/GlobalContext
instanceKlass org/jetbrains/kotlin/context/ContextKt
instanceKlass org/jetbrains/kotlin/platform/TargetPlatform
instanceKlass org/jetbrains/kotlin/platform/TargetPlatformKt
instanceKlass org/jetbrains/kotlin/platform/TargetPlatformVersion$NoVersion
instanceKlass org/jetbrains/kotlin/platform/SimplePlatform
instanceKlass org/jetbrains/kotlin/platform/jvm/JvmPlatforms
instanceKlass org/jetbrains/kotlin/resolve/TargetEnvironment$Companion
instanceKlass org/jetbrains/kotlin/resolve/TargetEnvironment
instanceKlass  @bci org/jetbrains/kotlin/resolve/diagnostics/MutableDiagnosticsWithSuppression <init> (Lorg/jetbrains/kotlin/resolve/diagnostics/KotlinSuppressCache;Lorg/jetbrains/kotlin/resolve/diagnostics/Diagnostics;)V 43 <appendix> member <vmtarget> ; # org/jetbrains/kotlin/resolve/diagnostics/MutableDiagnosticsWithSuppression$$Lambda+0x00000001003997d0
instanceKlass org/jetbrains/kotlin/com/intellij/psi/util/CachedValueProvider$Result
instanceKlass org/jetbrains/kotlin/com/intellij/util/CachedValueBase
instanceKlass org/jetbrains/kotlin/resolve/diagnostics/DiagnosticSuppressor$Companion
instanceKlass org/jetbrains/kotlin/resolve/diagnostics/DiagnosticSuppressor
instanceKlass org/jetbrains/kotlin/util/ExtensionProvider$Companion
instanceKlass org/jetbrains/kotlin/util/MappedExtensionProvider
instanceKlass org/jetbrains/kotlin/resolve/diagnostics/KotlinSuppressCache$Companion
instanceKlass org/jetbrains/kotlin/diagnostics/AbstractKotlinSuppressCache$Companion
instanceKlass org/jetbrains/kotlin/resolve/diagnostics/Diagnostics$Companion$EMPTY$1
instanceKlass org/jetbrains/kotlin/resolve/diagnostics/Diagnostics$Companion
instanceKlass org/jetbrains/kotlin/resolve/diagnostics/MutableDiagnosticsWithSuppression
instanceKlass org/jetbrains/kotlin/resolve/diagnostics/Diagnostics
instanceKlass org/jetbrains/kotlin/diagnostics/GenericDiagnostics
instanceKlass org/jetbrains/kotlin/util/slicedMap/WritableSlice
instanceKlass org/jetbrains/kotlin/resolve/BindingTraceContext$1
instanceKlass org/jetbrains/kotlin/resolve/CleanableBindingContext
instanceKlass org/jetbrains/kotlin/util/slicedMap/SlicedMapImpl
instanceKlass org/jetbrains/kotlin/resolve/BindingTraceFilter$Companion
instanceKlass org/jetbrains/kotlin/resolve/BindingTraceFilter
instanceKlass org/jetbrains/kotlin/diagnostics/DiagnosticSink$2
instanceKlass org/jetbrains/kotlin/diagnostics/DiagnosticSink$1
instanceKlass org/jetbrains/kotlin/util/slicedMap/ReadOnlySlice
instanceKlass org/jetbrains/kotlin/util/slicedMap/MutableSlicedMap
instanceKlass org/jetbrains/kotlin/util/slicedMap/SlicedMap
instanceKlass org/jetbrains/kotlin/diagnostics/AbstractKotlinSuppressCache
instanceKlass org/jetbrains/kotlin/resolve/BindingContext
instanceKlass org/jetbrains/kotlin/resolve/BindingTraceContext
instanceKlass org/jetbrains/kotlin/resolve/BindingTrace
instanceKlass org/jetbrains/kotlin/diagnostics/DiagnosticSink
instanceKlass org/jetbrains/kotlin/com/intellij/openapi/vfs/VirtualFileWithId
instanceKlass org/jetbrains/kotlin/com/intellij/openapi/vfs/VirtualFileSet
instanceKlass org/jetbrains/kotlin/com/intellij/openapi/vfs/VirtualFileVisitor
instanceKlass org/jetbrains/kotlin/com/intellij/openapi/vfs/VfsUtilCore
instanceKlass org/jetbrains/kotlin/cli/jvm/compiler/TopDownAnalyzerFacadeForJVM
instanceKlass org/jetbrains/kotlin/psi/KtOperationExpression
instanceKlass org/jetbrains/kotlin/BlockExpressionElementType$Companion
instanceKlass org/jetbrains/kotlin/com/intellij/psi/tree/IReparseableElementTypeBase
instanceKlass org/jetbrains/kotlin/com/intellij/psi/tree/ICompositeElementType
instanceKlass org/jetbrains/kotlin/KtNodeTypes
instanceKlass org/jetbrains/kotlin/com/intellij/lang/PsiParser
instanceKlass org/jetbrains/kotlin/kdoc/lexer/KDocTokens
instanceKlass org/jetbrains/kotlin/lexer/KtTokens
instanceKlass org/jetbrains/kotlin/diagnostics/PositioningStrategy
instanceKlass org/jetbrains/kotlin/diagnostics/PositioningStrategies
instanceKlass org/jetbrains/kotlin/diagnostics/DiagnosticFactory$Companion
instanceKlass org/jetbrains/kotlin/diagnostics/DiagnosticMarker
instanceKlass org/jetbrains/kotlin/diagnostics/UnboundDiagnostic
instanceKlass org/jetbrains/kotlin/diagnostics/DiagnosticFactory
instanceKlass org/jetbrains/kotlin/cli/common/messages/AnalyzerWithCompilerReport$Companion
instanceKlass org/jetbrains/kotlin/cli/common/messages/AnalyzerWithCompilerReport
instanceKlass org/jetbrains/kotlin/analyzer/AbstractAnalyzerWithCompilerReport
instanceKlass org/jetbrains/kotlin/load/kotlin/ModuleVisibilityManager$SERVICE
instanceKlass org/jetbrains/kotlin/cli/jvm/compiler/KotlinToJVMBytecodeCompiler
instanceKlass java/lang/reflect/AnnotatedType
instanceKlass java/lang/reflect/TypeVariable
instanceKlass org/jetbrains/kotlin/com/intellij/util/BitUtil
instanceKlass org/jetbrains/kotlin/com/intellij/injected/editor/DocumentWindow
instanceKlass org/jetbrains/kotlin/com/intellij/openapi/editor/impl/FrozenDocument
instanceKlass org/jetbrains/kotlin/com/intellij/util/text/ByteArrayCharSequence
instanceKlass org/jetbrains/kotlin/com/intellij/openapi/editor/impl/DocumentImpl$1
instanceKlass java/beans/PropertyChangeListener
instanceKlass java/beans/ChangeListenerMap
instanceKlass java/beans/PropertyChangeSupport
instanceKlass org/jetbrains/kotlin/com/intellij/openapi/editor/impl/IntervalTreeImpl$IntervalTreeGuide
instanceKlass org/jetbrains/kotlin/com/intellij/util/WalkingState$TreeGuide
instanceKlass org/jetbrains/kotlin/it/unimi/dsi/fastutil/longs/LongSet
instanceKlass org/jetbrains/kotlin/it/unimi/dsi/fastutil/longs/LongCollection
instanceKlass org/jetbrains/kotlin/it/unimi/dsi/fastutil/longs/LongIterable
instanceKlass org/jetbrains/kotlin/com/intellij/openapi/editor/impl/RedBlackTree$Node
instanceKlass org/jetbrains/kotlin/com/intellij/openapi/editor/ex/PrioritizedDocumentListener$1
instanceKlass org/jetbrains/kotlin/com/intellij/openapi/editor/ex/PrioritizedDocumentListener
instanceKlass org/jetbrains/kotlin/com/intellij/openapi/editor/ex/DocumentEx$1
instanceKlass org/jetbrains/kotlin/com/intellij/openapi/fileEditor/impl/LoadTextUtil$ConvertResult
instanceKlass sun/nio/cs/ThreadLocalCoders$Cache
instanceKlass sun/nio/cs/ThreadLocalCoders
instanceKlass org/jetbrains/kotlin/com/intellij/util/keyFMap/ArrayBackedFMap
instanceKlass org/jetbrains/kotlin/com/intellij/openapi/fileEditor/impl/LoadTextUtil$DetectResult
instanceKlass org/jetbrains/kotlin/com/intellij/openapi/vfs/CharsetToolkit
instanceKlass org/jetbrains/kotlin/com/intellij/openapi/fileEditor/impl/LoadTextUtil
instanceKlass org/jetbrains/kotlin/cli/jvm/compiler/JavaLanguageLevelKt
instanceKlass org/jetbrains/kotlin/config/AppendJavaSourceRootsHandlerKeyKt
instanceKlass org/jetbrains/kotlin/cli/jvm/compiler/CliVirtualFileFinderFactory
instanceKlass org/jetbrains/kotlin/load/kotlin/VirtualFileFinderFactory
instanceKlass org/jetbrains/kotlin/load/kotlin/MetadataFinderFactory
instanceKlass org/jetbrains/kotlin/cli/jvm/modules/CliJavaModuleResolver$Companion
instanceKlass org/jetbrains/kotlin/cli/jvm/modules/CliJavaModuleResolver
instanceKlass org/jetbrains/kotlin/resolve/jvm/modules/JavaModuleResolver
instanceKlass org/jetbrains/kotlin/load/java/JavaModuleAnnotationsProvider
instanceKlass org/jetbrains/kotlin/cli/jvm/index/SingleJavaFileRootsIndex
instanceKlass org/jetbrains/kotlin/cli/jvm/index/JvmDependenciesIndexImpl
instanceKlass java/util/concurrent/locks/ReentrantReadWriteLock$WriteLock
instanceKlass java/util/concurrent/locks/ReentrantReadWriteLock$ReadLock
instanceKlass java/util/concurrent/locks/ReentrantReadWriteLock
instanceKlass java/util/concurrent/locks/ReadWriteLock
instanceKlass org/jetbrains/kotlin/cli/jvm/index/JvmDependenciesDynamicCompoundIndex
instanceKlass org/jetbrains/kotlin/cli/jvm/index/JvmDependenciesIndex
instanceKlass org/jetbrains/kotlin/cli/jvm/compiler/ClasspathRootsResolver$RootsAndModules
instanceKlass kotlin/sequences/TransformingSequence$iterator$1
instanceKlass kotlin/sequences/FilteringSequence$iterator$1
instanceKlass kotlin/jvm/internal/ArrayIterator
instanceKlass kotlin/jvm/internal/ArrayIteratorKt
instanceKlass kotlin/sequences/FlatteningSequence$iterator$1
instanceKlass kotlin/sequences/FlatteningSequence
instanceKlass kotlin/collections/ArraysKt___ArraysKt$asSequence$$inlined$Sequence$1
instanceKlass kotlin/collections/CollectionsKt___CollectionsKt$asSequence$$inlined$Sequence$1
instanceKlass kotlin/sequences/FilteringSequence
instanceKlass kotlin/sequences/TransformingSequence
instanceKlass kotlin/sequences/EmptySequence
instanceKlass kotlin/sequences/DropTakeSequence
instanceKlass org/jetbrains/kotlin/cli/jvm/index/JavaRoot$RootTypes
instanceKlass org/jetbrains/kotlin/cli/jvm/index/JavaRoot
instanceKlass  @bci org/jetbrains/kotlin/com/intellij/util/containers/FactoryMap entrySet ()Ljava/util/Set; 9 <appendix> argL0 ; # org/jetbrains/kotlin/com/intellij/util/containers/FactoryMap$$Lambda+0x000000010033b200
instanceKlass org/jetbrains/kotlin/com/intellij/util/containers/FactoryMap
instanceKlass  @bci org/jetbrains/kotlin/com/intellij/openapi/vfs/impl/jar/CoreJarHandler <init> (Lorg/jetbrains/kotlin/com/intellij/openapi/vfs/impl/jar/CoreJarFileSystem;Ljava/lang/String;)V 40 <appendix> argL0 ; # org/jetbrains/kotlin/com/intellij/openapi/vfs/impl/jar/CoreJarHandler$$Lambda+0x000000010033a230
instanceKlass org/jetbrains/kotlin/com/intellij/util/text/CharArrayExternalizable
instanceKlass org/jetbrains/kotlin/com/intellij/util/text/ImmutableCharSequence
instanceKlass org/jetbrains/kotlin/com/intellij/util/text/CharArrayUtil
instanceKlass  @bci org/jetbrains/kotlin/com/intellij/openapi/vfs/impl/ZipHandlerBase buildEntryMapForZipFile (Ljava/util/zip/ZipFile;)Ljava/util/Map; 70 <appendix> member <vmtarget> ; # org/jetbrains/kotlin/com/intellij/openapi/vfs/impl/ZipHandlerBase$$Lambda+0x0000000100339560
instanceKlass java/util/zip/ZipFile$ZipEntryIterator
instanceKlass org/jetbrains/kotlin/com/intellij/openapi/vfs/impl/ArchiveHandler$EntryInfo
instanceKlass org/jetbrains/kotlin/com/intellij/util/containers/ShareableKey
instanceKlass org/jetbrains/kotlin/com/intellij/util/containers/hash/LinkedHashMap$Entry
instanceKlass java/util/DualPivotQuicksort
instanceKlass org/jetbrains/kotlin/com/intellij/util/containers/hash/HashUtil
instanceKlass org/jetbrains/kotlin/com/intellij/util/containers/SLRUMap
instanceKlass org/jetbrains/kotlin/com/intellij/openapi/util/io/FileAttributes
instanceKlass org/jetbrains/kotlin/com/intellij/util/io/ResourceHandle
instanceKlass org/jetbrains/kotlin/com/intellij/util/io/FileAccessorCache
instanceKlass org/jetbrains/kotlin/com/intellij/util/containers/hash/EqualityPolicy
instanceKlass org/jetbrains/kotlin/com/intellij/openapi/vfs/impl/AddonlyKeylessHash$KeyValueMapper
instanceKlass org/jetbrains/kotlin/com/intellij/openapi/util/Pair
instanceKlass org/jetbrains/kotlin/cli/jvm/modules/JavaModuleGraph
instanceKlass org/jetbrains/kotlin/cli/jvm/compiler/ClasspathRootsResolver$Companion
instanceKlass org/jetbrains/kotlin/cli/jvm/compiler/ClasspathRootsResolver
instanceKlass org/jetbrains/kotlin/cli/jvm/modules/CliJavaModuleFinder
instanceKlass org/jetbrains/kotlin/resolve/jvm/modules/JavaModuleFinder
instanceKlass kotlin/comparisons/ComparisonsKt__ComparisonsKt
instanceKlass org/jetbrains/kotlin/com/intellij/openapi/util/io/FileUtil$2
instanceKlass org/jetbrains/kotlin/com/intellij/openapi/util/io/FileUtil$1
instanceKlass org/jetbrains/kotlin/com/intellij/util/text/CaseInsensitiveStringHashingStrategy
instanceKlass org/jetbrains/kotlin/com/intellij/openapi/util/io/FileUtilRt$SymlinkResolver
instanceKlass org/jetbrains/kotlin/com/intellij/util/indexing/IndexingDataKeys
instanceKlass org/jetbrains/kotlin/cli/jvm/compiler/KotlinCoreEnvironment$special$$inlined$sortBy$1
instanceKlass org/jetbrains/kotlin/psi/UserDataProperty
instanceKlass kotlin/reflect/jvm/internal/KPropertyImpl$Companion
instanceKlass kotlin/reflect/jvm/internal/KCallableImpl
instanceKlass kotlin/reflect/KMutableProperty$Setter
instanceKlass org/jetbrains/kotlin/resolve/multiplatform/IsCommonSourceKt
instanceKlass org/jetbrains/kotlin/com/intellij/psi/util/PsiUtilCore$NullPsiElement
instanceKlass org/jetbrains/kotlin/com/intellij/psi/util/PsiUtilCore
instanceKlass  @bci org/jetbrains/kotlin/com/intellij/psi/impl/source/FileTrees noStub (Lorg/jetbrains/kotlin/com/intellij/psi/impl/source/tree/FileElement;Lorg/jetbrains/kotlin/com/intellij/psi/impl/source/PsiFileImpl;)Lorg/jetbrains/kotlin/com/intellij/psi/impl/source/FileTrees; 15 <appendix> member <vmtarget> ; # org/jetbrains/kotlin/com/intellij/psi/impl/source/FileTrees$$Lambda+0x000000010032b438
instanceKlass org/jetbrains/kotlin/com/intellij/psi/impl/source/FileTrees
instanceKlass org/jetbrains/kotlin/psi/stubs/KotlinScriptStub
instanceKlass org/jetbrains/kotlin/psi/stubs/KotlinPlaceHolderWithTextStub
instanceKlass org/jetbrains/kotlin/com/intellij/psi/tree/IReparseableLeafElementType
instanceKlass org/jetbrains/kotlin/com/intellij/psi/TokenType
instanceKlass org/jetbrains/kotlin/com/intellij/psi/LiteralTextEscaper
instanceKlass org/jetbrains/kotlin/com/intellij/psi/ContributedReferenceHost
instanceKlass org/jetbrains/kotlin/psi/stubs/KotlinCollectionLiteralExpressionStub
instanceKlass org/jetbrains/kotlin/psi/stubs/KotlinClassLiteralExpressionStub
instanceKlass org/jetbrains/kotlin/psi/KtDoubleColonExpression
instanceKlass org/jetbrains/kotlin/psi/stubs/KotlinConstantExpressionStub
instanceKlass org/jetbrains/kotlin/psi/stubs/elements/KtConstantExpressionElementType$Companion
instanceKlass org/jetbrains/kotlin/psi/stubs/KotlinContextReceiverStub
instanceKlass org/jetbrains/kotlin/psi/LambdaArgument
instanceKlass org/jetbrains/kotlin/psi/stubs/KotlinContractEffectStub
instanceKlass org/jetbrains/kotlin/psi/ValueArgumentName
instanceKlass org/jetbrains/kotlin/psi/stubs/KotlinValueArgumentStub
instanceKlass org/jetbrains/kotlin/psi/ValueArgument
instanceKlass org/jetbrains/kotlin/psi/stubs/KotlinEnumEntrySuperclassReferenceExpressionStub
instanceKlass org/jetbrains/kotlin/psi/KtQualifiedExpression
instanceKlass org/jetbrains/kotlin/psi/stubs/KotlinNameReferenceExpressionStub
instanceKlass org/jetbrains/kotlin/psi/stubs/KotlinTypeProjectionStub
instanceKlass org/jetbrains/kotlin/psi/KtSimpleNameExpression
instanceKlass org/jetbrains/kotlin/psi/KtReferenceExpression
instanceKlass org/jetbrains/kotlin/psi/stubs/impl/KotlinTypeBean
instanceKlass org/jetbrains/kotlin/types/model/KotlinTypeMarker
instanceKlass org/jetbrains/kotlin/psi/stubs/KotlinUserTypeStub
instanceKlass org/jetbrains/kotlin/psi/KtTypeElement
instanceKlass org/jetbrains/kotlin/psi/stubs/KotlinModifierListStub
instanceKlass org/jetbrains/kotlin/psi/stubs/KotlinImportAliasStub
instanceKlass org/jetbrains/kotlin/psi/KtImportInfo$ImportContent
instanceKlass org/jetbrains/kotlin/psi/KtImportInfo
instanceKlass org/jetbrains/kotlin/psi/stubs/KotlinImportDirectiveStub
instanceKlass org/jetbrains/kotlin/psi/KtAnnotationsContainer
instanceKlass org/jetbrains/kotlin/psi/stubs/KotlinAnnotationUseSiteTargetStub
instanceKlass org/jetbrains/kotlin/psi/KtCallElement
instanceKlass org/jetbrains/kotlin/psi/stubs/KotlinAnnotationEntryStub
instanceKlass org/jetbrains/kotlin/psi/stubs/KotlinTypeParameterStub
instanceKlass org/jetbrains/kotlin/psi/stubs/KotlinParameterStub
instanceKlass org/jetbrains/kotlin/psi/stubs/KotlinConstructorStub
instanceKlass org/jetbrains/kotlin/psi/KtAnonymousInitializer
instanceKlass org/jetbrains/kotlin/psi/stubs/KotlinPlaceHolderStub
instanceKlass org/jetbrains/kotlin/psi/stubs/KotlinObjectStub
instanceKlass org/jetbrains/kotlin/psi/stubs/KotlinTypeAliasStub
instanceKlass org/jetbrains/kotlin/psi/stubs/KotlinBackingFieldStub
instanceKlass org/jetbrains/kotlin/psi/stubs/KotlinPropertyAccessorStub
instanceKlass org/jetbrains/kotlin/psi/KtVariableDeclaration
instanceKlass org/jetbrains/kotlin/psi/KtValVarKeywordOwner
instanceKlass org/jetbrains/kotlin/psi/stubs/KotlinPropertyStub
instanceKlass org/jetbrains/kotlin/psi/KtFunction
instanceKlass org/jetbrains/kotlin/psi/KtDeclarationWithBody
instanceKlass org/jetbrains/kotlin/psi/KtCallableDeclaration
instanceKlass org/jetbrains/kotlin/psi/KtDeclarationWithInitializer
instanceKlass org/jetbrains/kotlin/psi/stubs/KotlinFunctionStub
instanceKlass org/jetbrains/kotlin/psi/stubs/KotlinCallableStubBase
instanceKlass  @bci org/jetbrains/kotlin/psi/stubs/elements/KtStubElementType <init> (Ljava/lang/String;Ljava/lang/Class;Ljava/lang/Class;)V 125 <appendix> member <vmtarget> ; # org/jetbrains/kotlin/psi/stubs/elements/KtStubElementType$$Lambda+0x00000001002c0228
instanceKlass org/jetbrains/kotlin/com/intellij/psi/impl/source/SubstrateRef
instanceKlass org/jetbrains/kotlin/psi/stubs/KotlinClassStub
instanceKlass org/jetbrains/kotlin/psi/stubs/KotlinClassOrObjectStub
instanceKlass org/jetbrains/kotlin/psi/stubs/KotlinStubWithFqName
instanceKlass org/jetbrains/kotlin/com/intellij/psi/stubs/NamedStub
instanceKlass org/jetbrains/kotlin/psi/stubs/KotlinClassifierStub
instanceKlass org/jetbrains/kotlin/com/intellij/psi/StubBasedPsiElement
instanceKlass org/jetbrains/kotlin/psi/KtTypeParameterListOwner
instanceKlass org/jetbrains/kotlin/psi/KtPureClassOrObject
instanceKlass org/jetbrains/kotlin/psi/KtClassLikeDeclaration
instanceKlass org/jetbrains/kotlin/psi/KtNamedDeclaration
instanceKlass org/jetbrains/kotlin/psi/KtStatementExpression
instanceKlass org/jetbrains/kotlin/psi/KtNamed
instanceKlass org/jetbrains/kotlin/psi/KtDeclaration
instanceKlass org/jetbrains/kotlin/psi/KtModifierListOwner
instanceKlass org/jetbrains/kotlin/psi/KtExpression
instanceKlass org/jetbrains/kotlin/psi/stubs/elements/KtStubElementTypes
instanceKlass org/jetbrains/kotlin/psi/stubs/elements/KtTokenSets
instanceKlass org/jetbrains/kotlin/com/intellij/psi/tree/TokenSet
instanceKlass org/jetbrains/kotlin/psi/KtFile$Companion
instanceKlass  @bci java/util/Comparator comparing (Ljava/util/function/Function;)Ljava/util/Comparator; 6 <appendix> member <vmtarget> ; # java/util/Comparator$$Lambda+0x0000000100166a50
instanceKlass  @bci java/lang/invoke/BootstrapMethodInvoker invoke (Ljava/lang/Class;Ljava/lang/invoke/MethodHandle;Ljava/lang/String;Ljava/lang/Object;Ljava/lang/Object;Ljava/lang/Class;)Ljava/lang/Object; 462 <adapter> ; # java/lang/invoke/LambdaForm$MH+0x00000001002a8000
instanceKlass  @bci org/jetbrains/kotlin/com/intellij/psi/impl/source/PsiFileImpl <clinit> ()V 37 <appendix> argL0 ; # org/jetbrains/kotlin/com/intellij/psi/impl/source/PsiFileImpl$$Lambda+0x00000001002a7c10
instanceKlass org/jetbrains/kotlin/com/intellij/psi/impl/source/StubbedSpine
instanceKlass org/jetbrains/kotlin/psi/KtDeclarationContainer
instanceKlass org/jetbrains/kotlin/psi/KtAnnotated
instanceKlass org/jetbrains/kotlin/psi/KtElement
instanceKlass org/jetbrains/kotlin/psi/KtPureElement
instanceKlass org/jetbrains/kotlin/com/intellij/psi/PsiModifiableCodeBlock
instanceKlass org/jetbrains/kotlin/com/intellij/psi/PsiClassOwner
instanceKlass org/jetbrains/kotlin/com/intellij/util/keyFMap/PairElementsFMap
instanceKlass  @bci org/jetbrains/kotlin/com/intellij/util/ConcurrencyUtil cacheOrGet (Ljava/util/concurrent/atomic/AtomicReference;Ljava/lang/Object;)Ljava/lang/Object; 40 <appendix> member <vmtarget> ; # org/jetbrains/kotlin/com/intellij/util/ConcurrencyUtil$$Lambda+0x00000001002a2240
instanceKlass java/util/function/UnaryOperator
instanceKlass org/jetbrains/kotlin/com/intellij/psi/AbstractFileViewProvider$VirtualFileContent
instanceKlass org/jetbrains/kotlin/com/intellij/psi/PsiLock
instanceKlass org/jetbrains/kotlin/com/intellij/psi/PsiLargeBinaryFile
instanceKlass org/jetbrains/kotlin/com/intellij/psi/PsiLargeFile
instanceKlass org/jetbrains/kotlin/com/intellij/psi/PsiBinaryFile
instanceKlass org/jetbrains/kotlin/com/intellij/psi/AbstractFileViewProvider$Content
instanceKlass org/jetbrains/kotlin/com/intellij/util/containers/ContainerUtilRt
instanceKlass org/jetbrains/kotlin/com/intellij/model/ModelBranch
instanceKlass org/jetbrains/kotlin/com/intellij/injected/editor/VirtualFileWindow
instanceKlass kotlin/collections/AbstractIterator$WhenMappings
instanceKlass kotlin/io/FileTreeWalk$WalkState
instanceKlass kotlin/collections/AbstractIterator
instanceKlass kotlin/io/FileTreeWalk
instanceKlass  @bci org/jetbrains/kotlin/com/intellij/openapi/vfs/local/CoreLocalVirtualFile <init> (Lorg/jetbrains/kotlin/com/intellij/openapi/vfs/local/CoreLocalFileSystem;Ljava/io/File;)V 40 <appendix> member <vmtarget> ; # org/jetbrains/kotlin/com/intellij/openapi/vfs/local/CoreLocalVirtualFile$$Lambda+0x0000000100299fb8
instanceKlass kotlin/io/FilePathComponents
instanceKlass org/jetbrains/kotlin/extensions/PreprocessedFileCreator
instanceKlass  @bci org/jetbrains/kotlin/com/intellij/openapi/util/KeyedExtensionCollector buildExtensions (Ljava/lang/String;Ljava/lang/Object;)Ljava/util/List; 70 <appendix> member <vmtarget> ; # org/jetbrains/kotlin/com/intellij/openapi/util/KeyedExtensionCollector$$Lambda+0x0000000100299638
instanceKlass java/util/AbstractList$Itr
instanceKlass org/jetbrains/kotlin/com/intellij/openapi/util/KeyedExtensionCollector$MyExtensionPointListener
instanceKlass org/jetbrains/kotlin/cli/jvm/compiler/CoreEnvironmentUtilsKt
instanceKlass org/jetbrains/kotlin/resolve/lazy/declarations/DeclarationProviderFactoryService$Companion
instanceKlass org/jetbrains/kotlin/resolve/lazy/declarations/DeclarationProviderFactoryService
instanceKlass org/jetbrains/kotlin/com/intellij/diagnostic/Activity
instanceKlass org/jetbrains/kotlin/com/intellij/diagnostic/StartUpMeasurer
instanceKlass org/jetbrains/kotlin/cli/jvm/compiler/CliModuleAnnotationsResolver
instanceKlass org/jetbrains/kotlin/resolve/ModuleAnnotationsResolver
instanceKlass org/jetbrains/kotlin/resolve/jvm/KotlinJavaPsiFacade$2
instanceKlass org/jetbrains/kotlin/resolve/jvm/KotlinJavaPsiFacade$1
instanceKlass  @bci org/jetbrains/kotlin/resolve/jvm/KotlinJavaPsiFacade <init> (Lorg/jetbrains/kotlin/com/intellij/openapi/project/Project;)V 47 <appendix> member <vmtarget> ; # org/jetbrains/kotlin/resolve/jvm/KotlinJavaPsiFacade$$Lambda+0x0000000100297868
instanceKlass org/jetbrains/kotlin/com/intellij/psi/PsiModifierList
instanceKlass org/jetbrains/kotlin/resolve/jvm/NotFoundPackagesCachingStrategy$Default
instanceKlass  @bci org/jetbrains/kotlin/com/intellij/psi/PsiElement <clinit> ()V 7 <appendix> argL0 ; # org/jetbrains/kotlin/com/intellij/psi/PsiElement$$Lambda+0x0000000100292a38
instanceKlass  @bci org/jetbrains/kotlin/com/intellij/psi/impl/ElementBase <clinit> ()V 16 <appendix> argL0 ; # org/jetbrains/kotlin/com/intellij/psi/impl/ElementBase$$Lambda+0x00000001002927d0
instanceKlass  @bci org/jetbrains/kotlin/com/intellij/psi/impl/ElementBase <clinit> ()V 8 <appendix> argL0 ; # org/jetbrains/kotlin/com/intellij/psi/impl/ElementBase$$Lambda+0x0000000100292560
instanceKlass  @bci org/jetbrains/kotlin/resolve/jvm/AsmTypes getType (Ljava/lang/Class;)Lorg/jetbrains/org/objectweb/asm/Type; 14 <bsm> form vmentry <vmtarget> ; # java/lang/invoke/LambdaForm$DMH+0x0000000100294000
instanceKlass org/jetbrains/kotlin/com/intellij/psi/impl/ElementBase$ElementIconRequest
instanceKlass org/jetbrains/kotlin/load/java/structure/JavaClass
instanceKlass org/jetbrains/kotlin/load/java/structure/JavaTypeParameterListOwner
instanceKlass org/jetbrains/kotlin/load/java/structure/JavaModifierListOwner
instanceKlass org/jetbrains/kotlin/load/java/structure/JavaClassifier
instanceKlass org/jetbrains/kotlin/load/java/structure/JavaNamedElement
instanceKlass org/jetbrains/kotlin/load/java/structure/JavaAnnotationOwner
instanceKlass org/jetbrains/kotlin/load/java/structure/JavaElement
instanceKlass org/jetbrains/kotlin/resolve/jvm/KotlinJavaPsiFacade$KotlinPsiElementFinderWrapperImpl
instanceKlass org/jetbrains/kotlin/resolve/jvm/KotlinJavaPsiFacade$KotlinPsiElementFinderWrapper
instanceKlass org/jetbrains/kotlin/resolve/jvm/NotFoundPackagesCachingStrategy
instanceKlass org/jetbrains/kotlin/resolve/jvm/KotlinJavaPsiFacade
instanceKlass org/jetbrains/kotlin/load/java/structure/impl/source/JavaElementSourceFactory
instanceKlass org/jetbrains/kotlin/cli/common/CliModuleVisibilityManagerImpl
instanceKlass org/jetbrains/kotlin/load/kotlin/ModuleVisibilityManager
instanceKlass org/jetbrains/kotlin/compiler/plugin/CompilerPluginRegistrarKt
instanceKlass org/jetbrains/kotlin/compiler/plugin/CompilerPluginRegistrar$ExtensionStorage
instanceKlass org/jetbrains/kotlin/kapt3/Kapt3ComponentRegistrar$KaptComponentContributor
instanceKlass org/jetbrains/kotlin/resolve/jvm/extensions/PartialAnalysisHandlerExtension
instanceKlass org/jetbrains/kotlin/base/kapt3/KaptFlags$Companion$fromSet$1
instanceKlass org/jetbrains/kotlin/base/kapt3/KaptFlags$Companion
instanceKlass org/jetbrains/kotlin/base/kapt3/KaptOptions
instanceKlass org/jetbrains/kotlin/base/kapt3/KaptFlags
instanceKlass org/jetbrains/kotlin/kapt3/base/Kapt
instanceKlass org/jetbrains/kotlin/kapt3/util/MessageCollectorBackedKaptLogger$Companion
instanceKlass org/jetbrains/kotlin/kapt3/util/MessageCollectorBackedKaptLogger
instanceKlass org/jetbrains/kotlin/kapt3/base/util/KaptLogger
instanceKlass org/jetbrains/kotlin/cli/jvm/config/JavaSourceRoot
instanceKlass java/util/Collections$UnmodifiableCollection$1
instanceKlass org/jetbrains/kotlin/fir/extensions/FirAnalysisHandlerExtension
instanceKlass org/jetbrains/kotlin/resolve/extensions/AssignResolutionAltererExtension
instanceKlass org/jetbrains/kotlin/extensions/AnnotationBasedExtension
instanceKlass org/jetbrains/kotlin/types/DefaultTypeAttributeTranslator
instanceKlass org/jetbrains/kotlin/types/extensions/TypeAttributeTranslators
instanceKlass org/jetbrains/kotlin/extensions/TypeAttributeTranslatorExtension
instanceKlass org/jetbrains/kotlin/types/TypeAttributeTranslator
instanceKlass org/jetbrains/kotlin/fir/extensions/FirExtensionRegistrarAdapter
instanceKlass org/jetbrains/kotlin/serialization/DescriptorSerializerPlugin
instanceKlass org/jetbrains/kotlin/extensions/internal/CallResolutionInterceptorExtension
instanceKlass org/jetbrains/kotlin/extensions/internal/CandidateInterceptor
instanceKlass org/jetbrains/kotlin/extensions/internal/TypeResolutionInterceptorExtension
instanceKlass org/jetbrains/kotlin/extensions/internal/TypeResolutionInterceptor
instanceKlass org/jetbrains/kotlin/cli/common/extensions/ShellExtension
instanceKlass org/jetbrains/kotlin/cli/common/extensions/ScriptEvaluationExtension
instanceKlass org/jetbrains/kotlin/backend/common/extensions/IrGenerationExtension
instanceKlass org/jetbrains/kotlin/ir/linkage/IrDeserializer$IrLinkerExtension
instanceKlass org/jetbrains/kotlin/resolve/extensions/ExtraImportsProviderExtension
instanceKlass org/jetbrains/kotlin/extensions/ProcessSourcesBeforeCompilingExtension
instanceKlass org/jetbrains/kotlin/extensions/CollectAdditionalSourcesExtension
instanceKlass org/jetbrains/kotlin/extensions/CompilerConfigurationExtension
instanceKlass org/jetbrains/kotlin/js/translate/extensions/JsSyntheticTranslateExtension
instanceKlass org/jetbrains/kotlin/extensions/PreprocessedVirtualFileFactoryExtension
instanceKlass org/jetbrains/kotlin/extensions/DeclarationAttributeAltererExtension
instanceKlass org/jetbrains/kotlin/extensions/StorageComponentContainerContributor
instanceKlass org/jetbrains/kotlin/resolve/jvm/extensions/PackageFragmentProviderExtension
instanceKlass org/jetbrains/kotlin/resolve/jvm/extensions/AnalysisHandlerExtension
instanceKlass org/jetbrains/kotlin/resolve/extensions/AnalysisHandlerExtension
instanceKlass org/jetbrains/kotlin/codegen/extensions/ClassFileFactoryFinalizerExtension
instanceKlass org/jetbrains/kotlin/backend/jvm/extensions/ClassGeneratorExtension
instanceKlass org/jetbrains/kotlin/codegen/extensions/ClassBuilderInterceptorExtension
instanceKlass org/jetbrains/kotlin/resolve/jvm/extensions/SyntheticJavaResolveExtension
instanceKlass org/jetbrains/kotlin/resolve/extensions/SyntheticResolveExtension
instanceKlass org/jetbrains/kotlin/extensions/ProjectExtensionDescriptor
instanceKlass org/jetbrains/kotlin/codegen/extensions/ExpressionCodegenExtension
instanceKlass  @bci jdk/internal/reflect/MethodHandleIntegerFieldAccessorImpl setInt (Ljava/lang/Object;I)V 29 <adapter> ; # java/lang/invoke/LambdaForm$MH+0x0000000100280000
instanceKlass org/jetbrains/kotlin/com/intellij/openapi/util/io/FileUtilRt$2
instanceKlass java/util/Random
instanceKlass java/util/random/RandomGenerator
instanceKlass org/jetbrains/kotlin/com/intellij/openapi/util/io/FileUtilRt$RepeatableIOOperation
instanceKlass java/io/FileFilter
instanceKlass org/jetbrains/kotlin/com/intellij/openapi/util/io/FileUtilRt
instanceKlass org/jetbrains/kotlin/com/intellij/openapi/vfs/PersistentFSConstants
instanceKlass  @bci org/jetbrains/kotlin/com/intellij/lang/jvm/facade/JvmFacadeImpl <init> (Lorg/jetbrains/kotlin/com/intellij/openapi/project/Project;Lorg/jetbrains/kotlin/com/intellij/util/messages/MessageBus;)V 52 <appendix> member <vmtarget> ; # org/jetbrains/kotlin/com/intellij/lang/jvm/facade/JvmFacadeImpl$$Lambda+0x000000010027dc68
instanceKlass org/jetbrains/kotlin/com/intellij/psi/impl/source/DummyHolderFactory$DefaultFactory
instanceKlass org/jetbrains/kotlin/com/intellij/psi/impl/source/DummyHolderFactory
instanceKlass org/jetbrains/kotlin/com/intellij/psi/PsiImportHolder
instanceKlass org/jetbrains/kotlin/com/intellij/psi/impl/source/PsiFileWithStubSupport
instanceKlass org/jetbrains/kotlin/com/intellij/psi/impl/PsiFileEx
instanceKlass org/jetbrains/kotlin/com/intellij/openapi/ui/Queryable
instanceKlass org/jetbrains/kotlin/com/intellij/psi/impl/source/JavaDummyHolderFactory
instanceKlass  @bci org/jetbrains/kotlin/com/intellij/psi/impl/JavaPsiFacadeImpl <init> (Lorg/jetbrains/kotlin/com/intellij/openapi/project/Project;)V 99 <appendix> member <vmtarget> ; # org/jetbrains/kotlin/com/intellij/psi/impl/JavaPsiFacadeImpl$$Lambda+0x0000000100278258
instanceKlass  @bci org/jetbrains/kotlin/com/intellij/psi/impl/JavaPsiFacadeImpl <init> (Lorg/jetbrains/kotlin/com/intellij/openapi/project/Project;)V 62 <appendix> member <vmtarget> ; # org/jetbrains/kotlin/com/intellij/psi/impl/JavaPsiFacadeImpl$$Lambda+0x0000000100278000
instanceKlass org/jetbrains/kotlin/com/intellij/lang/jvm/facade/JvmFacadeImpl
instanceKlass org/jetbrains/kotlin/com/intellij/lang/jvm/facade/JvmFacade
instanceKlass org/jetbrains/kotlin/com/intellij/psi/impl/source/HolderFactory
instanceKlass org/jetbrains/kotlin/com/intellij/psi/PsiConstantEvaluationHelper
instanceKlass org/jetbrains/kotlin/com/intellij/psi/JavaPsiFacade
instanceKlass org/jetbrains/kotlin/cli/jvm/compiler/MockInferredAnnotationsManager$Companion
instanceKlass org/jetbrains/kotlin/com/intellij/codeInsight/InferredAnnotationsManager
instanceKlass org/jetbrains/kotlin/com/intellij/codeInsight/ExternalAnnotationsListener
instanceKlass org/jetbrains/kotlin/com/intellij/codeInsight/ExternalAnnotationsManager
instanceKlass org/jetbrains/kotlin/com/intellij/util/Processor
instanceKlass org/jetbrains/kotlin/asJava/finder/JavaElementFinder$Companion
instanceKlass org/jetbrains/kotlin/resolve/jvm/KotlinFinderMarker
instanceKlass org/jetbrains/kotlin/asJava/KotlinAsJavaSupport$Companion
instanceKlass org/jetbrains/kotlin/asJava/KotlinAsJavaSupport
instanceKlass org/jetbrains/kotlin/asJava/classes/ImplUtilsKt
instanceKlass org/jetbrains/kotlin/asJava/LightClassGenerationSupport$Companion
instanceKlass org/jetbrains/kotlin/asJava/LightClassGenerationSupport
instanceKlass org/jetbrains/kotlin/resolve/jvm/JvmCodeAnalyzerInitializer
instanceKlass org/jetbrains/kotlin/resolve/CodeAnalyzerInitializer
instanceKlass org/jetbrains/kotlin/com/intellij/psi/impl/JvmPsiConversionHelperImpl
instanceKlass org/jetbrains/kotlin/com/intellij/psi/JvmPsiConversionHelper
instanceKlass  @bci org/jetbrains/kotlin/it/unimi/dsi/fastutil/objects/ObjectOpenHashSet <clinit> ()V 10 <appendix> argL0 ; # org/jetbrains/kotlin/it/unimi/dsi/fastutil/objects/ObjectOpenHashSet$$Lambda+0x0000000100271db0
instanceKlass  @bci org/jetbrains/kotlin/it/unimi/dsi/fastutil/objects/ObjectOpenHashSet <clinit> ()V 5 <appendix> argL0 ; # org/jetbrains/kotlin/it/unimi/dsi/fastutil/objects/ObjectOpenHashSet$$Lambda+0x0000000100271b50
instanceKlass  @bci org/jetbrains/kotlin/it/unimi/dsi/fastutil/objects/ObjectOpenHashSet <clinit> ()V 0 <appendix> argL0 ; # org/jetbrains/kotlin/it/unimi/dsi/fastutil/objects/ObjectOpenHashSet$$Lambda+0x0000000100271900
instanceKlass org/jetbrains/kotlin/com/intellij/util/containers/Interner
instanceKlass org/jetbrains/kotlin/utils/PlatformUtilsKt
instanceKlass org/jetbrains/kotlin/load/java/structure/impl/classFiles/BinaryClassSignatureParser
instanceKlass org/jetbrains/kotlin/com/intellij/openapi/util/RecursionManager$2
instanceKlass org/jetbrains/kotlin/com/intellij/util/containers/SoftKeySoftValueHashMap
instanceKlass  @bci org/jetbrains/kotlin/com/intellij/psi/search/ProjectScope <clinit> ()V 54 <appendix> argL0 ; # org/jetbrains/kotlin/com/intellij/psi/search/ProjectScope$$Lambda+0x000000010026e860
instanceKlass  @bci org/jetbrains/kotlin/com/intellij/psi/search/ProjectScope <clinit> ()V 41 <appendix> argL0 ; # org/jetbrains/kotlin/com/intellij/psi/search/ProjectScope$$Lambda+0x000000010026e5e8
instanceKlass  @bci org/jetbrains/kotlin/com/intellij/psi/search/ProjectScope <clinit> ()V 28 <appendix> argL0 ; # org/jetbrains/kotlin/com/intellij/psi/search/ProjectScope$$Lambda+0x000000010026e370
instanceKlass  @bci org/jetbrains/kotlin/com/intellij/psi/search/ProjectScope <clinit> ()V 15 <appendix> argL0 ; # org/jetbrains/kotlin/com/intellij/psi/search/ProjectScope$$Lambda+0x000000010026e0f8
instanceKlass  @bci org/jetbrains/kotlin/com/intellij/psi/search/ProjectScope <clinit> ()V 2 <appendix> argL0 ; # org/jetbrains/kotlin/com/intellij/psi/search/ProjectScope$$Lambda+0x000000010026dc18
instanceKlass org/jetbrains/kotlin/com/intellij/util/NotNullFunction
instanceKlass org/jetbrains/kotlin/com/intellij/util/NullableFunction
instanceKlass org/jetbrains/kotlin/com/intellij/psi/search/ProjectScope
instanceKlass gnu/trove/TObjectHash$NULL
instanceKlass gnu/trove/TObjectObjectProcedure
instanceKlass gnu/trove/THash
instanceKlass gnu/trove/TObjectHashingStrategy
instanceKlass gnu/trove/Equality
instanceKlass org/jetbrains/kotlin/cli/jvm/compiler/KotlinCliJavaFileManagerImpl$Companion
instanceKlass org/jetbrains/kotlin/com/intellij/core/CoreJavaFileManager
instanceKlass org/jetbrains/kotlin/resolve/jvm/KotlinCliJavaFileManager
instanceKlass org/jetbrains/kotlin/com/intellij/psi/controlFlow/ControlFlowFactory$1
instanceKlass  @bci org/jetbrains/kotlin/com/intellij/util/containers/ConcurrentWeakKeySoftValueHashMap <clinit> ()V 0 <appendix> argL0 ; # org/jetbrains/kotlin/com/intellij/util/containers/ConcurrentWeakKeySoftValueHashMap$$Lambda+0x000000010026b1b0
instanceKlass org/jetbrains/kotlin/com/intellij/util/containers/ConcurrentWeakKeySoftValueHashMap$HardKey
instanceKlass org/jetbrains/kotlin/com/intellij/util/containers/ConcurrentWeakKeySoftValueHashMap$KeyReference
instanceKlass org/jetbrains/kotlin/com/intellij/util/containers/ConcurrentWeakKeySoftValueHashMap
instanceKlass org/jetbrains/kotlin/com/intellij/psi/controlFlow/ControlFlow
instanceKlass org/jetbrains/kotlin/com/intellij/psi/controlFlow/ControlFlowFactory
instanceKlass org/jetbrains/kotlin/com/intellij/psi/codeStyle/SuggestedNameInfo
instanceKlass org/jetbrains/kotlin/com/intellij/psi/codeStyle/JavaCodeStyleManager
instanceKlass org/jetbrains/kotlin/com/intellij/psi/codeStyle/JavaCodeStyleSettingsFacade
instanceKlass org/jetbrains/kotlin/com/intellij/psi/impl/source/resolve/JavaResolveCache$1
instanceKlass org/jetbrains/kotlin/com/intellij/psi/impl/source/resolve/JavaResolveCache
instanceKlass org/jetbrains/kotlin/com/intellij/util/lang/JavaVersion
instanceKlass  @bci org/jetbrains/kotlin/com/intellij/AbstractBundle getLazyMessage (Ljava/lang/String;[Ljava/lang/Object;)Ljava/util/function/Supplier; 21 <appendix> member <vmtarget> ; # org/jetbrains/kotlin/com/intellij/AbstractBundle$$Lambda+0x00000001002672e0
instanceKlass org/jetbrains/kotlin/com/intellij/util/containers/ConcurrentRefValueHashMap$ValueReference
instanceKlass org/jetbrains/kotlin/com/intellij/util/containers/ConcurrentRefValueHashMap
instanceKlass sun/util/locale/LanguageTag
instanceKlass java/util/ResourceBundle$Control
instanceKlass org/jetbrains/kotlin/com/intellij/AbstractBundle
instanceKlass org/jetbrains/kotlin/com/intellij/openapi/roots/LanguageLevelProjectExtension$LanguageLevelChangeListener
instanceKlass org/jetbrains/kotlin/com/intellij/openapi/roots/LanguageLevelProjectExtension
instanceKlass  @bci org/jetbrains/kotlin/com/intellij/openapi/util/RecursionManager <clinit> ()V 8 <appendix> argL0 ; # org/jetbrains/kotlin/com/intellij/openapi/util/RecursionManager$$Lambda+0x0000000100264ff8
instanceKlass org/jetbrains/kotlin/com/intellij/openapi/util/RecursionManager$CalculationStack
instanceKlass org/jetbrains/kotlin/com/intellij/openapi/util/RecursionGuard
instanceKlass org/jetbrains/kotlin/com/intellij/openapi/util/RecursionGuard$StackStamp
instanceKlass org/jetbrains/kotlin/com/intellij/openapi/util/RecursionManager
instanceKlass org/jetbrains/kotlin/com/intellij/psi/PsiInferenceHelper
instanceKlass org/jetbrains/kotlin/com/intellij/psi/scope/processor/FilterScopeProcessor
instanceKlass org/jetbrains/kotlin/com/intellij/psi/scope/PsiScopeProcessor
instanceKlass org/jetbrains/kotlin/com/intellij/psi/scope/NameHint
instanceKlass org/jetbrains/kotlin/com/intellij/psi/scope/ElementClassHint
instanceKlass org/jetbrains/kotlin/com/intellij/psi/impl/source/resolve/PsiResolveHelperImpl
instanceKlass org/jetbrains/kotlin/com/intellij/psi/PsiResolveHelper
instanceKlass org/jetbrains/kotlin/com/intellij/psi/impl/JavaPsiImplementationHelper
instanceKlass org/jetbrains/kotlin/com/intellij/psi/impl/PsiElementFactoryImpl$1
instanceKlass  @bci org/jetbrains/kotlin/com/intellij/psi/impl/PsiElementFactoryImpl <clinit> ()V 16 <appendix> argL0 ; # org/jetbrains/kotlin/com/intellij/psi/impl/PsiElementFactoryImpl$$Lambda+0x00000001002611f8
instanceKlass  @bci org/jetbrains/kotlin/com/intellij/psi/PsiType <clinit> ()V 135 <appendix> argL0 ; # org/jetbrains/kotlin/com/intellij/psi/PsiType$$Lambda+0x0000000100260fa8
instanceKlass org/jetbrains/kotlin/com/intellij/psi/TypeAnnotationProvider$1
instanceKlass org/jetbrains/kotlin/com/intellij/psi/TypeAnnotationProvider$Static
instanceKlass org/jetbrains/kotlin/com/intellij/psi/TypeAnnotationProvider
instanceKlass  @bci org/jetbrains/kotlin/com/intellij/psi/PsiAnnotation <clinit> ()V 7 <appendix> argL0 ; # org/jetbrains/kotlin/com/intellij/psi/PsiAnnotation$$Lambda+0x0000000100260000
instanceKlass org/jetbrains/kotlin/com/intellij/psi/PsiAnnotation
instanceKlass org/jetbrains/kotlin/com/intellij/lang/jvm/types/JvmPrimitiveTypeKind
instanceKlass org/jetbrains/kotlin/com/intellij/lang/jvm/JvmAnnotation
instanceKlass  @bci org/jetbrains/kotlin/com/intellij/psi/impl/PsiJavaParserFacadeImpl <clinit> ()V 132 <appendix> argL0 ; # org/jetbrains/kotlin/com/intellij/psi/impl/PsiJavaParserFacadeImpl$$Lambda+0x000000010025e9b0
instanceKlass  @bci org/jetbrains/kotlin/com/intellij/psi/impl/PsiJavaParserFacadeImpl <clinit> ()V 124 <appendix> argL0 ; # org/jetbrains/kotlin/com/intellij/psi/impl/PsiJavaParserFacadeImpl$$Lambda+0x000000010025e760
instanceKlass  @bci org/jetbrains/kotlin/com/intellij/psi/impl/PsiJavaParserFacadeImpl <clinit> ()V 116 <appendix> argL0 ; # org/jetbrains/kotlin/com/intellij/psi/impl/PsiJavaParserFacadeImpl$$Lambda+0x000000010025e510
instanceKlass  @bci org/jetbrains/kotlin/com/intellij/psi/impl/PsiJavaParserFacadeImpl <clinit> ()V 108 <appendix> argL0 ; # org/jetbrains/kotlin/com/intellij/psi/impl/PsiJavaParserFacadeImpl$$Lambda+0x000000010025e2c0
instanceKlass  @bci org/jetbrains/kotlin/com/intellij/psi/impl/PsiJavaParserFacadeImpl <clinit> ()V 100 <appendix> argL0 ; # org/jetbrains/kotlin/com/intellij/psi/impl/PsiJavaParserFacadeImpl$$Lambda+0x000000010025e070
instanceKlass  @bci org/jetbrains/kotlin/com/intellij/psi/impl/PsiJavaParserFacadeImpl <clinit> ()V 92 <appendix> argL0 ; # org/jetbrains/kotlin/com/intellij/psi/impl/PsiJavaParserFacadeImpl$$Lambda+0x000000010025de20
instanceKlass  @bci org/jetbrains/kotlin/com/intellij/psi/impl/PsiJavaParserFacadeImpl <clinit> ()V 84 <appendix> argL0 ; # org/jetbrains/kotlin/com/intellij/psi/impl/PsiJavaParserFacadeImpl$$Lambda+0x000000010025dbd0
instanceKlass  @bci org/jetbrains/kotlin/com/intellij/psi/impl/PsiJavaParserFacadeImpl <clinit> ()V 76 <appendix> argL0 ; # org/jetbrains/kotlin/com/intellij/psi/impl/PsiJavaParserFacadeImpl$$Lambda+0x000000010025d980
instanceKlass  @bci org/jetbrains/kotlin/com/intellij/psi/impl/PsiJavaParserFacadeImpl <clinit> ()V 68 <appendix> argL0 ; # org/jetbrains/kotlin/com/intellij/psi/impl/PsiJavaParserFacadeImpl$$Lambda+0x000000010025d730
instanceKlass  @bci org/jetbrains/kotlin/com/intellij/psi/impl/PsiJavaParserFacadeImpl <clinit> ()V 60 <appendix> argL0 ; # org/jetbrains/kotlin/com/intellij/psi/impl/PsiJavaParserFacadeImpl$$Lambda+0x000000010025d4e0
instanceKlass  @bci org/jetbrains/kotlin/com/intellij/psi/impl/PsiJavaParserFacadeImpl <clinit> ()V 52 <appendix> argL0 ; # org/jetbrains/kotlin/com/intellij/psi/impl/PsiJavaParserFacadeImpl$$Lambda+0x000000010025d290
instanceKlass  @bci org/jetbrains/kotlin/com/intellij/psi/impl/PsiJavaParserFacadeImpl <clinit> ()V 44 <appendix> argL0 ; # org/jetbrains/kotlin/com/intellij/psi/impl/PsiJavaParserFacadeImpl$$Lambda+0x000000010025d040
instanceKlass  @bci org/jetbrains/kotlin/com/intellij/psi/impl/PsiJavaParserFacadeImpl <clinit> ()V 36 <appendix> argL0 ; # org/jetbrains/kotlin/com/intellij/psi/impl/PsiJavaParserFacadeImpl$$Lambda+0x000000010025cdf0
instanceKlass  @bci org/jetbrains/kotlin/com/intellij/psi/impl/PsiJavaParserFacadeImpl <clinit> ()V 28 <appendix> argL0 ; # org/jetbrains/kotlin/com/intellij/psi/impl/PsiJavaParserFacadeImpl$$Lambda+0x000000010025cba0
instanceKlass org/jetbrains/kotlin/com/intellij/lang/java/parser/JavaParserUtil$ParserWrapper
instanceKlass org/jetbrains/kotlin/com/intellij/psi/PsiImportStatementBase
instanceKlass org/jetbrains/kotlin/com/intellij/psi/PsiTypeElement
instanceKlass org/jetbrains/kotlin/com/intellij/psi/PsiReferenceExpression
instanceKlass org/jetbrains/kotlin/com/intellij/psi/PsiExpression
instanceKlass org/jetbrains/kotlin/com/intellij/psi/PsiCaseLabelElement
instanceKlass org/jetbrains/kotlin/com/intellij/psi/PsiAnnotationMemberValue
instanceKlass org/jetbrains/kotlin/com/intellij/psi/PsiJavaCodeReferenceElement
instanceKlass org/jetbrains/kotlin/com/intellij/psi/PsiQualifiedReferenceElement
instanceKlass org/jetbrains/kotlin/com/intellij/psi/PsiQualifiedReference
instanceKlass org/jetbrains/kotlin/com/intellij/psi/PsiJavaReference
instanceKlass org/jetbrains/kotlin/com/intellij/psi/PsiPolyVariantReference
instanceKlass org/jetbrains/kotlin/com/intellij/lang/jvm/types/JvmReferenceType
instanceKlass org/jetbrains/kotlin/com/intellij/lang/jvm/types/JvmPrimitiveType
instanceKlass org/jetbrains/kotlin/com/intellij/psi/PsiType
instanceKlass org/jetbrains/kotlin/com/intellij/psi/PsiAnnotationOwner
instanceKlass org/jetbrains/kotlin/com/intellij/lang/jvm/types/JvmType
instanceKlass org/jetbrains/kotlin/com/intellij/psi/impl/PsiJavaParserFacadeImpl
instanceKlass org/jetbrains/kotlin/com/intellij/psi/PsiElementFactory
instanceKlass org/jetbrains/kotlin/com/intellij/psi/PsiJavaParserFacade
instanceKlass org/jetbrains/kotlin/com/intellij/psi/JVMElementFactory
instanceKlass org/jetbrains/kotlin/com/intellij/lang/injection/InjectedLanguageManager
instanceKlass org/jetbrains/kotlin/com/intellij/mock/MockDumbUtil
instanceKlass org/jetbrains/kotlin/com/intellij/openapi/project/DumbUtil
instanceKlass org/jetbrains/kotlin/com/intellij/psi/search/impl/VirtualFileEnumeration
instanceKlass org/jetbrains/kotlin/com/intellij/psi/search/impl/VirtualFileEnumerationAware
instanceKlass org/jetbrains/kotlin/com/intellij/psi/search/SearchScope
instanceKlass org/jetbrains/kotlin/com/intellij/psi/search/ProjectAwareFileFilter
instanceKlass org/jetbrains/kotlin/com/intellij/psi/PsiDirectory
instanceKlass org/jetbrains/kotlin/com/intellij/psi/impl/file/PsiDirectoryFactory
instanceKlass org/jetbrains/kotlin/com/intellij/psi/util/CachedValue
instanceKlass org/jetbrains/kotlin/com/intellij/psi/util/ParameterizedCachedValue
instanceKlass org/jetbrains/kotlin/com/intellij/psi/impl/PsiCachedValuesFactory
instanceKlass org/jetbrains/kotlin/com/intellij/psi/util/CachedValueProvider
instanceKlass org/jetbrains/kotlin/com/intellij/psi/util/CachedValuesManager
instanceKlass org/jetbrains/kotlin/com/intellij/psi/impl/source/tree/TreeElementVisitor
instanceKlass org/jetbrains/kotlin/com/intellij/psi/PsiFileFactory
instanceKlass org/jetbrains/kotlin/com/intellij/psi/impl/PsiToDocumentSynchronizer
instanceKlass  @bci org/jetbrains/kotlin/com/intellij/openapi/editor/event/DocumentListener <clinit> ()V 7 <appendix> argL0 ; # org/jetbrains/kotlin/com/intellij/openapi/editor/event/DocumentListener$$Lambda+0x000000010024fae8
instanceKlass org/jetbrains/kotlin/com/intellij/psi/PsiRecursiveVisitor
instanceKlass org/jetbrains/kotlin/com/intellij/psi/PsiElementVisitor
instanceKlass org/jetbrains/kotlin/com/intellij/openapi/editor/event/DocumentListener
instanceKlass org/jetbrains/kotlin/com/intellij/psi/PsiDocumentManager
instanceKlass org/jetbrains/kotlin/com/intellij/core/MockDocumentCommitProcessor
instanceKlass org/jetbrains/kotlin/com/intellij/psi/impl/DocumentCommitProcessor
instanceKlass org/jetbrains/kotlin/com/intellij/psi/SmartPointerManager
instanceKlass org/jetbrains/kotlin/com/intellij/psi/impl/file/impl/FileManagerImpl$1
instanceKlass  @bci org/jetbrains/kotlin/com/intellij/psi/impl/file/impl/FileManagerImpl <init> (Lorg/jetbrains/kotlin/com/intellij/psi/impl/PsiManagerImpl;Lorg/jetbrains/kotlin/com/intellij/openapi/util/NotNullLazyValue;)V 93 <appendix> member <vmtarget> ; # org/jetbrains/kotlin/com/intellij/psi/impl/file/impl/FileManagerImpl$$Lambda+0x000000010024d328
instanceKlass  @bci org/jetbrains/kotlin/com/intellij/psi/impl/file/impl/FileManagerImpl <init> (Lorg/jetbrains/kotlin/com/intellij/psi/impl/PsiManagerImpl;Lorg/jetbrains/kotlin/com/intellij/openapi/util/NotNullLazyValue;)V 52 <appendix> argL0 ; # org/jetbrains/kotlin/com/intellij/psi/impl/file/impl/FileManagerImpl$$Lambda+0x000000010024d0d8
instanceKlass org/jetbrains/kotlin/com/intellij/openapi/util/Comparing
instanceKlass org/jetbrains/kotlin/com/intellij/openapi/fileTypes/CharsetUtil
instanceKlass org/jetbrains/kotlin/com/intellij/util/LocalTimeCounter
instanceKlass  @bci org/jetbrains/kotlin/com/intellij/openapi/extensions/impl/ExtensionPointImpl addExtensionPointListener (Lorg/jetbrains/kotlin/com/intellij/openapi/extensions/ExtensionPointListener;ZLorg/jetbrains/kotlin/com/intellij/openapi/Disposable;)V 50 <appendix> member <vmtarget> ; # org/jetbrains/kotlin/com/intellij/openapi/extensions/impl/ExtensionPointImpl$$Lambda+0x000000010024c7d8
instanceKlass org/jetbrains/kotlin/com/intellij/openapi/extensions/ExtensionPointPriorityListener
instanceKlass org/jetbrains/kotlin/com/intellij/openapi/extensions/ExtensionPointUtil$1
instanceKlass org/jetbrains/kotlin/com/intellij/openapi/extensions/ExtensionPointUtil
instanceKlass  @bci org/jetbrains/kotlin/com/intellij/openapi/vfs/DeprecatedVirtualFileSystem startEventPropagation ()V 33 <appendix> member <vmtarget> ; # org/jetbrains/kotlin/com/intellij/openapi/vfs/DeprecatedVirtualFileSystem$$Lambda+0x000000010024be78
instanceKlass org/jetbrains/kotlin/com/intellij/openapi/vfs/NonPhysicalFileSystem
instanceKlass org/jetbrains/kotlin/com/intellij/psi/impl/file/impl/FileManagerImpl
instanceKlass org/jetbrains/kotlin/com/intellij/psi/util/PsiModificationTracker$SERVICE
instanceKlass  @bci org/jetbrains/kotlin/com/intellij/openapi/util/NotNullLazyValue createValue (Lorg/jetbrains/kotlin/com/intellij/openapi/util/NotNullFactory;)Lorg/jetbrains/kotlin/com/intellij/openapi/util/NotNullLazyValue; 14 <appendix> member <vmtarget> ; # org/jetbrains/kotlin/com/intellij/openapi/util/NotNullLazyValue$$Lambda+0x0000000100249720
instanceKlass  @bci org/jetbrains/kotlin/com/intellij/psi/impl/PsiManagerImpl <init> (Lorg/jetbrains/kotlin/com/intellij/openapi/project/Project;)V 56 <appendix> member <vmtarget> ; # org/jetbrains/kotlin/com/intellij/psi/impl/PsiManagerImpl$$Lambda+0x00000001002494b0
instanceKlass org/jetbrains/kotlin/com/intellij/openapi/util/NotNullFactory
instanceKlass org/jetbrains/kotlin/com/intellij/openapi/util/Factory
instanceKlass org/jetbrains/kotlin/com/intellij/openapi/vfs/VirtualFileFilter$2
instanceKlass org/jetbrains/kotlin/com/intellij/openapi/vfs/VirtualFileFilter$1
instanceKlass org/jetbrains/kotlin/com/intellij/openapi/vfs/VirtualFileFilter
instanceKlass  @bci org/jetbrains/kotlin/com/intellij/openapi/util/LowMemoryWatcher register (Ljava/lang/Runnable;Lorg/jetbrains/kotlin/com/intellij/openapi/util/LowMemoryWatcher$LowMemoryWatcherType;Lorg/jetbrains/kotlin/com/intellij/openapi/Disposable;)V 36 <appendix> member <vmtarget> ; # org/jetbrains/kotlin/com/intellij/openapi/util/LowMemoryWatcher$$Lambda+0x0000000100248718
instanceKlass org/jetbrains/kotlin/com/intellij/openapi/util/LowMemoryWatcher
instanceKlass  @bci org/jetbrains/kotlin/com/intellij/psi/impl/source/resolve/ResolveCache <init> (Lorg/jetbrains/kotlin/com/intellij/openapi/project/Project;)V 47 <appendix> member <vmtarget> ; # org/jetbrains/kotlin/com/intellij/psi/impl/source/resolve/ResolveCache$$Lambda+0x0000000100240ca0
instanceKlass org/jetbrains/kotlin/com/intellij/psi/impl/source/resolve/ResolveCache$1
instanceKlass org/jetbrains/kotlin/com/intellij/psi/impl/AnyPsiChangeListener
instanceKlass org/jetbrains/kotlin/com/intellij/psi/impl/file/impl/FileManager
instanceKlass org/jetbrains/kotlin/com/intellij/openapi/wm/ex/ProgressIndicatorEx
instanceKlass java/util/concurrent/atomic/AtomicReferenceArray
instanceKlass org/jetbrains/kotlin/com/intellij/psi/ResolveResult
instanceKlass org/jetbrains/kotlin/com/intellij/psi/impl/source/resolve/ResolveCache$StrongValueReference
instanceKlass org/jetbrains/kotlin/com/intellij/util/containers/ConcurrentWeakKeySoftValueHashMap$ValueReference
instanceKlass org/jetbrains/kotlin/com/intellij/psi/PsiReference
instanceKlass org/jetbrains/kotlin/com/intellij/psi/impl/source/resolve/ResolveCache$AbstractResolver
instanceKlass org/jetbrains/kotlin/com/intellij/psi/impl/source/resolve/ResolveCache
instanceKlass org/jetbrains/kotlin/com/intellij/psi/impl/PsiModificationTrackerImpl$1
instanceKlass org/jetbrains/kotlin/com/intellij/openapi/project/DumbService$DumbModeListener
instanceKlass org/jetbrains/kotlin/com/intellij/openapi/project/DumbService
instanceKlass org/jetbrains/kotlin/com/intellij/psi/util/PsiModificationTracker$Listener
instanceKlass  @bci org/jetbrains/kotlin/com/intellij/util/containers/ConcurrentFactoryMap createWeakMap (Lorg/jetbrains/kotlin/com/intellij/util/Function;)Ljava/util/concurrent/ConcurrentMap; 10 <appendix> argL0 ; # org/jetbrains/kotlin/com/intellij/util/containers/ConcurrentFactoryMap$$Lambda+0x0000000100242000
instanceKlass  @bci org/jetbrains/kotlin/com/intellij/psi/impl/PsiModificationTrackerImpl <init> (Lorg/jetbrains/kotlin/com/intellij/openapi/project/Project;)V 35 <appendix> argL0 ; # org/jetbrains/kotlin/com/intellij/psi/impl/PsiModificationTrackerImpl$$Lambda+0x0000000100247bc8
instanceKlass org/jetbrains/kotlin/com/intellij/psi/impl/PsiModificationTrackerImpl
instanceKlass org/jetbrains/kotlin/com/intellij/psi/util/PsiModificationTracker
instanceKlass org/jetbrains/kotlin/com/intellij/lang/jvm/facade/JvmElementProvider
instanceKlass org/jetbrains/kotlin/com/intellij/psi/PsiElementFinder
instanceKlass org/jetbrains/kotlin/com/intellij/psi/impl/PsiTreeChangePreprocessor
instanceKlass org/jetbrains/kotlin/com/intellij/psi/impl/file/impl/JavaFileManager
instanceKlass org/jetbrains/kotlin/com/intellij/openapi/roots/PackageIndex
instanceKlass org/jetbrains/kotlin/com/intellij/psi/impl/ResolveScopeManager
instanceKlass org/jetbrains/kotlin/com/intellij/openapi/roots/FileIndexFacade
instanceKlass org/jetbrains/kotlin/com/intellij/psi/search/ProjectScopeBuilder
instanceKlass org/jetbrains/kotlin/com/intellij/util/CachedValuesFactory
instanceKlass org/jetbrains/kotlin/com/intellij/openapi/project/Project
instanceKlass org/jetbrains/kotlin/com/intellij/core/CoreProjectEnvironment
instanceKlass org/jetbrains/kotlin/cli/jvm/compiler/KotlinCoreEnvironment$Companion$getOrCreateApplicationEnvironment$1$2
instanceKlass  @bci org/jetbrains/kotlin/cli/jvm/compiler/KotlinCoreEnvironment$Companion getOrCreateApplicationEnvironment (Lorg/jetbrains/kotlin/com/intellij/openapi/Disposable;Lorg/jetbrains/kotlin/config/CompilerConfiguration;Z)Lorg/jetbrains/kotlin/cli/jvm/compiler/KotlinCoreApplicationEnvironment; 61 <appendix> argL0 ; # org/jetbrains/kotlin/cli/jvm/compiler/KotlinCoreEnvironment$Companion$$Lambda+0x000000010023eec0
instanceKlass org/jetbrains/kotlin/com/intellij/openapi/application/TransactionGuard
instanceKlass org/jetbrains/kotlin/com/intellij/psi/util/JavaClassSupers
instanceKlass org/jetbrains/kotlin/load/kotlin/KotlinBinaryClassCache$Companion
instanceKlass org/jetbrains/kotlin/load/kotlin/KotlinBinaryClassCache
instanceKlass org/jetbrains/kotlin/psi/stubs/KotlinFileStub
instanceKlass org/jetbrains/kotlin/parsing/KotlinParserDefinition$Companion
instanceKlass org/jetbrains/kotlin/parsing/KotlinParserDefinition
instanceKlass  @bci org/jetbrains/kotlin/idea/KotlinFileType <init> ()V 8 <appendix> argL0 ; # org/jetbrains/kotlin/idea/KotlinFileType$$Lambda+0x000000010023d1c0
instanceKlass sun/invoke/util/VerifyAccess$1
instanceKlass javax/swing/Icon
instanceKlass org/jetbrains/kotlin/com/intellij/util/keyFMap/OneElementFMap
instanceKlass org/jetbrains/kotlin/com/intellij/openapi/extensions/impl/ExtensionProcessingHelper
instanceKlass  @bci org/jetbrains/kotlin/com/intellij/lang/LanguageUtil matchingMetaLanguages (Lorg/jetbrains/kotlin/com/intellij/lang/Language;)Ljava/util/Collection; 94 <appendix> member <vmtarget> ; # org/jetbrains/kotlin/com/intellij/lang/LanguageUtil$$Lambda+0x000000010023c498
instanceKlass  @cpi org/jetbrains/kotlin/com/intellij/lang/LanguageUtil 281 form vmentry <vmtarget> ; # java/lang/invoke/LambdaForm$DMH+0x0000000100240000
instanceKlass org/jetbrains/kotlin/com/intellij/openapi/util/BuildNumber
instanceKlass org/jetbrains/kotlin/com/intellij/ide/plugins/PluginContentDescriptor$Companion
instanceKlass org/jetbrains/kotlin/com/intellij/ide/plugins/PluginContentDescriptor
instanceKlass org/jetbrains/kotlin/com/intellij/ide/plugins/IdeaPluginDescriptorImpl$Companion
instanceKlass org/jetbrains/kotlin/com/intellij/ide/plugins/IdeaPluginDescriptorImpl
instanceKlass org/jetbrains/kotlin/com/intellij/ide/plugins/IdeaPluginDescriptor
instanceKlass org/jetbrains/kotlin/org/codehaus/stax2/ri/typed/ValueDecoderFactory
instanceKlass org/jetbrains/kotlin/com/fasterxml/aalto/in/ByteBasedPNameTable$Bucket
instanceKlass org/jetbrains/kotlin/com/intellij/openapi/extensions/ExtensionPointDescriptor
instanceKlass org/jetbrains/kotlin/com/fasterxml/aalto/util/DataUtil
instanceKlass kotlin/_Assertions
instanceKlass org/jetbrains/kotlin/com/fasterxml/aalto/in/ElementScope
instanceKlass org/jetbrains/kotlin/com/fasterxml/aalto/in/ByteBasedPNameFactory
instanceKlass org/jetbrains/kotlin/com/intellij/ide/plugins/ModuleDependenciesDescriptor$Companion
instanceKlass org/jetbrains/kotlin/com/intellij/ide/plugins/ModuleDependenciesDescriptor
instanceKlass org/jetbrains/kotlin/com/intellij/ide/plugins/ContainerDescriptor
instanceKlass org/jetbrains/kotlin/com/intellij/ide/plugins/RawPluginDescriptor
instanceKlass org/jetbrains/kotlin/com/fasterxml/aalto/util/BufferRecycler
instanceKlass org/jetbrains/kotlin/com/fasterxml/aalto/util/NameTable
instanceKlass org/jetbrains/kotlin/com/fasterxml/aalto/util/XmlCharTypes
instanceKlass org/jetbrains/kotlin/com/fasterxml/aalto/in/AttributeCollector
instanceKlass org/jetbrains/kotlin/com/fasterxml/aalto/util/TextBuilder
instanceKlass org/jetbrains/kotlin/com/fasterxml/aalto/in/FixedNsContext
instanceKlass org/jetbrains/kotlin/com/fasterxml/aalto/in/NsBinding
instanceKlass org/jetbrains/kotlin/com/fasterxml/aalto/in/PName
instanceKlass org/jetbrains/kotlin/org/codehaus/stax2/XMLStreamLocation2
instanceKlass org/jetbrains/kotlin/org/codehaus/stax2/typed/TypedValueDecoder
instanceKlass org/jetbrains/kotlin/com/fasterxml/aalto/stax/StreamReaderImpl
instanceKlass org/jetbrains/kotlin/org/codehaus/stax2/XMLStreamReader2
instanceKlass org/jetbrains/kotlin/org/codehaus/stax2/typed/TypedXMLStreamReader
instanceKlass javax/xml/stream/XMLStreamReader
instanceKlass org/jetbrains/kotlin/org/codehaus/stax2/LocationInfo
instanceKlass org/jetbrains/kotlin/com/fasterxml/aalto/in/XmlScanner
instanceKlass javax/xml/stream/XMLStreamConstants
instanceKlass javax/xml/namespace/NamespaceContext
instanceKlass javax/xml/stream/Location
instanceKlass org/jetbrains/kotlin/com/fasterxml/aalto/in/InputBootstrapper
instanceKlass org/jetbrains/kotlin/com/fasterxml/aalto/util/UriCanonicalizer
instanceKlass org/jetbrains/kotlin/com/fasterxml/aalto/in/ReaderConfig$EncodingContext
instanceKlass org/jetbrains/kotlin/com/fasterxml/aalto/impl/CommonConfig
instanceKlass org/jetbrains/kotlin/com/intellij/openapi/util/StaxFactory
instanceKlass org/jetbrains/kotlin/com/intellij/ide/plugins/XmlReader
instanceKlass org/jetbrains/kotlin/com/intellij/ide/plugins/JavaZipFileDataLoader
instanceKlass org/jetbrains/kotlin/com/intellij/platform/util/plugins/DataLoader
instanceKlass org/jetbrains/kotlin/com/intellij/util/lang/ZipFilePool
instanceKlass org/jetbrains/kotlin/com/intellij/ide/plugins/DescriptorListLoadingContext$threadLocalXmlFactory$1
instanceKlass org/jetbrains/kotlin/com/intellij/util/PlatformUtils
instanceKlass org/jetbrains/kotlin/com/intellij/ide/plugins/PluginDescriptorLoader$createPluginLoadingResult$1
instanceKlass org/jetbrains/kotlin/com/intellij/ide/plugins/PluginManagerCore
instanceKlass org/jetbrains/kotlin/com/intellij/ide/plugins/PluginLoadingResult
instanceKlass org/jetbrains/kotlin/com/intellij/ide/plugins/DescriptorListLoadingContext
instanceKlass org/jetbrains/kotlin/com/intellij/ide/plugins/ReadModuleContext
instanceKlass org/jetbrains/kotlin/com/intellij/ide/plugins/PluginXmlPathResolver$Companion
instanceKlass org/jetbrains/kotlin/com/intellij/ide/plugins/PluginXmlPathResolver
instanceKlass org/jetbrains/kotlin/com/intellij/ide/plugins/PathResolver
instanceKlass org/jetbrains/kotlin/com/intellij/ide/plugins/PluginDescriptorLoader
instanceKlass org/jetbrains/kotlin/com/intellij/psi/JavaModuleSystem
instanceKlass org/jetbrains/kotlin/com/intellij/psi/impl/compiled/ClsCustomNavigationPolicy
instanceKlass org/jetbrains/kotlin/cli/jvm/compiler/IdeaExtensionPoints
instanceKlass org/jetbrains/kotlin/com/intellij/psi/impl/smartPointers/SmartPointerAnchorProvider
instanceKlass org/jetbrains/kotlin/com/intellij/codeInsight/runner/JavaMainMethodProvider
instanceKlass org/jetbrains/kotlin/com/intellij/openapi/util/NotNullLazyValue
instanceKlass  @bci org/jetbrains/kotlin/com/intellij/psi/augment/PsiAugmentProvider <clinit> ()V 17 <appendix> argL0 ; # org/jetbrains/kotlin/com/intellij/psi/augment/PsiAugmentProvider$$Lambda+0x000000010022e5e0
instanceKlass org/jetbrains/kotlin/com/intellij/psi/augment/PsiAugmentProvider
instanceKlass org/jetbrains/kotlin/com/intellij/psi/meta/MetaDataContributor
instanceKlass org/jetbrains/kotlin/com/intellij/psi/FileContextProvider
instanceKlass org/jetbrains/kotlin/cli/jvm/compiler/DummyJavaFileCodeStyleFacadeFactory
instanceKlass org/jetbrains/kotlin/com/intellij/psi/codeStyle/JavaFileCodeStyleFacadeFactory
instanceKlass  @bci org/jetbrains/kotlin/com/intellij/openapi/fileTypes/BinaryFileTypeDecompilers notifyDecompilerSetChange ()V 3 <appendix> argL0 ; # org/jetbrains/kotlin/com/intellij/openapi/fileTypes/BinaryFileTypeDecompilers$$Lambda+0x000000010022cba0
instanceKlass  @bci org/jetbrains/kotlin/com/intellij/openapi/fileTypes/BinaryFileTypeDecompilers <init> ()V 11 <appendix> member <vmtarget> ; # org/jetbrains/kotlin/com/intellij/openapi/fileTypes/BinaryFileTypeDecompilers$$Lambda+0x000000010022c948
instanceKlass org/jetbrains/kotlin/com/intellij/psi/FileViewProvider
instanceKlass org/jetbrains/kotlin/com/intellij/psi/compiled/ClsStubBuilder
instanceKlass org/jetbrains/kotlin/com/intellij/psi/compiled/ClassFileDecompilers$Full
instanceKlass  @bci org/jetbrains/kotlin/com/intellij/psi/compiled/ClassFileDecompilers <init> ()V 21 <appendix> argL0 ; # org/jetbrains/kotlin/com/intellij/psi/compiled/ClassFileDecompilers$$Lambda+0x000000010022bb60
instanceKlass  @bci org/jetbrains/kotlin/com/intellij/util/pico/CachingConstructorInjectionComponentAdapter getGreediestSatisfiableConstructor (Lorg/jetbrains/kotlin/org/picocontainer/ComponentAdapter;Lorg/jetbrains/kotlin/com/intellij/util/pico/DefaultPicoContainer;Ljava/lang/Class;)Ljava/lang/reflect/Constructor; 43 <appendix> argL0 ; # org/jetbrains/kotlin/com/intellij/util/pico/CachingConstructorInjectionComponentAdapter$$Lambda+0x000000010022b898
instanceKlass java/lang/Class$AnnotationData
instanceKlass org/jetbrains/kotlin/com/intellij/openapi/components/Service
instanceKlass org/jetbrains/kotlin/com/intellij/psi/compiled/ClassFileDecompilers
instanceKlass org/jetbrains/kotlin/com/intellij/psi/compiled/ClassFileDecompilers$Decompiler
instanceKlass org/jetbrains/kotlin/com/intellij/psi/util/MethodSignature
instanceKlass org/jetbrains/kotlin/com/intellij/openapi/application/QueryExecutorBase
instanceKlass org/jetbrains/kotlin/com/intellij/util/QueryExecutor
instanceKlass org/jetbrains/kotlin/com/intellij/psi/search/searches/SuperMethodsSearch$1
instanceKlass org/jetbrains/kotlin/com/intellij/openapi/extensions/SmartExtensionPoint
instanceKlass org/jetbrains/kotlin/com/intellij/util/Query
instanceKlass org/jetbrains/kotlin/com/intellij/util/QueryFactory
instanceKlass  @bci org/jetbrains/kotlin/com/intellij/openapi/util/registry/Registry doGet (Ljava/lang/String;)Lorg/jetbrains/kotlin/com/intellij/openapi/util/registry/RegistryValue; 14 <appendix> member <vmtarget> ; # org/jetbrains/kotlin/com/intellij/openapi/util/registry/Registry$$Lambda+0x00000001002284b8
instanceKlass org/jetbrains/kotlin/com/intellij/openapi/util/registry/RegistryValue
instanceKlass org/jetbrains/kotlin/com/intellij/openapi/util/registry/Registry
instanceKlass org/jetbrains/kotlin/com/intellij/lang/folding/FoldingBuilderEx
instanceKlass org/jetbrains/kotlin/com/intellij/openapi/project/PossiblyDumbAware
instanceKlass org/jetbrains/kotlin/com/intellij/openapi/project/DumbAware
instanceKlass org/jetbrains/kotlin/com/intellij/lang/folding/FoldingBuilder
instanceKlass org/jetbrains/kotlin/com/intellij/codeInsight/folding/JavaCodeFoldingSettings
instanceKlass org/jetbrains/kotlin/com/intellij/psi/PsiParameter
instanceKlass org/jetbrains/kotlin/com/intellij/lang/jvm/JvmParameter
instanceKlass org/jetbrains/kotlin/com/intellij/psi/presentation/java/VariablePresentationProvider
instanceKlass org/jetbrains/kotlin/com/intellij/psi/PsiLocalVariable
instanceKlass org/jetbrains/kotlin/com/intellij/psi/presentation/java/FieldPresentationProvider
instanceKlass org/jetbrains/kotlin/com/intellij/psi/PsiField
instanceKlass org/jetbrains/kotlin/com/intellij/psi/PsiVariable
instanceKlass org/jetbrains/kotlin/com/intellij/lang/jvm/JvmField
instanceKlass org/jetbrains/kotlin/com/intellij/psi/presentation/java/MethodPresentationProvider
instanceKlass org/jetbrains/kotlin/com/intellij/psi/PsiMethod
instanceKlass org/jetbrains/kotlin/com/intellij/psi/PsiParameterListOwner
instanceKlass org/jetbrains/kotlin/com/intellij/lang/jvm/JvmMethod
instanceKlass org/jetbrains/kotlin/com/intellij/psi/presentation/java/ClassPresentationProvider
instanceKlass org/jetbrains/kotlin/com/intellij/psi/PsiClass
instanceKlass org/jetbrains/kotlin/com/intellij/psi/PsiTypeParameterListOwner
instanceKlass org/jetbrains/kotlin/com/intellij/psi/PsiJvmMember
instanceKlass org/jetbrains/kotlin/com/intellij/psi/PsiTarget
instanceKlass org/jetbrains/kotlin/com/intellij/psi/PsiNameIdentifierOwner
instanceKlass org/jetbrains/kotlin/com/intellij/psi/PsiDocCommentOwner
instanceKlass org/jetbrains/kotlin/com/intellij/psi/PsiMember
instanceKlass org/jetbrains/kotlin/com/intellij/psi/PsiJavaDocumentedElement
instanceKlass org/jetbrains/kotlin/com/intellij/pom/PomRenameableTarget
instanceKlass org/jetbrains/kotlin/com/intellij/pom/PomNamedTarget
instanceKlass org/jetbrains/kotlin/com/intellij/pom/PomTarget
instanceKlass org/jetbrains/kotlin/com/intellij/lang/jvm/JvmClass
instanceKlass org/jetbrains/kotlin/com/intellij/lang/jvm/JvmTypeParametersOwner
instanceKlass org/jetbrains/kotlin/com/intellij/lang/jvm/JvmMember
instanceKlass org/jetbrains/kotlin/com/intellij/lang/jvm/JvmTypeDeclaration
instanceKlass org/jetbrains/kotlin/com/intellij/navigation/ItemPresentation
instanceKlass org/jetbrains/kotlin/com/intellij/psi/presentation/java/PackagePresentationProvider
instanceKlass org/jetbrains/kotlin/com/intellij/navigation/ItemPresentationProvider
instanceKlass org/jetbrains/kotlin/com/intellij/psi/PsiPackage
instanceKlass org/jetbrains/kotlin/com/intellij/psi/PsiQualifiedNamedElement
instanceKlass org/jetbrains/kotlin/com/intellij/psi/PsiJvmModifiersOwner
instanceKlass org/jetbrains/kotlin/com/intellij/psi/PsiModifierListOwner
instanceKlass org/jetbrains/kotlin/com/intellij/lang/jvm/JvmModifiersOwner
instanceKlass org/jetbrains/kotlin/com/intellij/psi/PsiDirectoryContainer
instanceKlass org/jetbrains/kotlin/com/intellij/lang/jvm/JvmPackage
instanceKlass org/jetbrains/kotlin/com/intellij/lang/jvm/JvmNamedElement
instanceKlass org/jetbrains/kotlin/com/intellij/lang/jvm/JvmAnnotatedElement
instanceKlass org/jetbrains/kotlin/com/intellij/lang/jvm/JvmElement
instanceKlass org/jetbrains/kotlin/com/intellij/openapi/projectRoots/JavaVersionService
instanceKlass org/jetbrains/kotlin/com/intellij/psi/JavaDirectoryService
instanceKlass org/jetbrains/kotlin/com/intellij/psi/PsiSubstitutor
instanceKlass org/jetbrains/kotlin/com/intellij/psi/PsiSubstitutorFactory
instanceKlass  @bci org/jetbrains/kotlin/com/intellij/openapi/util/ModificationTracker <clinit> ()V 10 <appendix> argL0 ; # org/jetbrains/kotlin/com/intellij/openapi/util/ModificationTracker$$Lambda+0x000000010021fb80
instanceKlass org/jetbrains/kotlin/com/intellij/openapi/util/ModificationTracker$1
instanceKlass org/jetbrains/kotlin/com/intellij/psi/impl/file/PsiPackageImplementationHelper
instanceKlass  @bci org/jetbrains/kotlin/com/intellij/openapi/extensions/impl/ExtensionPointImpl doRegisterExtension (Ljava/lang/Object;Lorg/jetbrains/kotlin/com/intellij/openapi/extensions/LoadingOrder;Lorg/jetbrains/kotlin/com/intellij/openapi/extensions/PluginDescriptor;Lorg/jetbrains/kotlin/com/intellij/openapi/Disposable;)V 166 <appendix> member <vmtarget> ; # org/jetbrains/kotlin/com/intellij/openapi/extensions/impl/ExtensionPointImpl$$Lambda+0x000000010021efd8
instanceKlass  @bci org/jetbrains/kotlin/com/intellij/openapi/extensions/impl/ExtensionPointImpl$ObjectComponentAdapter <init> (Ljava/lang/Object;Lorg/jetbrains/kotlin/com/intellij/openapi/extensions/PluginDescriptor;Lorg/jetbrains/kotlin/com/intellij/openapi/extensions/LoadingOrder;)V 36 <appendix> member <vmtarget> ; # org/jetbrains/kotlin/com/intellij/openapi/extensions/impl/ExtensionPointImpl$ObjectComponentAdapter$$Lambda+0x000000010021ed80
instanceKlass org/jetbrains/kotlin/com/intellij/util/graph/InboundSemiGraph
instanceKlass org/jetbrains/kotlin/com/intellij/openapi/extensions/LoadingOrder
instanceKlass org/jetbrains/kotlin/com/intellij/codeInsight/JavaContainerProvider
instanceKlass org/jetbrains/kotlin/com/intellij/codeInsight/ContainerProvider
instanceKlass org/jetbrains/kotlin/com/intellij/psi/impl/PsiExpressionEvaluator
instanceKlass org/jetbrains/kotlin/com/intellij/psi/impl/ConstantExpressionEvaluator
instanceKlass org/jetbrains/kotlin/com/intellij/psi/stubs/IndexSink
instanceKlass org/jetbrains/kotlin/com/intellij/util/diff/FlyweightCapableTreeStructure
instanceKlass org/jetbrains/kotlin/com/intellij/psi/impl/java/stubs/PsiJavaFileStub
instanceKlass org/jetbrains/kotlin/com/intellij/psi/stubs/PsiClassHolderFileStub
instanceKlass org/jetbrains/kotlin/com/intellij/psi/stubs/LightStubBuilder
instanceKlass org/jetbrains/kotlin/com/intellij/psi/stubs/PsiFileStub
instanceKlass org/jetbrains/kotlin/com/intellij/psi/stubs/StubElement
instanceKlass org/jetbrains/kotlin/com/intellij/psi/stubs/Stub
instanceKlass org/jetbrains/kotlin/com/intellij/psi/StubBuilder
instanceKlass org/jetbrains/kotlin/com/intellij/openapi/util/ClearableLazyValue
instanceKlass org/jetbrains/kotlin/com/intellij/psi/stubs/StubSerializer
instanceKlass org/jetbrains/kotlin/com/intellij/psi/stubs/ObjectStubSerializer
instanceKlass org/jetbrains/kotlin/com/intellij/lang/java/JavaParserDefinition
instanceKlass org/jetbrains/kotlin/com/intellij/psi/javadoc/PsiDocTagValue
instanceKlass org/jetbrains/kotlin/com/intellij/psi/javadoc/PsiDocToken
instanceKlass org/jetbrains/kotlin/com/intellij/psi/PsiKeyword
instanceKlass org/jetbrains/kotlin/com/intellij/psi/PsiIdentifier
instanceKlass org/jetbrains/kotlin/com/intellij/psi/PsiJavaToken
instanceKlass org/jetbrains/kotlin/com/intellij/psi/impl/compiled/ClassFileStubBuilder
instanceKlass org/jetbrains/kotlin/com/intellij/psi/stubs/BinaryFileStubBuilder$CompositeBinaryFileStubBuilder
instanceKlass org/jetbrains/kotlin/com/intellij/psi/stubs/BinaryFileStubBuilder
instanceKlass org/jetbrains/kotlin/com/intellij/psi/ClassFileViewProviderFactory
instanceKlass org/jetbrains/kotlin/com/intellij/psi/FileViewProviderFactory
instanceKlass org/jetbrains/kotlin/com/intellij/openapi/util/Condition$3
instanceKlass org/jetbrains/kotlin/com/intellij/openapi/util/Condition$2
instanceKlass org/jetbrains/kotlin/com/intellij/openapi/util/Condition$1
instanceKlass org/jetbrains/kotlin/com/intellij/openapi/util/Condition
instanceKlass org/jetbrains/kotlin/com/intellij/openapi/util/Conditions
instanceKlass  @bci org/jetbrains/kotlin/com/intellij/psi/tree/IElementType <clinit> ()V 23 <appendix> argL0 ; # org/jetbrains/kotlin/com/intellij/psi/tree/IElementType$$Lambda+0x0000000100211430
instanceKlass org/jetbrains/kotlin/com/intellij/psi/tree/IElementType$Predicate
instanceKlass  @bci org/jetbrains/kotlin/com/intellij/psi/tree/IElementType <clinit> ()V 15 <appendix> argL0 ; # org/jetbrains/kotlin/com/intellij/psi/tree/IElementType$$Lambda+0x0000000100210fb0
instanceKlass org/jetbrains/kotlin/com/intellij/lexer/Lexer
instanceKlass org/jetbrains/kotlin/com/intellij/openapi/fileTypes/PlainTextParserDefinition
instanceKlass  @bci org/jetbrains/kotlin/com/intellij/openapi/util/KeyedExtensionCollector addExplicitExtension (Ljava/lang/Object;Ljava/lang/Object;Lorg/jetbrains/kotlin/com/intellij/openapi/Disposable;)V 36 <appendix> member <vmtarget> ; # org/jetbrains/kotlin/com/intellij/openapi/util/KeyedExtensionCollector$$Lambda+0x000000010020bb38
instanceKlass  @bci org/jetbrains/kotlin/com/intellij/lang/LanguageUtil <clinit> ()V 0 <appendix> argL0 ; # org/jetbrains/kotlin/com/intellij/lang/LanguageUtil$$Lambda+0x000000010020f9a8
instanceKlass org/jetbrains/kotlin/com/intellij/lang/LanguageUtil
instanceKlass org/jetbrains/kotlin/com/intellij/psi/PsiPlainText
instanceKlass org/jetbrains/kotlin/com/intellij/lang/ASTFactory$DefaultFactoryHolder
instanceKlass org/jetbrains/kotlin/com/intellij/ide/highlighter/ArchiveFileType
instanceKlass java/util/concurrent/BlockingQueue
instanceKlass java/util/concurrent/ExecutorService
instanceKlass org/jetbrains/kotlin/com/intellij/util/ConcurrencyUtil
instanceKlass org/jetbrains/kotlin/com/intellij/openapi/fileTypes/LanguageFileType
instanceKlass org/jetbrains/kotlin/com/intellij/ide/highlighter/JavaClassFileType
instanceKlass org/jetbrains/kotlin/com/intellij/DynamicBundle$LanguageBundleEP
instanceKlass org/jetbrains/kotlin/com/intellij/util/pico/CachingConstructorInjectionComponentAdapter
instanceKlass org/jetbrains/kotlin/com/intellij/openapi/application/ApplicationInfo
instanceKlass org/jetbrains/kotlin/com/intellij/util/graph/GraphAlgorithms
instanceKlass  @bci org/jetbrains/kotlin/com/intellij/util/messages/impl/MessageBusImpl syncPublisher (Lorg/jetbrains/kotlin/com/intellij/util/messages/Topic;)Ljava/lang/Object; 52 <appendix> member <vmtarget> ; # org/jetbrains/kotlin/com/intellij/util/messages/impl/MessageBusImpl$$Lambda+0x0000000100202d50
instanceKlass org/jetbrains/kotlin/com/intellij/openapi/command/impl/CoreCommandProcessor$1
instanceKlass org/jetbrains/kotlin/com/intellij/openapi/command/CommandListener
instanceKlass org/jetbrains/kotlin/com/intellij/openapi/command/CommandToken
instanceKlass org/jetbrains/kotlin/com/intellij/openapi/command/CommandProcessor
instanceKlass org/jetbrains/kotlin/com/intellij/codeInsight/folding/CodeFoldingSettings
instanceKlass org/jetbrains/kotlin/com/intellij/util/ObjectUtils$Sentinel
instanceKlass org/jetbrains/kotlin/com/intellij/util/ObjectUtilsRt
# instanceKlass java/lang/invoke/LambdaForm$MH+0x000000010020a800
# instanceKlass java/lang/invoke/LambdaForm$BMH+0x000000010020a400
# instanceKlass java/lang/invoke/LambdaForm$DMH+0x000000010020a000
# instanceKlass java/lang/invoke/LambdaForm$DMH+0x0000000100209c00
# instanceKlass java/lang/invoke/LambdaForm$MH+0x0000000100209800
# instanceKlass java/lang/invoke/LambdaForm$BMH+0x0000000100209400
# instanceKlass java/lang/invoke/LambdaForm$DMH+0x0000000100209000
# instanceKlass java/lang/invoke/LambdaForm$DMH+0x0000000100208c00
# instanceKlass java/lang/invoke/LambdaForm$MH+0x0000000100208800
# instanceKlass java/lang/invoke/LambdaForm$BMH+0x0000000100208400
# instanceKlass java/lang/invoke/LambdaForm$DMH+0x0000000100208000
# instanceKlass java/lang/invoke/LambdaForm$DMH+0x0000000100207c00
# instanceKlass java/lang/invoke/LambdaForm$MH+0x0000000100207800
# instanceKlass java/lang/invoke/LambdaForm$BMH+0x0000000100207400
# instanceKlass java/lang/invoke/LambdaForm$DMH+0x0000000100207000
# instanceKlass java/lang/invoke/LambdaForm$DMH+0x0000000100206c00
# instanceKlass java/lang/invoke/LambdaForm$MH+0x0000000100206800
# instanceKlass java/lang/invoke/LambdaForm$DMH+0x0000000100206400
# instanceKlass java/lang/invoke/LambdaForm$MH+0x0000000100206000
# instanceKlass java/lang/invoke/LambdaForm$BMH+0x0000000100205c00
# instanceKlass java/lang/invoke/LambdaForm$DMH+0x0000000100205800
# instanceKlass java/lang/invoke/LambdaForm$DMH+0x0000000100205400
# instanceKlass java/lang/invoke/LambdaForm$MH+0x0000000100205000
instanceKlass  @bci org/jetbrains/kotlin/com/intellij/util/containers/ConcurrentLongObjectHashMap <clinit> ()V 164 <adapter> ; # java/lang/invoke/LambdaForm$MH+0x0000000100204c00
# instanceKlass java/lang/invoke/LambdaForm$DMH+0x0000000100204800
# instanceKlass java/lang/invoke/LambdaForm$MH+0x0000000100204400
instanceKlass  @bci org/jetbrains/kotlin/com/intellij/util/containers/ConcurrentLongObjectHashMap <clinit> ()V 66 <adapter> ; # java/lang/invoke/LambdaForm$MH+0x0000000100204000
instanceKlass org/jetbrains/kotlin/com/intellij/util/containers/ConcurrentIntObjectHashMap$CounterCell
instanceKlass org/jetbrains/kotlin/com/intellij/util/containers/ConcurrentLongObjectHashMap$Node
instanceKlass org/jetbrains/kotlin/com/intellij/util/containers/ConcurrentLongObjectMap$LongEntry
instanceKlass org/jetbrains/kotlin/com/intellij/util/containers/ConcurrentLongObjectHashMap
instanceKlass java/util/concurrent/Future
instanceKlass org/jetbrains/kotlin/com/intellij/openapi/progress/PerformInBackgroundOption
instanceKlass org/jetbrains/kotlin/com/intellij/openapi/progress/ProgressIndicator
instanceKlass org/jetbrains/kotlin/com/intellij/openapi/progress/Task
instanceKlass org/jetbrains/kotlin/com/intellij/openapi/progress/TaskInfo
instanceKlass org/jetbrains/kotlin/com/intellij/openapi/progress/Progressive
instanceKlass org/jetbrains/kotlin/com/intellij/psi/PsiReferenceService
instanceKlass org/jetbrains/kotlin/com/intellij/psi/stubs/ObjectStubTree
instanceKlass org/jetbrains/kotlin/com/intellij/psi/PsiFile
instanceKlass org/jetbrains/kotlin/com/intellij/psi/PsiFileSystemItem
instanceKlass org/jetbrains/kotlin/com/intellij/psi/PsiCheckedRenameElement
instanceKlass org/jetbrains/kotlin/com/intellij/psi/PsiNamedElement
instanceKlass org/jetbrains/kotlin/com/intellij/psi/NavigatablePsiElement
instanceKlass org/jetbrains/kotlin/com/intellij/psi/stubs/StubTreeLoader
instanceKlass org/jetbrains/kotlin/com/intellij/psi/PsiReferenceProviderBean
instanceKlass org/jetbrains/kotlin/com/intellij/psi/PsiReferenceContributor
instanceKlass org/jetbrains/kotlin/it/unimi/dsi/fastutil/doubles/Double2ObjectMap
instanceKlass org/jetbrains/kotlin/it/unimi/dsi/fastutil/doubles/Double2ObjectFunction
instanceKlass java/util/function/DoubleFunction
instanceKlass org/jetbrains/kotlin/com/intellij/psi/PsiReferenceRegistrar
instanceKlass org/jetbrains/kotlin/com/intellij/psi/PsiReferenceProvider
instanceKlass org/jetbrains/kotlin/com/intellij/psi/impl/source/resolve/reference/ReferenceProvidersRegistry
instanceKlass org/jetbrains/kotlin/com/intellij/lang/PsiBuilder
instanceKlass org/jetbrains/kotlin/com/intellij/openapi/util/UserDataHolderUnprotected
instanceKlass org/jetbrains/kotlin/com/intellij/lang/SyntaxTreeBuilder
instanceKlass org/jetbrains/kotlin/com/intellij/lang/PsiBuilderFactory
instanceKlass  @bci org/jetbrains/kotlin/com/intellij/util/ReflectionUtil findAssignableField (Ljava/lang/Class;Ljava/lang/Class;Ljava/lang/String;)Ljava/lang/reflect/Field; 21 <appendix> member <vmtarget> ; # org/jetbrains/kotlin/com/intellij/util/ReflectionUtil$$Lambda+0x00000001001f8238
instanceKlass org/jetbrains/kotlin/com/intellij/util/ReflectionUtil
instanceKlass org/jetbrains/kotlin/com/intellij/psi/CommonClassNames
instanceKlass org/jetbrains/kotlin/com/intellij/util/text/CharArrayCharSequence
instanceKlass org/jetbrains/kotlin/com/intellij/util/text/CharSequenceBackedByArray
instanceKlass org/jetbrains/kotlin/com/intellij/openapi/util/text/CharSequenceWithStringHash
instanceKlass org/jetbrains/kotlin/com/intellij/openapi/util/text/Strings
instanceKlass  @bci java/util/regex/Pattern Range (II)Ljava/util/regex/Pattern$CharPredicate; 23 <appendix> member <vmtarget> ; # java/util/regex/Pattern$$Lambda+0x000000010015e6c0
instanceKlass  @bci org/jetbrains/kotlin/com/intellij/openapi/util/text/StringUtil <clinit> ()V 32 <appendix> argL0 ; # org/jetbrains/kotlin/com/intellij/openapi/util/text/StringUtil$$Lambda+0x00000001001f7110
instanceKlass  @bci org/jetbrains/kotlin/com/intellij/openapi/util/text/StringUtil <clinit> ()V 24 <appendix> argL0 ; # org/jetbrains/kotlin/com/intellij/openapi/util/text/StringUtil$$Lambda+0x00000001001f6ea0
instanceKlass  @bci org/jetbrains/kotlin/com/intellij/openapi/util/text/StringUtil <clinit> ()V 16 <appendix> argL0 ; # org/jetbrains/kotlin/com/intellij/openapi/util/text/StringUtil$$Lambda+0x00000001001f6c30
instanceKlass org/jetbrains/kotlin/com/intellij/openapi/util/text/StringUtilRt
instanceKlass org/jetbrains/kotlin/com/intellij/psi/impl/source/CharTableImpl
instanceKlass org/jetbrains/kotlin/com/intellij/psi/PsiLanguageInjectionHost
instanceKlass org/jetbrains/kotlin/com/intellij/psi/PsiComment
instanceKlass org/jetbrains/kotlin/com/intellij/model/psi/UrlReferenceHost
instanceKlass org/jetbrains/kotlin/com/intellij/model/psi/PsiExternalReferenceHost
instanceKlass org/jetbrains/kotlin/com/intellij/navigation/NavigationItem
instanceKlass org/jetbrains/kotlin/com/intellij/pom/Navigatable
instanceKlass org/jetbrains/kotlin/com/intellij/psi/PsiWhiteSpace
instanceKlass org/jetbrains/kotlin/com/intellij/psi/PsiElement
instanceKlass org/jetbrains/kotlin/com/intellij/psi/tree/ILazyParseableElementTypeBase
instanceKlass org/jetbrains/kotlin/com/intellij/psi/tree/IElementType
instanceKlass org/jetbrains/kotlin/com/intellij/lang/FileASTNode
instanceKlass org/jetbrains/kotlin/com/intellij/openapi/util/Iconable
instanceKlass org/jetbrains/kotlin/com/intellij/psi/impl/ReparseableASTNode
instanceKlass org/jetbrains/kotlin/com/intellij/lang/ASTNode
instanceKlass org/jetbrains/kotlin/com/intellij/util/CharTable
instanceKlass org/jetbrains/kotlin/com/intellij/lang/ASTFactory
instanceKlass org/jetbrains/kotlin/com/intellij/lang/DefaultASTFactory
instanceKlass org/jetbrains/kotlin/com/intellij/openapi/vfs/encoding/EncodingRegistry
instanceKlass java/util/Collections$UnmodifiableMap$UnmodifiableEntrySet$UnmodifiableEntry
instanceKlass java/util/Collections$UnmodifiableMap$UnmodifiableEntrySet$1
instanceKlass org/jetbrains/kotlin/com/intellij/serviceContainer/LazyExtensionInstance
instanceKlass org/jetbrains/kotlin/com/intellij/openapi/extensions/PluginAware
instanceKlass org/jetbrains/kotlin/com/intellij/util/KeyedLazyInstance
instanceKlass org/jetbrains/kotlin/com/intellij/openapi/vfs/impl/BulkVirtualFileListenerAdapter
instanceKlass org/jetbrains/kotlin/com/intellij/util/messages/impl/BaseBusConnection
instanceKlass org/jetbrains/kotlin/com/intellij/util/messages/impl/MessageBusImpl$MessageHandlerHolder
instanceKlass  @bci org/jetbrains/kotlin/com/intellij/util/EventDispatcher createMulticaster (Ljava/lang/Class;Ljava/util/Map;Ljava/util/function/Supplier;)Ljava/lang/Object; 45 <appendix> member <vmtarget> ; # org/jetbrains/kotlin/com/intellij/util/EventDispatcher$$Lambda+0x00000001001e9828
instanceKlass  @bci org/jetbrains/kotlin/com/intellij/util/EventDispatcher getMulticaster ()Ljava/util/EventListener; 19 <appendix> member <vmtarget> ; # org/jetbrains/kotlin/com/intellij/util/EventDispatcher$$Lambda+0x00000001001e95d0
instanceKlass org/jetbrains/kotlin/com/intellij/openapi/vfs/newvfs/CachingVirtualFileSystem
instanceKlass  @bci org/jetbrains/kotlin/com/intellij/openapi/util/KeyedExtensionCollector addExplicitExtension (Ljava/lang/Object;Ljava/lang/Object;)V 57 <appendix> argL0 ; # org/jetbrains/kotlin/com/intellij/openapi/util/KeyedExtensionCollector$$Lambda+0x00000001001e9130
instanceKlass java/util/concurrent/atomic/AtomicLongFieldUpdater$CASUpdater$1
instanceKlass java/util/concurrent/atomic/AtomicLongFieldUpdater
instanceKlass  @bci org/jetbrains/kotlin/com/intellij/openapi/vfs/VirtualFileManager <clinit> ()V 15 <appendix> argL0 ; # org/jetbrains/kotlin/com/intellij/openapi/vfs/VirtualFileManager$$Lambda+0x00000001001e8ee0
instanceKlass  @cpi org/jetbrains/kotlin/com/intellij/openapi/vfs/VirtualFileManager 127 form vmentry <vmtarget> ; # java/lang/invoke/LambdaForm$DMH+0x00000001001ec400
# instanceKlass java/lang/invoke/LambdaForm$DMH+0x00000001001ec000
instanceKlass org/jetbrains/kotlin/com/intellij/openapi/vfs/newvfs/BulkFileListener
instanceKlass org/jetbrains/kotlin/com/intellij/util/messages/Topic
instanceKlass org/jetbrains/kotlin/com/intellij/openapi/vfs/VirtualFileManager
instanceKlass org/jetbrains/kotlin/com/intellij/openapi/util/EmptyRunnable
instanceKlass  @bci org/jetbrains/kotlin/com/intellij/openapi/extensions/impl/ExtensionPointImpl <clinit> ()V 24 <appendix> argL0 ; # org/jetbrains/kotlin/com/intellij/openapi/extensions/impl/ExtensionPointImpl$$Lambda+0x00000001001e76f0
instanceKlass org/jetbrains/kotlin/com/intellij/openapi/extensions/ExtensionPointAdapter
instanceKlass org/jetbrains/kotlin/com/intellij/openapi/extensions/ExtensionPointAndAreaListener
instanceKlass org/jetbrains/kotlin/com/intellij/openapi/extensions/impl/ExtensionComponentAdapter
instanceKlass org/jetbrains/kotlin/com/intellij/openapi/extensions/LoadingOrder$Orderable
instanceKlass org/jetbrains/kotlin/com/intellij/openapi/extensions/ExtensionPointListener
instanceKlass  @bci org/jetbrains/kotlin/com/intellij/openapi/extensions/PluginId getId (Ljava/lang/String;)Lorg/jetbrains/kotlin/com/intellij/openapi/extensions/PluginId; 12 <appendix> argL0 ; # org/jetbrains/kotlin/com/intellij/openapi/extensions/PluginId$$Lambda+0x00000001001e5ce0
instanceKlass org/jetbrains/kotlin/com/intellij/openapi/extensions/PluginId
instanceKlass org/jetbrains/kotlin/com/intellij/openapi/extensions/DefaultPluginDescriptor
instanceKlass org/jetbrains/kotlin/com/intellij/openapi/vfs/VirtualFileManagerListener
instanceKlass  @bci org/jetbrains/kotlin/com/intellij/core/CoreApplicationEnvironment <init> (Lorg/jetbrains/kotlin/com/intellij/openapi/Disposable;Z)V 98 <appendix> argL0 ; # org/jetbrains/kotlin/com/intellij/core/CoreApplicationEnvironment$$Lambda+0x00000001001e4c98
instanceKlass java/util/EventObject
instanceKlass org/jetbrains/kotlin/com/intellij/openapi/editor/ex/DocumentEx
instanceKlass org/jetbrains/kotlin/com/intellij/openapi/editor/Document
instanceKlass org/jetbrains/kotlin/com/intellij/openapi/fileEditor/FileDocumentManager
instanceKlass  @bci org/jetbrains/kotlin/cli/jvm/modules/CoreJrtFileSystem <init> ()V 16 <appendix> member <vmtarget> ; # org/jetbrains/kotlin/cli/jvm/modules/CoreJrtFileSystem$$Lambda+0x00000001001e3240
instanceKlass  @bci org/jetbrains/kotlin/cli/jvm/modules/CoreJrtFileSystem <clinit> ()V 17 <appendix> member <vmtarget> ; # org/jetbrains/kotlin/cli/jvm/modules/CoreJrtFileSystem$$Lambda+0x00000001001e28a8
instanceKlass org/jetbrains/kotlin/cli/jvm/modules/CoreJrtFileSystem$Companion
instanceKlass org/jetbrains/kotlin/com/intellij/util/containers/ConcurrentFactoryMap
instanceKlass  @bci org/jetbrains/kotlin/com/intellij/openapi/vfs/impl/jar/CoreJarFileSystem <init> ()V 6 <appendix> member <vmtarget> ; # org/jetbrains/kotlin/com/intellij/openapi/vfs/impl/jar/CoreJarFileSystem$$Lambda+0x00000001001e1540
instanceKlass org/jetbrains/kotlin/com/intellij/openapi/vfs/impl/ArchiveHandler
instanceKlass org/jetbrains/kotlin/com/intellij/util/Function
instanceKlass org/jetbrains/kotlin/com/intellij/util/EventDispatcher
instanceKlass org/jetbrains/kotlin/com/intellij/openapi/vfs/VirtualFileListener
instanceKlass org/jetbrains/kotlin/com/intellij/openapi/extensions/BaseExtensionPointName
instanceKlass java/util/EventListener
instanceKlass  @bci org/jetbrains/kotlin/com/intellij/openapi/fileTypes/FileTypeRegistry setInstanceSupplier (Ljava/util/function/Supplier;)V 14 <appendix> member <vmtarget> ; # org/jetbrains/kotlin/com/intellij/openapi/fileTypes/FileTypeRegistry$$Lambda+0x00000001001de5d8
instanceKlass org/jetbrains/kotlin/com/intellij/openapi/application/CachedSingletonsRegistry
instanceKlass  @bci org/jetbrains/kotlin/com/intellij/util/ArrayUtil <clinit> ()V 95 <appendix> argL0 ; # org/jetbrains/kotlin/com/intellij/util/ArrayUtil$$Lambda+0x00000001001de150
instanceKlass  @bci org/jetbrains/kotlin/com/intellij/util/ArrayUtil <clinit> ()V 87 <appendix> argL0 ; # org/jetbrains/kotlin/com/intellij/util/ArrayUtil$$Lambda+0x00000001001ddf00
instanceKlass org/jetbrains/kotlin/com/intellij/util/ArrayUtil
instanceKlass  @bci org/jetbrains/kotlin/com/intellij/util/SmartList resizeIfNecessary (I)[Ljava/lang/Object; 32 <appendix> argL0 ; # org/jetbrains/kotlin/com/intellij/util/SmartList$$Lambda+0x00000001001dda78
instanceKlass org/jetbrains/kotlin/com/intellij/util/ArrayFactory
instanceKlass  @bci org/jetbrains/kotlin/com/intellij/openapi/application/ApplicationManager setApplication (Lorg/jetbrains/kotlin/com/intellij/openapi/application/Application;Ljava/util/function/Supplier;Lorg/jetbrains/kotlin/com/intellij/openapi/Disposable;)V 37 <appendix> member <vmtarget> ; # org/jetbrains/kotlin/com/intellij/openapi/application/ApplicationManager$$Lambda+0x00000001001dd5f0
instanceKlass  @bci org/jetbrains/kotlin/com/intellij/core/CoreApplicationEnvironment <init> (Lorg/jetbrains/kotlin/com/intellij/openapi/Disposable;Z)V 54 <appendix> member <vmtarget> ; # org/jetbrains/kotlin/com/intellij/core/CoreApplicationEnvironment$$Lambda+0x00000001001dd398
instanceKlass  @bci org/jetbrains/kotlin/com/intellij/openapi/extensions/Extensions setRootArea (Lorg/jetbrains/kotlin/com/intellij/openapi/extensions/impl/ExtensionsAreaImpl;Lorg/jetbrains/kotlin/com/intellij/openapi/Disposable;)V 26 <appendix> member <vmtarget> ; # org/jetbrains/kotlin/com/intellij/openapi/extensions/Extensions$$Lambda+0x00000001001dd140
instanceKlass org/jetbrains/kotlin/com/intellij/openapi/extensions/Extensions
instanceKlass org/jetbrains/kotlin/com/intellij/openapi/util/ObjectNode
instanceKlass org/jetbrains/kotlin/com/intellij/openapi/util/Disposer$CheckedDisposableImpl
instanceKlass org/jetbrains/kotlin/com/intellij/openapi/util/CheckedDisposable
instanceKlass org/jetbrains/kotlin/com/intellij/openapi/extensions/impl/ImplementationClassResolver
instanceKlass org/jetbrains/kotlin/com/intellij/openapi/extensions/impl/ExtensionPointImpl
instanceKlass org/jetbrains/kotlin/com/intellij/openapi/extensions/ExtensionPoint
instanceKlass org/jetbrains/kotlin/com/intellij/openapi/extensions/impl/ExtensionsAreaImpl
instanceKlass org/jetbrains/kotlin/com/intellij/util/pico/DefaultPicoContainer$InstanceComponentAdapter
instanceKlass org/jetbrains/kotlin/com/intellij/util/pico/DefaultPicoContainer$LinkedHashSetWrapper
instanceKlass org/jetbrains/kotlin/org/picocontainer/ComponentAdapter
instanceKlass  @bci org/jetbrains/kotlin/com/intellij/util/messages/impl/MessageBusImpl$RootBus <init> (Lorg/jetbrains/kotlin/com/intellij/util/messages/MessageBusOwner;)V 36 <appendix> argL0 ; # org/jetbrains/kotlin/com/intellij/util/messages/impl/MessageBusImpl$RootBus$$Lambda+0x00000001001d9ed0
instanceKlass org/jetbrains/kotlin/com/intellij/util/ArrayUtilRt
instanceKlass java/util/concurrent/ConcurrentLinkedQueue$Node
instanceKlass  @bci org/jetbrains/kotlin/com/intellij/util/messages/impl/MessageBusImpl <init> (Lorg/jetbrains/kotlin/com/intellij/util/messages/MessageBusOwner;)V 13 <appendix> argL0 ; # org/jetbrains/kotlin/com/intellij/util/messages/impl/MessageBusImpl$$Lambda+0x00000001001d9410
instanceKlass org/jetbrains/kotlin/com/intellij/util/messages/impl/MessageQueue
instanceKlass java/util/concurrent/Executor
instanceKlass org/jetbrains/kotlin/com/intellij/util/messages/impl/MessageBusImpl$MessagePublisher
instanceKlass org/jetbrains/kotlin/com/intellij/util/messages/MessageBusConnection
instanceKlass org/jetbrains/kotlin/com/intellij/util/messages/SimpleMessageBusConnection
instanceKlass org/jetbrains/kotlin/com/intellij/util/messages/impl/MessageBusImpl
instanceKlass org/jetbrains/kotlin/com/intellij/util/messages/impl/MessageBusEx
instanceKlass org/jetbrains/kotlin/com/intellij/util/messages/MessageBusFactory
instanceKlass org/jetbrains/kotlin/com/intellij/util/keyFMap/DebugFMap
instanceKlass org/jetbrains/kotlin/com/intellij/util/keyFMap/EmptyFMap
instanceKlass org/jetbrains/kotlin/com/intellij/util/keyFMap/KeyFMap
instanceKlass org/jetbrains/kotlin/com/intellij/openapi/application/ModalityState
instanceKlass org/jetbrains/kotlin/com/intellij/openapi/extensions/ExtensionsArea
instanceKlass org/jetbrains/kotlin/com/intellij/util/pico/DefaultPicoContainer
instanceKlass org/jetbrains/kotlin/org/picocontainer/MutablePicoContainer
instanceKlass org/jetbrains/kotlin/org/picocontainer/PicoContainer
instanceKlass org/jetbrains/kotlin/com/intellij/util/messages/MessageBus
instanceKlass org/jetbrains/kotlin/com/intellij/openapi/fileTypes/UnknownFileType
instanceKlass org/jetbrains/kotlin/com/intellij/util/containers/FastUtilCaseInsensitiveStringHashingStrategy
instanceKlass org/jetbrains/kotlin/com/intellij/util/containers/FastUtilHashingStrategies$1
instanceKlass org/jetbrains/kotlin/com/intellij/util/containers/FastUtilHashingStrategies$SerializableHashStrategy
instanceKlass org/jetbrains/kotlin/com/intellij/util/containers/FastUtilCharSequenceHashingStrategy
instanceKlass org/jetbrains/kotlin/com/intellij/util/containers/FastUtilHashingStrategies
instanceKlass org/jetbrains/kotlin/com/intellij/openapi/util/SystemInfoRt
instanceKlass  @bci org/jetbrains/kotlin/com/intellij/openapi/fileTypes/FileTypeRegistry <clinit> ()V 0 <appendix> argL0 ; # org/jetbrains/kotlin/com/intellij/openapi/fileTypes/FileTypeRegistry$$Lambda+0x00000001001d3e58
instanceKlass org/jetbrains/kotlin/com/intellij/openapi/util/Getter
instanceKlass org/jetbrains/kotlin/com/intellij/ide/plugins/DisabledPluginsState
instanceKlass org/jetbrains/kotlin/cli/jvm/compiler/KotlinCoreApplicationEnvironment$Companion
instanceKlass org/jetbrains/kotlin/com/intellij/lang/ParserDefinition
instanceKlass org/jetbrains/kotlin/com/intellij/openapi/fileTypes/FileType
instanceKlass org/jetbrains/kotlin/com/intellij/openapi/util/UserDataHolderEx
instanceKlass org/jetbrains/kotlin/com/intellij/util/messages/MessageBusOwner
instanceKlass org/jetbrains/kotlin/com/intellij/openapi/application/ex/ApplicationEx
instanceKlass org/jetbrains/kotlin/com/intellij/concurrency/JobLauncher
instanceKlass org/jetbrains/kotlin/com/intellij/openapi/util/KeyedExtensionCollector
instanceKlass org/jetbrains/kotlin/com/intellij/openapi/vfs/VirtualFileSystem
instanceKlass org/jetbrains/kotlin/com/intellij/openapi/util/SimpleModificationTracker
instanceKlass org/jetbrains/kotlin/com/intellij/openapi/util/ModificationTracker
instanceKlass org/jetbrains/kotlin/com/intellij/openapi/progress/ProgressIndicatorProvider
instanceKlass org/jetbrains/kotlin/com/intellij/openapi/extensions/PluginDescriptor
instanceKlass org/jetbrains/kotlin/com/intellij/openapi/fileTypes/FileTypeRegistry
instanceKlass org/jetbrains/kotlin/com/intellij/openapi/application/Application
instanceKlass org/jetbrains/kotlin/com/intellij/openapi/components/ComponentManager
instanceKlass org/jetbrains/kotlin/com/intellij/openapi/util/UserDataHolder
instanceKlass org/jetbrains/kotlin/com/intellij/openapi/extensions/AreaInstance
instanceKlass org/jetbrains/kotlin/com/intellij/core/CoreApplicationEnvironment
instanceKlass org/jetbrains/kotlin/com/intellij/openapi/util/Disposer$2
instanceKlass org/jetbrains/kotlin/cli/jvm/compiler/KotlinCoreEnvironment$Companion
instanceKlass org/jetbrains/kotlin/cli/jvm/compiler/KotlinCoreEnvironment
instanceKlass org/jetbrains/kotlin/cli/jvm/config/JvmContentRootsKt
instanceKlass org/jetbrains/kotlin/cli/jvm/config/JvmClasspathRoot
instanceKlass org/jetbrains/kotlin/cli/jvm/config/JvmContentRoot
instanceKlass org/jetbrains/kotlin/cli/jvm/config/JvmClasspathRootBase
instanceKlass org/jetbrains/kotlin/cli/jvm/config/JvmContentRootBase
instanceKlass  @bci org/jetbrains/kotlin/config/CompilerConfiguration add (Lorg/jetbrains/kotlin/config/CompilerConfigurationKey;Ljava/lang/Object;)V 32 <appendix> argL0 ; # org/jetbrains/kotlin/config/CompilerConfiguration$$Lambda+0x00000001001c9460
instanceKlass org/jetbrains/kotlin/cli/common/config/KotlinSourceRoot
instanceKlass org/jetbrains/kotlin/cli/common/config/ContentRoot
instanceKlass org/jetbrains/kotlin/cli/common/config/ContentRootsKt
instanceKlass org/jetbrains/kotlin/cli/jvm/compiler/KotlinToJVMBytecodeCompilerKt
instanceKlass org/jetbrains/kotlin/cli/common/modules/ModuleChunk
instanceKlass org/jetbrains/kotlin/cli/jvm/compiler/CliCompilerUtilsKt
instanceKlass org/jetbrains/kotlin/cli/common/modules/ModuleBuilder
instanceKlass org/jetbrains/kotlin/modules/Module
instanceKlass org/jetbrains/kotlin/cli/jvm/K2JVMCompilerKt
instanceKlass org/jetbrains/kotlin/config/JvmSerializeIrMode$Companion
instanceKlass org/jetbrains/kotlin/config/JvmAbiStability$Companion
instanceKlass org/jetbrains/kotlin/kapt3/Kapt3CommandLineProcessor$WhenMappings
instanceKlass jdk/internal/util/ByteArray
instanceKlass  @bci java/io/ObjectInputFilter$Config <clinit> ()V 368 <appendix> argL0 ; # java/io/ObjectInputFilter$Config$$Lambda+0x00000001001589e8
instanceKlass jdk/internal/access/JavaObjectInputFilterAccess
instanceKlass java/io/ObjectInputFilter$Config$BuiltinFilterFactory
instanceKlass  @bci java/io/ObjectInputFilter$Config <clinit> ()V 80 <appendix> argL0 ; # java/io/ObjectInputFilter$Config$$Lambda+0x00000001001582f0
instanceKlass  @bci java/io/ObjectInputFilter$Config <clinit> ()V 56 <appendix> argL0 ; # java/io/ObjectInputFilter$Config$$Lambda+0x00000001001580a0
instanceKlass sun/util/logging/PlatformLogger$ConfigurableBridge$LoggerConfiguration
instanceKlass sun/security/util/SecurityConstants
instanceKlass jdk/internal/logger/LoggerFinderLoader
instanceKlass  @bci java/lang/System$LoggerFinder accessProvider ()Ljava/lang/System$LoggerFinder; 8 <appendix> argL0 ; # java/lang/System$LoggerFinder$$Lambda+0x00000001001567e8
instanceKlass jdk/internal/logger/LazyLoggers$LazyLoggerFactories
instanceKlass jdk/internal/logger/LazyLoggers$1
instanceKlass jdk/internal/logger/LazyLoggers
instanceKlass java/util/concurrent/atomic/AtomicBoolean
instanceKlass java/io/ObjectInputFilter
instanceKlass java/io/ObjectInputFilter$Config
instanceKlass java/io/ObjectInputStream$ValidationList
instanceKlass java/io/ObjectInputStream$HandleTable$HandleList
instanceKlass java/io/ObjectInputStream$HandleTable
instanceKlass  @bci java/io/ObjectInputStream <clinit> ()V 100 <appendix> argL0 ; # java/io/ObjectInputStream$$Lambda+0x0000000100153e80
instanceKlass jdk/internal/access/JavaObjectInputStreamReadString
instanceKlass  @bci java/io/ObjectInputStream <clinit> ()V 92 <appendix> argL0 ; # java/io/ObjectInputStream$$Lambda+0x0000000100153a00
instanceKlass jdk/internal/access/JavaObjectInputStreamAccess
instanceKlass java/io/ObjectStreamConstants
instanceKlass java/io/ObjectInput
instanceKlass java/util/Base64$Encoder
instanceKlass java/util/Base64$Decoder
instanceKlass java/util/Base64
instanceKlass org/jetbrains/kotlin/utils/PluginUtilsKt
instanceKlass org/jetbrains/kotlin/base/kapt3/KaptSelector
instanceKlass org/jetbrains/kotlin/base/kapt3/KaptOptions$Builder
instanceKlass org/jetbrains/kotlin/kapt3/Kapt3PluginKt
instanceKlass java/io/PrintWriter$1
instanceKlass jdk/internal/access/JavaIOPrintWriterAccess
# instanceKlass java/lang/invoke/LambdaForm$MH+0x00000001001c5800
# instanceKlass java/lang/invoke/LambdaForm$MH+0x00000001001c5400
# instanceKlass java/lang/invoke/LambdaForm$MH+0x00000001001c5000
instanceKlass  @bci org/jetbrains/kotlin/kapt3/util/ModuleManipulationUtilsKt openPackages (Ljava/util/Collection;)V 135 <adapter> ; # java/lang/invoke/LambdaForm$MH+0x00000001001c4c00
instanceKlass jdk/internal/classfile/ClassElement
instanceKlass jdk/internal/classfile/ClassfileElement
instanceKlass jdk/internal/classfile/ClassBuilder
instanceKlass jdk/internal/classfile/ClassfileBuilder
# instanceKlass java/lang/invoke/LambdaForm$MH+0x00000001001c4800
instanceKlass sun/misc/Unsafe
instanceKlass com/sun/tools/javac/comp/AttrContext
instanceKlass javax/annotation/processing/AbstractProcessor
instanceKlass javax/annotation/processing/Processor
instanceKlass com/sun/tools/javac/api/Messages
instanceKlass com/sun/tools/javac/api/Formattable
instanceKlass com/sun/tools/javac/jvm/ClassFile
instanceKlass com/sun/tools/javac/main/OptionHelper
instanceKlass com/sun/tools/javac/util/Context$Key
instanceKlass com/sun/tools/javac/code/Lint
instanceKlass com/sun/tools/javac/util/Assert
instanceKlass java/util/regex/ASCII
instanceKlass  @bci java/util/regex/CharPredicates ASCII_SPACE ()Ljava/util/regex/Pattern$BmpCharPredicate; 0 <appendix> argL0 ; # java/util/regex/CharPredicates$$Lambda+0x000000010014fac8
instanceKlass com/sun/source/tree/SwitchExpressionTree
instanceKlass com/sun/source/tree/ConstantCaseLabelTree
instanceKlass com/sun/source/tree/PatternCaseLabelTree
instanceKlass com/sun/source/tree/IntersectionTypeTree
instanceKlass com/sun/source/tree/DefaultCaseLabelTree
instanceKlass com/sun/source/tree/CaseLabelTree
instanceKlass com/sun/source/tree/BindingPatternTree
instanceKlass com/sun/source/tree/StringTemplateTree
instanceKlass com/sun/source/tree/OpensTree
instanceKlass com/sun/source/tree/UsesTree
instanceKlass com/sun/source/tree/ExpressionStatementTree
instanceKlass com/sun/source/tree/UnaryTree
instanceKlass com/sun/source/tree/ThrowTree
instanceKlass com/sun/source/tree/IfTree
instanceKlass com/sun/source/tree/CatchTree
instanceKlass com/sun/source/tree/MethodInvocationTree
instanceKlass com/sun/source/tree/BreakTree
instanceKlass com/sun/source/tree/EmptyStatementTree
instanceKlass com/sun/source/tree/TryTree
instanceKlass com/sun/source/tree/BlockTree
instanceKlass com/sun/source/tree/IdentifierTree
instanceKlass com/sun/source/tree/YieldTree
instanceKlass com/sun/source/tree/CaseTree
instanceKlass com/sun/source/tree/PrimitiveTypeTree
instanceKlass com/sun/source/tree/UnionTypeTree
instanceKlass com/sun/source/tree/DeconstructionPatternTree
instanceKlass com/sun/source/tree/ParameterizedTypeTree
instanceKlass com/sun/source/tree/ModifiersTree
instanceKlass com/sun/source/tree/TypeParameterTree
instanceKlass com/sun/source/tree/ProvidesTree
instanceKlass com/sun/source/tree/ExportsTree
instanceKlass com/sun/source/tree/AnnotatedTypeTree
instanceKlass com/sun/source/tree/ErroneousTree
instanceKlass com/sun/source/tree/ArrayTypeTree
instanceKlass com/sun/source/tree/RequiresTree
instanceKlass com/sun/source/tree/DirectiveTree
instanceKlass com/sun/source/tree/ModuleTree
instanceKlass com/sun/source/tree/CompilationUnitTree
instanceKlass com/sun/source/tree/NewArrayTree
instanceKlass com/sun/source/tree/NewClassTree
instanceKlass com/sun/source/tree/AssertTree
instanceKlass com/sun/source/tree/MethodTree
instanceKlass com/sun/source/tree/ReturnTree
instanceKlass com/sun/source/tree/ConditionalExpressionTree
instanceKlass com/sun/source/tree/SynchronizedTree
instanceKlass com/sun/source/tree/SwitchTree
instanceKlass com/sun/source/tree/LabeledStatementTree
instanceKlass com/sun/source/tree/EnhancedForLoopTree
instanceKlass com/sun/source/tree/ForLoopTree
instanceKlass com/sun/source/tree/ImportTree
instanceKlass com/sun/source/tree/DoWhileLoopTree
instanceKlass com/sun/source/tree/PackageTree
instanceKlass com/sun/source/tree/WhileLoopTree
instanceKlass jdk/internal/foreign/MemorySessionImpl
instanceKlass java/lang/foreign/MemorySegment$Scope
instanceKlass com/sun/source/tree/VariableTree
instanceKlass com/sun/source/tree/ContinueTree
instanceKlass com/sun/source/tree/LiteralTree
instanceKlass com/sun/source/tree/MemberReferenceTree
instanceKlass com/sun/source/tree/MemberSelectTree
instanceKlass com/sun/source/tree/ArrayAccessTree
instanceKlass com/sun/source/tree/AnyPatternTree
instanceKlass com/sun/source/tree/PatternTree
instanceKlass com/sun/source/tree/LambdaExpressionTree
instanceKlass com/sun/source/tree/ClassTree
instanceKlass com/sun/source/tree/StatementTree
instanceKlass com/sun/source/tree/AssignmentTree
instanceKlass com/sun/source/tree/InstanceOfTree
instanceKlass com/sun/source/tree/TypeCastTree
instanceKlass com/sun/source/tree/BinaryTree
instanceKlass com/sun/source/tree/CompoundAssignmentTree
instanceKlass com/sun/source/tree/ParenthesizedTree
instanceKlass com/sun/source/tree/WildcardTree
instanceKlass com/sun/source/tree/AnnotationTree
instanceKlass com/sun/source/tree/ExpressionTree
instanceKlass com/sun/tools/javac/tree/JCTree
instanceKlass com/sun/tools/javac/util/JCDiagnostic$DiagnosticPosition
instanceKlass com/sun/source/tree/Tree
instanceKlass com/sun/tools/javac/tree/JCTree$Visitor
instanceKlass com/sun/tools/javac/file/FSInfo
instanceKlass com/sun/tools/javac/util/Context
instanceKlass jdk/internal/jimage/decompressor/ZipDecompressor
instanceKlass jdk/internal/jimage/decompressor/ResourceDecompressor
instanceKlass jdk/internal/jimage/decompressor/ResourceDecompressorFactory
instanceKlass jdk/internal/jimage/decompressor/ResourceDecompressorRepository
instanceKlass jdk/internal/jimage/decompressor/CompressedResourceHeader
instanceKlass  @bci jdk/internal/jimage/BasicImageReader getResourceBuffer (Ljdk/internal/jimage/ImageLocation;)Ljava/nio/ByteBuffer; 168 <appendix> member <vmtarget> ; # jdk/internal/jimage/BasicImageReader$$Lambda+0x000000010014e0e8
instanceKlass jdk/internal/jimage/decompressor/ResourceDecompressor$StringsProvider
instanceKlass java/util/TimSort
instanceKlass java/util/Arrays$LegacyMergeSort
instanceKlass java/util/AbstractMap$SimpleEntry
instanceKlass jdk/internal/jimage/ImageBufferCache$2
instanceKlass jdk/internal/jimage/ImageBufferCache
instanceKlass jdk/internal/module/ModulePatcher$PatchedModuleReader
instanceKlass org/jetbrains/kotlin/kapt3/util/ModuleManipulationUtilsKt
instanceKlass  @bci org/jetbrains/kotlin/com/intellij/util/containers/MultiMap putValue (Ljava/lang/Object;Ljava/lang/Object;)V 6 <appendix> member <vmtarget> ; # org/jetbrains/kotlin/com/intellij/util/containers/MultiMap$$Lambda+0x0000000100197b70
instanceKlass org/jetbrains/kotlin/com/intellij/util/containers/MultiMap
instanceKlass org/jetbrains/kotlin/compiler/plugin/CliOptionValue
instanceKlass java/util/regex/IntHashSet
instanceKlass java/util/regex/Matcher
instanceKlass java/util/regex/MatchResult
instanceKlass  @bci java/util/regex/Pattern negate (Ljava/util/regex/Pattern$CharPredicate;)Ljava/util/regex/Pattern$CharPredicate; 1 <appendix> member <vmtarget> ; # java/util/regex/Pattern$$Lambda+0x000000010014bed8
instanceKlass org/jetbrains/kotlin/compiler/plugin/CliOptionsKt
instanceKlass org/jetbrains/kotlin/kapt/cli/KaptCliOption$Companion
instanceKlass org/jetbrains/kotlin/kapt/cli/CliToolOption
instanceKlass org/jetbrains/kotlin/compiler/plugin/AbstractCliOption
instanceKlass org/jetbrains/kotlin/kapt3/Kapt3CommandLineProcessor
instanceKlass org/jetbrains/kotlin/compiler/plugin/CommandLineProcessor
instanceKlass org/jetbrains/kotlin/kapt4/Kapt4CompilerPluginRegistrar$Companion
instanceKlass org/jetbrains/kotlin/compiler/plugin/CompilerPluginRegistrar$Companion
instanceKlass org/jetbrains/kotlin/compiler/plugin/CompilerPluginRegistrar
instanceKlass  @bci org/jetbrains/kotlin/config/CompilerConfiguration addAll (Lorg/jetbrains/kotlin/config/CompilerConfigurationKey;ILjava/util/Collection;)V 38 <appendix> argL0 ; # org/jetbrains/kotlin/config/CompilerConfiguration$$Lambda+0x0000000100195dc8
instanceKlass org/jetbrains/kotlin/compiler/plugin/ComponentRegistrar$Companion
instanceKlass org/jetbrains/kotlin/kapt3/Kapt3ComponentRegistrar
instanceKlass  @bci java/io/FilePermissionCollection add (Ljava/security/Permission;)V 68 <appendix> argL0 ; # java/io/FilePermissionCollection$$Lambda+0x000000010014bc78
instanceKlass java/io/FilePermission$1
instanceKlass jdk/internal/access/JavaIOFilePermissionAccess
instanceKlass sun/net/www/MessageHeader
instanceKlass java/net/URLClassLoader$1
instanceKlass java/io/RandomAccessFile$1
instanceKlass kotlin/io/LinesSequence$iterator$1
instanceKlass kotlin/io/LinesSequence
instanceKlass kotlin/io/TextStreamsKt
instanceKlass kotlin/io/FilesKt__FilePathComponentsKt
instanceKlass sun/nio/fs/WindowsUriSupport
instanceKlass org/jetbrains/kotlin/compiler/plugin/ComponentRegistrar
instanceKlass org/jetbrains/kotlin/util/ServiceLoaderLite
instanceKlass org/jetbrains/kotlin/cli/common/CLICompilerKt
instanceKlass com/jetbrains/internal/IoToNioErrorMessageHolder
instanceKlass org/jetbrains/kotlin/cli/jvm/plugins/PluginCliParser
instanceKlass org/jetbrains/kotlin/cli/plugins/PluginsOptionsParserKt
instanceKlass kotlin/collections/ArrayAsCollection
instanceKlass org/jetbrains/kotlin/backend/common/phaser/PhaseConfig
instanceKlass org/jetbrains/kotlin/backend/common/phaser/PhaseConfigurationService
instanceKlass org/jetbrains/kotlin/backend/common/phaser/PhaseConfigKt
instanceKlass org/jetbrains/kotlin/cli/common/CreatePhaseConfigKt
instanceKlass org/jetbrains/kotlin/backend/jvm/lower/ReflectiveAccessKt
instanceKlass org/jetbrains/kotlin/backend/jvm/lower/FragmentLocalFunctionPatchLoweringKt
instanceKlass org/jetbrains/kotlin/backend/jvm/lower/ResolveInlineCallsKt
instanceKlass org/jetbrains/kotlin/backend/jvm/lower/GenerateMultifileFacadesKt
instanceKlass org/jetbrains/kotlin/backend/jvm/lower/FileClassLoweringKt
instanceKlass org/jetbrains/kotlin/backend/jvm/lower/ScriptLoweringKt
instanceKlass org/jetbrains/kotlin/backend/jvm/lower/SerializeIrPhaseKt
instanceKlass org/jetbrains/kotlin/backend/jvm/lower/ProcessOptionalAnnotationsKt
instanceKlass org/jetbrains/kotlin/backend/jvm/lower/FragmentSharedVariablesLoweringKt
instanceKlass org/jetbrains/kotlin/backend/jvm/lower/ExternalPackageParentPatcherLoweringKt
instanceKlass org/jetbrains/kotlin/backend/jvm/lower/FakeLocalVariablesForIrInlinerLoweringKt
instanceKlass org/jetbrains/kotlin/backend/jvm/lower/FakeLocalVariablesForBytecodeInlinerLoweringKt
instanceKlass org/jetbrains/kotlin/backend/jvm/lower/RenameFieldsLoweringKt
instanceKlass org/jetbrains/kotlin/backend/jvm/lower/ReplaceNumberToCharCallSitesLoweringKt
instanceKlass org/jetbrains/kotlin/backend/jvm/lower/AddSuperQualifierToJavaFieldAccessLoweringKt
instanceKlass org/jetbrains/kotlin/backend/jvm/lower/MakePropertyDelegateMethodsStaticLoweringKt
instanceKlass org/jetbrains/kotlin/backend/jvm/lower/ReplaceKFunctionInvokeWithFunctionInvokeKt
instanceKlass org/jetbrains/kotlin/backend/jvm/lower/TypeOperatorLoweringKt
instanceKlass org/jetbrains/kotlin/backend/jvm/lower/RecordEnclosingMethodsLoweringKt
instanceKlass org/jetbrains/kotlin/backend/jvm/lower/RepeatedAnnotationLoweringKt
instanceKlass org/jetbrains/kotlin/backend/jvm/lower/AdditionalClassAnnotationLoweringKt
instanceKlass org/jetbrains/kotlin/backend/jvm/lower/JvmOptimizationLoweringKt
instanceKlass org/jetbrains/kotlin/backend/jvm/lower/JvmSafeCallChainFoldingLoweringKt
instanceKlass org/jetbrains/kotlin/backend/jvm/lower/ToArrayLoweringKt
instanceKlass org/jetbrains/kotlin/backend/jvm/lower/JvmArgumentNullabilityAssertionsLoweringKt
instanceKlass org/jetbrains/kotlin/backend/jvm/lower/BridgeLoweringKt
instanceKlass org/jetbrains/kotlin/backend/jvm/lower/FunctionNVarargBridgeLoweringKt
instanceKlass org/jetbrains/kotlin/backend/jvm/lower/UniqueLoopLabelsLoweringKt
instanceKlass org/jetbrains/kotlin/backend/jvm/lower/EnumExternalEntriesLoweringKt
instanceKlass org/jetbrains/kotlin/backend/jvm/lower/EnumClassLoweringKt
instanceKlass org/jetbrains/kotlin/backend/jvm/lower/AddContinuationLoweringKt
instanceKlass org/jetbrains/kotlin/backend/jvm/lower/TailCallOptimizationLoweringKt
instanceKlass org/jetbrains/kotlin/backend/jvm/lower/InheritedDefaultMethodsOnClassesLoweringKt
instanceKlass org/jetbrains/kotlin/backend/jvm/lower/JvmStringConcatenationLoweringKt
instanceKlass org/jetbrains/kotlin/backend/common/lower/FlattenStringConcatenationLoweringKt
instanceKlass org/jetbrains/kotlin/backend/jvm/lower/JvmDefaultConstructorLoweringKt
instanceKlass org/jetbrains/kotlin/backend/jvm/lower/StaticCallableReferenceLoweringKt
instanceKlass org/jetbrains/kotlin/backend/jvm/lower/SingletonReferencesLoweringKt
instanceKlass org/jetbrains/kotlin/backend/jvm/lower/MappedEnumWhenLoweringKt
instanceKlass org/jetbrains/kotlin/backend/jvm/lower/JvmInlineClassLoweringKt
instanceKlass org/jetbrains/kotlin/backend/jvm/lower/JvmMultiFieldValueClassLoweringKt
instanceKlass org/jetbrains/kotlin/backend/jvm/lower/JvmSingleAbstractMethodLoweringKt
instanceKlass org/jetbrains/kotlin/backend/jvm/lower/CollectionStubMethodLoweringKt
instanceKlass org/jetbrains/kotlin/backend/common/lower/loops/ForLoopsLoweringKt
instanceKlass org/jetbrains/kotlin/backend/common/lower/RangeContainsLoweringKt
instanceKlass org/jetbrains/kotlin/backend/jvm/lower/JvmBuiltInsLoweringKt
instanceKlass org/jetbrains/kotlin/backend/jvm/lower/AnonymousObjectSuperConstructorLoweringKt
instanceKlass org/jetbrains/kotlin/backend/jvm/lower/MoveCompanionObjectFieldsLoweringKt
instanceKlass org/jetbrains/kotlin/backend/jvm/lower/PropertyReferenceLoweringKt
instanceKlass org/jetbrains/kotlin/backend/jvm/lower/SingletonOrConstantDelegationLoweringKt
instanceKlass org/jetbrains/kotlin/backend/jvm/lower/PropertyReferenceDelegationLoweringKt
instanceKlass org/jetbrains/kotlin/backend/jvm/lower/SuspendLambdaLoweringKt
instanceKlass org/jetbrains/kotlin/backend/jvm/lower/RemoveDuplicatedInlinedLocalClassesLoweringKt
instanceKlass org/jetbrains/kotlin/backend/jvm/lower/JvmInventNamesForLocalClassesKt
instanceKlass org/jetbrains/kotlin/backend/jvm/lower/JvmLateinitLoweringKt
instanceKlass org/jetbrains/kotlin/builtins/PrimitiveType$Companion
instanceKlass sun/reflect/misc/ReflectUtil
instanceKlass java/util/concurrent/atomic/AtomicReferenceFieldUpdater$AtomicReferenceFieldUpdaterImpl$1
instanceKlass java/util/concurrent/atomic/AtomicReferenceFieldUpdater
instanceKlass kotlin/SafePublicationLazyImpl$Companion
instanceKlass kotlin/SafePublicationLazyImpl
instanceKlass kotlin/LazyKt__LazyJVMKt$WhenMappings
instanceKlass org/jetbrains/kotlin/backend/jvm/lower/VarargLoweringKt
instanceKlass org/jetbrains/kotlin/backend/jvm/lower/PolymorphicSignatureLoweringKt
instanceKlass org/jetbrains/kotlin/backend/jvm/lower/JvmAnnotationImplementationTransformerKt
instanceKlass org/jetbrains/kotlin/backend/jvm/lower/AnnotationLoweringKt
instanceKlass org/jetbrains/kotlin/backend/jvm/lower/MainMethodGenerationLoweringKt
instanceKlass org/jetbrains/kotlin/backend/jvm/lower/JvmOverloadsAnnotationLoweringKt
instanceKlass org/jetbrains/kotlin/backend/jvm/lower/TypeAliasAnnotationMethodsLoweringKt
instanceKlass org/jetbrains/kotlin/backend/jvm/lower/CreateSeparateCallForInlinedLambdasLoweringKt
instanceKlass org/jetbrains/kotlin/backend/jvm/lower/MarkNecessaryInlinedClassesAsRegeneratedLoweringKt
instanceKlass org/jetbrains/kotlin/ir/declarations/IrTypeParametersContainer
instanceKlass org/jetbrains/kotlin/ir/declarations/IrReturnTarget
instanceKlass org/jetbrains/kotlin/ir/declarations/IrDeclarationParent
instanceKlass org/jetbrains/kotlin/ir/declarations/IrPossiblyExternalDeclaration
instanceKlass org/jetbrains/kotlin/ir/declarations/IrOverridableDeclaration
instanceKlass org/jetbrains/kotlin/ir/declarations/IrOverridableMember
instanceKlass org/jetbrains/kotlin/ir/declarations/IrDeclarationWithVisibility
instanceKlass org/jetbrains/kotlin/ir/declarations/IrMetadataSourceOwner
instanceKlass org/jetbrains/kotlin/ir/declarations/IrMemberWithContainerSource
instanceKlass org/jetbrains/kotlin/ir/declarations/IrDeclarationWithName
instanceKlass org/jetbrains/kotlin/ir/declarations/IrAttributeContainer
instanceKlass org/jetbrains/kotlin/ir/IrElementBase
instanceKlass org/jetbrains/kotlin/ir/declarations/IrDeclaration
instanceKlass org/jetbrains/kotlin/ir/declarations/IrSymbolOwner
instanceKlass org/jetbrains/kotlin/ir/declarations/IrMutableAnnotationContainer
instanceKlass org/jetbrains/kotlin/ir/declarations/IrAnnotationContainer
instanceKlass org/jetbrains/kotlin/ir/IrStatement
instanceKlass org/jetbrains/kotlin/ir/IrElement
instanceKlass org/jetbrains/kotlin/backend/jvm/lower/JvmStaticAnnotationLoweringKt
instanceKlass org/jetbrains/kotlin/backend/jvm/lower/StaticDefaultFunctionLoweringKt
instanceKlass org/jetbrains/kotlin/backend/jvm/lower/ObjectClassLoweringKt
instanceKlass org/jetbrains/kotlin/backend/jvm/lower/DirectInvokeLoweringKt
instanceKlass org/jetbrains/kotlin/backend/jvm/lower/AssertionLoweringKt
instanceKlass org/jetbrains/kotlin/backend/jvm/lower/InlineCallableReferenceToLambdaKt
instanceKlass org/jetbrains/kotlin/backend/common/lower/SharedVariablesLoweringKt
instanceKlass org/jetbrains/kotlin/backend/jvm/lower/FunctionReferenceLoweringKt
instanceKlass org/jetbrains/kotlin/backend/common/lower/PropertiesLowering$Companion
instanceKlass org/jetbrains/kotlin/backend/common/lower/PropertiesLowering
instanceKlass org/jetbrains/kotlin/backend/common/DeclarationTransformer
instanceKlass org/jetbrains/kotlin/backend/common/FileLoweringPass
instanceKlass org/jetbrains/kotlin/backend/common/phaser/ModuleLoweringPhaseAdapter
instanceKlass org/jetbrains/kotlin/backend/common/phaser/CustomPhaseAdapter
instanceKlass org/jetbrains/kotlin/backend/jvm/JvmLowerKt
instanceKlass org/jetbrains/kotlin/backend/common/phaser/CompositePhase
instanceKlass org/jetbrains/kotlin/backend/common/phaser/PerformByIrFilePhase
instanceKlass org/jetbrains/kotlin/backend/common/phaser/PerformByIrFileKt
instanceKlass org/jetbrains/kotlin/backend/common/phaser/FileLoweringPhaseAdapter
instanceKlass org/jetbrains/kotlin/backend/common/phaser/CompilerPhaseKt
instanceKlass org/jetbrains/kotlin/backend/common/phaser/DumperVerifierKt
instanceKlass kotlin/jvm/functions/Function3
instanceKlass org/jetbrains/kotlin/backend/common/phaser/PhaseBuildersKt
instanceKlass kotlin/collections/SetsKt__SetsJVMKt
instanceKlass org/jetbrains/kotlin/backend/jvm/JvmPhasesKt$generateAdditionalClassesPhase$1
instanceKlass org/jetbrains/kotlin/backend/common/phaser/SameTypeCompilerPhase
instanceKlass org/jetbrains/kotlin/backend/common/phaser/AbstractNamedCompilerPhase
instanceKlass org/jetbrains/kotlin/backend/common/phaser/CompilerPhase
instanceKlass org/jetbrains/kotlin/backend/jvm/JvmPhasesKt
instanceKlass org/jetbrains/kotlin/cli/common/environment/UtilKt
instanceKlass org/jetbrains/kotlin/com/intellij/openapi/util/Disposer$1
instanceKlass org/jetbrains/kotlin/com/intellij/util/containers/CanonicalHashingStrategy
instanceKlass  @bci org/jetbrains/kotlin/com/intellij/util/containers/ConcurrentRefHashMap <clinit> ()V 33 <appendix> argL0 ; # org/jetbrains/kotlin/com/intellij/util/containers/ConcurrentRefHashMap$$Lambda+0x0000000100121860
instanceKlass org/jetbrains/kotlin/com/intellij/util/containers/ConcurrentRefHashMap$2
instanceKlass org/jetbrains/kotlin/com/intellij/util/containers/ConcurrentRefHashMap$HardKey
instanceKlass org/jetbrains/kotlin/com/intellij/util/containers/ConcurrentRefHashMap$KeyReference
instanceKlass org/jetbrains/kotlin/it/unimi/dsi/fastutil/objects/Object2ObjectMap$FastEntrySet
instanceKlass org/jetbrains/kotlin/it/unimi/dsi/fastutil/objects/AbstractObject2ObjectFunction
instanceKlass org/jetbrains/kotlin/it/unimi/dsi/fastutil/objects/Object2ObjectMap
instanceKlass org/jetbrains/kotlin/it/unimi/dsi/fastutil/objects/Object2ObjectFunction
instanceKlass org/jetbrains/kotlin/com/intellij/util/containers/RefHashMap$HardKey
instanceKlass org/jetbrains/kotlin/com/intellij/util/containers/RefHashMap$Key
instanceKlass org/jetbrains/kotlin/com/intellij/util/containers/IdentityHashingStrategy
instanceKlass org/jetbrains/kotlin/com/intellij/util/containers/HashingStrategy
instanceKlass org/jetbrains/kotlin/it/unimi/dsi/fastutil/Hash$Strategy
instanceKlass org/jetbrains/kotlin/com/intellij/util/containers/CollectionFactory
instanceKlass org/jetbrains/kotlin/it/unimi/dsi/fastutil/objects/Reference2ObjectMap$FastEntrySet
instanceKlass org/jetbrains/kotlin/it/unimi/dsi/fastutil/objects/AbstractReference2ObjectFunction
instanceKlass org/jetbrains/kotlin/it/unimi/dsi/fastutil/objects/Reference2ObjectMap
instanceKlass org/jetbrains/kotlin/it/unimi/dsi/fastutil/objects/Reference2ObjectFunction
instanceKlass  @bci java/util/stream/Collectors castingIdentity ()Ljava/util/function/Function; 0 <appendix> argL0 ; # java/util/stream/Collectors$$Lambda+0x00000001001461f8
instanceKlass java/util/Collections$UnmodifiableCollection
instanceKlass java/util/stream/Collectors
instanceKlass java/util/stream/Collector
instanceKlass  @bci org/jetbrains/kotlin/it/unimi/dsi/fastutil/objects/ReferenceOpenHashSet <clinit> ()V 10 <appendix> argL0 ; # org/jetbrains/kotlin/it/unimi/dsi/fastutil/objects/ReferenceOpenHashSet$$Lambda+0x000000010011bf98
instanceKlass java/util/function/BinaryOperator
instanceKlass  @bci org/jetbrains/kotlin/it/unimi/dsi/fastutil/objects/ReferenceOpenHashSet <clinit> ()V 5 <appendix> argL0 ; # org/jetbrains/kotlin/it/unimi/dsi/fastutil/objects/ReferenceOpenHashSet$$Lambda+0x000000010011bd38
instanceKlass java/util/function/BiConsumer
instanceKlass  @bci org/jetbrains/kotlin/it/unimi/dsi/fastutil/objects/ReferenceOpenHashSet <clinit> ()V 0 <appendix> argL0 ; # org/jetbrains/kotlin/it/unimi/dsi/fastutil/objects/ReferenceOpenHashSet$$Lambda+0x000000010011bae8
instanceKlass org/jetbrains/kotlin/it/unimi/dsi/fastutil/objects/ObjectSpliterator
instanceKlass org/jetbrains/kotlin/it/unimi/dsi/fastutil/objects/ObjectIterator
instanceKlass org/jetbrains/kotlin/it/unimi/dsi/fastutil/objects/ReferenceSet
instanceKlass org/jetbrains/kotlin/it/unimi/dsi/fastutil/objects/ReferenceCollection
instanceKlass org/jetbrains/kotlin/com/intellij/openapi/util/ObjectTree
instanceKlass org/jetbrains/kotlin/com/intellij/openapi/util/Disposer
instanceKlass org/jetbrains/kotlin/progress/ProgressIndicatorAndCompilationCanceledStatus
instanceKlass org/jetbrains/kotlin/progress/CompilationCanceledStatus
instanceKlass org/jetbrains/kotlin/com/google/common/collect/LinkedHashMultimap$1
instanceKlass  @bci java/util/stream/MatchOps makeRef (Ljava/util/function/Predicate;Ljava/util/stream/MatchOps$MatchKind;)Ljava/util/stream/TerminalOp; 20 <appendix> member <vmtarget> ; # java/util/stream/MatchOps$$Lambda+0x0000000100144110
instanceKlass java/util/stream/MatchOps$BooleanTerminalSink
instanceKlass java/util/stream/MatchOps$MatchOp
instanceKlass java/util/stream/MatchOps
instanceKlass  @bci org/jetbrains/kotlin/cli/common/messages/GroupingMessageCollector hasExplicitErrors ()Z 14 <appendix> argL0 ; # org/jetbrains/kotlin/cli/common/messages/GroupingMessageCollector$$Lambda+0x00000001001191e0
instanceKlass java/util/Spliterators$IteratorSpliterator
instanceKlass org/jetbrains/kotlin/utils/KotlinPathsFromBaseDirectory
instanceKlass org/jetbrains/kotlin/com/intellij/openapi/application/PathManager
instanceKlass  @bci java/util/regex/Pattern DOT ()Ljava/util/regex/Pattern$CharPredicate; 0 <appendix> argL0 ; # java/util/regex/Pattern$$Lambda+0x0000000100142820
instanceKlass  @bci java/util/regex/Pattern union (Ljava/util/regex/Pattern$CharPredicate;Ljava/util/regex/Pattern$CharPredicate;Z)Ljava/util/regex/Pattern$CharPredicate; 6 <appendix> member <vmtarget> ; # java/util/regex/Pattern$$Lambda+0x0000000100142558
instanceKlass java/util/regex/Pattern$BitClass
instanceKlass org/jetbrains/kotlin/utils/PathUtil
instanceKlass kotlin/collections/AbstractList$IteratorImpl
instanceKlass org/jetbrains/kotlin/config/JvmTarget$Companion
instanceKlass org/jetbrains/kotlin/platform/TargetPlatformVersion
instanceKlass org/jetbrains/kotlin/config/JVMConfigurationKeys
instanceKlass org/jetbrains/kotlin/cli/jvm/JvmArgumentsKt
instanceKlass org/jetbrains/kotlin/config/CommonConfigurationKeysKt
instanceKlass kotlin/Unit
instanceKlass org/jetbrains/kotlin/utils/WrappedValues$ThrowableWrapper
instanceKlass org/jetbrains/kotlin/config/LanguageVersionSettingsKt
instanceKlass org/jetbrains/kotlin/cli/common/messages/MessageCollector$Companion$NONE$1
instanceKlass org/jetbrains/kotlin/cli/common/messages/MessageCollector$Companion
instanceKlass org/jetbrains/kotlin/cli/common/arguments/JavaTypeEnhancementStateParser$Companion
instanceKlass org/jetbrains/kotlin/cli/common/arguments/JavaTypeEnhancementStateParser
instanceKlass org/jetbrains/kotlin/config/JvmAnalysisFlags$Delegates$JvmDefaultModeDisabledByDefault
instanceKlass org/jetbrains/kotlin/utils/WrappedValues$1
instanceKlass org/jetbrains/kotlin/utils/WrappedValues
instanceKlass kotlin/collections/EmptyIterator
instanceKlass org/jetbrains/kotlin/name/FqNamesUtilKt
instanceKlass org/jetbrains/kotlin/load/java/NullabilityAnnotationStates$Companion
instanceKlass org/jetbrains/kotlin/load/java/Jsr305Settings
instanceKlass org/jetbrains/kotlin/storage/LockBasedStorageManager$MapBasedMemoizedFunction
instanceKlass org/jetbrains/kotlin/storage/DefaultSimpleLock
instanceKlass org/jetbrains/kotlin/storage/SimpleLock$Companion
instanceKlass org/jetbrains/kotlin/storage/EmptySimpleLock
instanceKlass org/jetbrains/kotlin/storage/LockBasedStorageManager$ExceptionHandlingStrategy$1
instanceKlass org/jetbrains/kotlin/storage/LockBasedStorageManager$ExceptionHandlingStrategy
instanceKlass org/jetbrains/kotlin/storage/MemoizedFunctionToNullable
instanceKlass org/jetbrains/kotlin/storage/NullableLazyValue
instanceKlass org/jetbrains/kotlin/storage/MemoizedFunctionToNotNull
instanceKlass org/jetbrains/kotlin/storage/CacheWithNullableValues
instanceKlass org/jetbrains/kotlin/storage/CacheWithNotNullValues
instanceKlass org/jetbrains/kotlin/storage/NotNullLazyValue
instanceKlass org/jetbrains/kotlin/storage/SimpleLock
instanceKlass org/jetbrains/kotlin/storage/LockBasedStorageManager
instanceKlass org/jetbrains/kotlin/storage/StorageManager
instanceKlass kotlin/TuplesKt
instanceKlass kotlin/internal/ProgressionUtilKt
instanceKlass kotlin/ranges/IntRange$Companion
instanceKlass kotlin/ranges/IntProgression$Companion
instanceKlass kotlin/ranges/IntProgression
instanceKlass kotlin/ranges/OpenEndRange
instanceKlass kotlin/ranges/ClosedRange
instanceKlass kotlin/KotlinVersionCurrentValue
instanceKlass kotlin/KotlinVersion$Companion
instanceKlass kotlin/KotlinVersion
instanceKlass org/jetbrains/kotlin/load/java/ReportLevel$Companion
instanceKlass org/jetbrains/kotlin/load/java/JavaNullabilityAnnotationsStatus$Companion
instanceKlass org/jetbrains/kotlin/load/java/JavaNullabilityAnnotationsStatus
instanceKlass kotlin/Pair
instanceKlass org/jetbrains/kotlin/load/java/NullabilityAnnotationStatesImpl
instanceKlass org/jetbrains/kotlin/load/java/NullabilityAnnotationStates
instanceKlass org/jetbrains/kotlin/load/java/JavaNullabilityAnnotationSettingsKt
instanceKlass org/jetbrains/kotlin/load/java/JavaTypeEnhancementState$Companion
instanceKlass org/jetbrains/kotlin/load/java/JavaTypeEnhancementState
instanceKlass org/jetbrains/kotlin/config/JvmAnalysisFlags$Delegates$JavaTypeEnhancementStateWarnByDefault
instanceKlass org/jetbrains/kotlin/config/JvmAnalysisFlags
instanceKlass org/jetbrains/kotlin/config/AnalysisFlag$Delegates$ApiModeDisabledByDefault
instanceKlass org/jetbrains/kotlin/config/AnalysisFlag$Delegates$ListOfStrings
instanceKlass org/jetbrains/kotlin/config/AnalysisFlag
instanceKlass org/jetbrains/kotlin/config/AnalysisFlag$Delegate
instanceKlass kotlin/properties/ReadOnlyProperty
instanceKlass org/jetbrains/kotlin/config/AnalysisFlag$Delegates$Boolean
instanceKlass kotlin/reflect/KProperty$Getter
instanceKlass kotlin/reflect/KProperty$Accessor
instanceKlass org/jetbrains/kotlin/config/AnalysisFlags
instanceKlass org/jetbrains/kotlin/config/LanguageVersionSettingsImpl$Companion
instanceKlass org/jetbrains/kotlin/config/LanguageVersionSettings$Companion
instanceKlass org/jetbrains/kotlin/config/LanguageVersionSettingsImpl
instanceKlass java/math/MutableBigInteger
instanceKlass org/jetbrains/kotlin/config/MavenComparableVersion$IntegerItem
instanceKlass org/jetbrains/kotlin/config/MavenComparableVersion$Item
instanceKlass org/jetbrains/kotlin/config/MavenComparableVersion
instanceKlass org/jetbrains/kotlin/config/ApiVersion$Companion
instanceKlass org/jetbrains/kotlin/config/ApiVersion
instanceKlass org/jetbrains/kotlin/config/LanguageVersion$Companion
instanceKlass org/jetbrains/kotlin/config/IncrementalCompilation
instanceKlass org/jetbrains/kotlin/cli/common/UtilsKt
instanceKlass org/jetbrains/kotlin/config/CommonConfigurationKeys
instanceKlass org/jetbrains/kotlin/cli/common/messages/IrMessageCollector$Companion
instanceKlass org/jetbrains/kotlin/cli/common/messages/IrMessageCollector
instanceKlass org/jetbrains/kotlin/ir/util/IrMessageLogger$Companion
instanceKlass org/jetbrains/kotlin/ir/util/IrMessageLogger
instanceKlass org/jetbrains/kotlin/com/google/common/collect/AbstractMapEntry
instanceKlass org/jetbrains/kotlin/com/google/common/collect/LinkedHashMultimap$ValueSetLink
instanceKlass org/jetbrains/kotlin/com/google/common/collect/CollectPreconditions
instanceKlass org/jetbrains/kotlin/com/google/common/base/Preconditions
instanceKlass org/jetbrains/kotlin/com/google/common/collect/ImmutableMap
instanceKlass org/jetbrains/kotlin/com/google/common/collect/BiMap
instanceKlass org/jetbrains/kotlin/com/google/common/collect/Maps$EntryTransformer
instanceKlass org/jetbrains/kotlin/com/google/common/base/Converter
instanceKlass org/jetbrains/kotlin/com/google/common/collect/UnmodifiableIterator
instanceKlass org/jetbrains/kotlin/com/google/common/base/Function
instanceKlass org/jetbrains/kotlin/com/google/common/collect/SortedMapDifference
instanceKlass org/jetbrains/kotlin/com/google/common/collect/MapDifference
instanceKlass org/jetbrains/kotlin/com/google/common/collect/Maps
instanceKlass jdk/internal/logger/DefaultLoggerFinder$1
instanceKlass java/util/logging/Logger$SystemLoggerHelper$1
instanceKlass java/util/logging/Logger$SystemLoggerHelper
instanceKlass java/util/logging/LogManager$4
instanceKlass jdk/internal/logger/BootstrapLogger$BootstrapExecutors
instanceKlass jdk/internal/logger/BootstrapLogger$RedirectedLoggers
instanceKlass java/util/ServiceLoader$ProviderImpl
instanceKlass java/util/ServiceLoader$Provider
instanceKlass java/util/ServiceLoader$1
instanceKlass java/util/concurrent/CopyOnWriteArrayList$COWIterator
instanceKlass jdk/internal/loader/URLClassPath$1
instanceKlass java/lang/CompoundEnumeration
instanceKlass jdk/internal/loader/BuiltinClassLoader$1
instanceKlass java/util/Collections$EmptyEnumeration
instanceKlass java/util/Collections$EmptyIterator
instanceKlass java/util/ServiceLoader$3
instanceKlass java/util/ServiceLoader$2
instanceKlass java/util/ServiceLoader$LazyClassPathLookupIterator
instanceKlass java/util/Spliterators$1Adapter
instanceKlass java/util/Spliterators$ArraySpliterator
instanceKlass java/util/Spliterator$OfDouble
instanceKlass java/util/Spliterator$OfLong
instanceKlass java/util/Spliterator$OfInt
instanceKlass java/util/Spliterator$OfPrimitive
instanceKlass java/util/Spliterators$EmptySpliterator
instanceKlass java/util/Spliterators
instanceKlass java/util/ServiceLoader$ModuleServicesLookupIterator
instanceKlass java/util/ServiceLoader
instanceKlass jdk/internal/logger/BootstrapLogger$DetectBackend$1
instanceKlass jdk/internal/logger/BootstrapLogger$DetectBackend
instanceKlass jdk/internal/logger/BootstrapLogger
instanceKlass sun/util/logging/PlatformLogger$ConfigurableBridge
instanceKlass sun/util/logging/PlatformLogger$Bridge
instanceKlass java/lang/System$Logger
instanceKlass java/util/stream/Streams
instanceKlass java/util/stream/Streams$AbstractStreamBuilderImpl
instanceKlass java/util/stream/Stream$Builder
instanceKlass java/util/stream/Sink$ChainedReference
instanceKlass  @bci java/util/stream/FindOps$FindSink$OfRef <clinit> ()V 43 <appendix> argL0 ; # java/util/stream/FindOps$FindSink$OfRef$$Lambda+0x00000001000f7cc0
instanceKlass  @bci java/util/stream/FindOps$FindSink$OfRef <clinit> ()V 38 <appendix> argL0 ; # java/util/stream/FindOps$FindSink$OfRef$$Lambda+0x00000001000f7a40
instanceKlass  @bci java/util/stream/FindOps$FindSink$OfRef <clinit> ()V 16 <appendix> argL0 ; # java/util/stream/FindOps$FindSink$OfRef$$Lambda+0x00000001000f77f0
instanceKlass  @bci java/util/stream/FindOps$FindSink$OfRef <clinit> ()V 11 <appendix> argL0 ; # java/util/stream/FindOps$FindSink$OfRef$$Lambda+0x00000001000f7570
instanceKlass java/util/stream/FindOps$FindOp
instanceKlass java/util/stream/TerminalOp
instanceKlass java/util/stream/FindOps$FindSink
instanceKlass java/util/stream/TerminalSink
instanceKlass java/util/stream/Sink
instanceKlass java/util/stream/FindOps
instanceKlass  @bci java/util/logging/Level$KnownLevel findByName (Ljava/lang/String;Ljava/util/function/Function;)Ljava/util/Optional; 29 <appendix> argL0 ; # java/util/logging/Level$KnownLevel$$Lambda+0x00000001000f5c50
instanceKlass java/util/EnumMap$1
instanceKlass java/util/stream/StreamOpFlag$MaskBuilder
instanceKlass java/util/stream/PipelineHelper
instanceKlass java/util/stream/Stream
instanceKlass java/util/stream/BaseStream
instanceKlass java/util/stream/StreamSupport
instanceKlass java/util/ArrayList$ArrayListSpliterator
instanceKlass java/util/Spliterator
instanceKlass  @bci java/util/logging/Level findLevel (Ljava/lang/String;)Ljava/util/logging/Level; 13 <appendix> argL0 ; # java/util/logging/Level$$Lambda+0x00000001000f1d78
instanceKlass java/util/Hashtable$Enumerator
instanceKlass java/util/Collections$SynchronizedCollection
instanceKlass java/util/Properties$EntrySet
instanceKlass java/util/Collections$3
instanceKlass java/util/logging/LogManager$LoggerContext$1
instanceKlass java/util/logging/LogManager$VisitedLoggers
instanceKlass java/util/function/Predicate
instanceKlass  @bci java/util/logging/LogManager$LoggerContext$1 run ()Ljava/lang/Void; 22 <appendix> form vmentry <vmtarget> ; # java/lang/invoke/LambdaForm$MH+0x0000000100100000
instanceKlass java/util/logging/LogManager$2
instanceKlass java/lang/System$LoggerFinder
instanceKlass java/security/Security$1
instanceKlass jdk/internal/access/JavaSecurityPropertiesAccess
instanceKlass java/util/concurrent/ConcurrentHashMap$MapEntry
instanceKlass java/util/Properties$LineReader
instanceKlass  @bci java/security/Security <clinit> ()V 9 <appendix> argL0 ; # java/security/Security$$Lambda+0x00000001000bd628
instanceKlass java/security/Security
instanceKlass sun/security/util/SecurityProperties
instanceKlass sun/security/util/FilePermCompat
instanceKlass java/util/logging/LogManager$LoggingProviderAccess
instanceKlass sun/util/logging/internal/LoggingProviderImpl$LogManagerAccess
instanceKlass java/lang/Shutdown$Lock
instanceKlass java/lang/Shutdown
instanceKlass java/lang/ApplicationShutdownHooks$1
instanceKlass java/lang/ApplicationShutdownHooks
instanceKlass java/util/Collections$SynchronizedMap
instanceKlass java/util/logging/LogManager$LogNode
instanceKlass java/util/logging/LogManager$LoggerContext
instanceKlass java/util/logging/LogManager$1
instanceKlass java/util/logging/LogManager
instanceKlass java/util/logging/Logger$ConfigurationData
instanceKlass java/util/logging/Logger$LoggerBundle
instanceKlass  @bci java/util/logging/Level$KnownLevel add (Ljava/util/logging/Level;)V 49 <appendix> argL0 ; # java/util/logging/Level$KnownLevel$$Lambda+0x00000001000b9c20
instanceKlass  @bci java/util/logging/Level$KnownLevel add (Ljava/util/logging/Level;)V 19 <appendix> argL0 ; # java/util/logging/Level$KnownLevel$$Lambda+0x00000001000b99b0
instanceKlass java/util/logging/Level
instanceKlass java/util/logging/Handler
instanceKlass java/util/logging/Logger
instanceKlass org/jetbrains/kotlin/com/google/common/collect/Platform
instanceKlass org/jetbrains/kotlin/com/google/common/collect/Multiset
instanceKlass org/jetbrains/kotlin/com/google/common/collect/AbstractMultimap
instanceKlass org/jetbrains/kotlin/com/google/common/collect/SetMultimap
instanceKlass org/jetbrains/kotlin/com/google/common/collect/Multimap
instanceKlass org/jetbrains/kotlin/cli/common/messages/GroupingMessageCollector
instanceKlass org/jetbrains/kotlin/it/unimi/dsi/fastutil/HashCommon
instanceKlass org/jetbrains/kotlin/it/unimi/dsi/fastutil/ints/Int2ObjectMap$FastEntrySet
instanceKlass org/jetbrains/kotlin/it/unimi/dsi/fastutil/objects/ObjectSet
instanceKlass org/jetbrains/kotlin/it/unimi/dsi/fastutil/ints/IntSet
instanceKlass org/jetbrains/kotlin/it/unimi/dsi/fastutil/ints/IntCollection
instanceKlass org/jetbrains/kotlin/it/unimi/dsi/fastutil/ints/IntIterable
instanceKlass org/jetbrains/kotlin/it/unimi/dsi/fastutil/objects/ObjectCollection
instanceKlass org/jetbrains/kotlin/it/unimi/dsi/fastutil/objects/ObjectIterable
instanceKlass org/jetbrains/kotlin/it/unimi/dsi/fastutil/ints/AbstractInt2ObjectFunction
instanceKlass org/jetbrains/kotlin/it/unimi/dsi/fastutil/Hash
instanceKlass org/jetbrains/kotlin/it/unimi/dsi/fastutil/ints/Int2ObjectMap
instanceKlass org/jetbrains/kotlin/it/unimi/dsi/fastutil/ints/Int2ObjectFunction
instanceKlass java/util/function/IntFunction
instanceKlass org/jetbrains/kotlin/it/unimi/dsi/fastutil/Function
instanceKlass org/jetbrains/kotlin/com/intellij/util/containers/IntKeyWeakValueHashMap
instanceKlass org/jetbrains/kotlin/com/intellij/util/containers/ConcurrentList
instanceKlass org/jetbrains/kotlin/com/intellij/util/containers/ConcurrentIntObjectMap
instanceKlass org/jetbrains/kotlin/com/intellij/util/containers/IntObjectMap
instanceKlass org/jetbrains/kotlin/com/intellij/util/containers/ConcurrentLongObjectMap
instanceKlass org/jetbrains/kotlin/com/intellij/util/containers/ContainerUtil
instanceKlass org/jetbrains/kotlin/com/intellij/openapi/util/Key
instanceKlass org/jetbrains/kotlin/config/CompilerConfigurationKey
instanceKlass org/jetbrains/kotlin/cli/common/CLIConfigurationKeys
instanceKlass org/jetbrains/kotlin/utils/SmartList$EmptyIterator
instanceKlass org/jetbrains/kotlin/cli/common/ArgumentsKt
instanceKlass java/net/URLConnection
instanceKlass org/jetbrains/kotlin/cli/common/messages/PrintingMessageCollector
instanceKlass kotlin/jvm/internal/CollectionToArray
# instanceKlass java/lang/invoke/LambdaForm$MH+0x00000001000e6c00
# instanceKlass java/lang/invoke/LambdaForm$MH+0x00000001000e6800
# instanceKlass java/lang/invoke/LambdaForm$MH+0x00000001000e6400
instanceKlass  @cpi org/jetbrains/kotlin/com/intellij/openapi/extensions/impl/ExtensionPointImpl 243 form vmentry <vmtarget> ; # java/lang/invoke/LambdaForm$DMH+0x00000001000e6000
# instanceKlass java/lang/invoke/LambdaForm$MH+0x00000001000e5c00
# instanceKlass java/lang/invoke/LambdaForm$MH+0x00000001000e5800
# instanceKlass java/lang/invoke/LambdaForm$MH+0x00000001000e5400
# instanceKlass java/lang/invoke/LambdaForm$BMH+0x00000001000e5000
# instanceKlass java/lang/invoke/LambdaForm$MH+0x00000001000e4c00
# instanceKlass java/lang/invoke/LambdaForm$DMH+0x00000001000e4800
instanceKlass java/lang/invoke/ClassSpecializer$Factory$1Var
instanceKlass java/lang/invoke/MethodHandles$1
# instanceKlass java/lang/invoke/LambdaForm$DMH+0x00000001000e4400
instanceKlass sun/invoke/util/ValueConversions$1
instanceKlass sun/invoke/util/ValueConversions$WrapperCache
# instanceKlass java/lang/invoke/LambdaForm$DMH+0x00000001000e4000
instanceKlass kotlin/reflect/jvm/internal/pcollections/MapEntry
instanceKlass kotlin/reflect/jvm/internal/ReflectProperties$Val$1
instanceKlass kotlin/reflect/jvm/internal/ReflectProperties$Val
instanceKlass kotlin/reflect/jvm/internal/ReflectProperties
instanceKlass  @bci java/util/regex/CharPredicates ASCII_DIGIT ()Ljava/util/regex/Pattern$BmpCharPredicate; 0 <appendix> argL0 ; # java/util/regex/CharPredicates$$Lambda+0x00000001000b5970
instanceKlass java/util/regex/CharPredicates
instanceKlass kotlin/text/Regex$Companion
instanceKlass kotlin/text/Regex
instanceKlass kotlin/jvm/internal/DefaultConstructorMarker
instanceKlass kotlin/reflect/jvm/internal/KDeclarationContainerImpl$Companion
instanceKlass kotlin/reflect/jvm/internal/KTypeParameterOwnerImpl
instanceKlass kotlin/reflect/jvm/internal/KClassifierImpl
instanceKlass kotlin/reflect/jvm/internal/pcollections/ConsPStack
instanceKlass kotlin/reflect/jvm/internal/pcollections/IntTree
instanceKlass kotlin/reflect/jvm/internal/pcollections/IntTreePMap
instanceKlass kotlin/reflect/jvm/internal/pcollections/HashPMap
instanceKlass kotlin/reflect/jvm/internal/KClassCacheKt
instanceKlass kotlin/reflect/jvm/internal/KDeclarationContainerImpl
instanceKlass kotlin/jvm/internal/ClassBasedDeclarationContainer
instanceKlass kotlin/reflect/KMutableProperty1
instanceKlass kotlin/reflect/KProperty1
instanceKlass kotlin/reflect/KMutableProperty0
instanceKlass kotlin/reflect/KProperty0
instanceKlass kotlin/reflect/KTypeParameter
instanceKlass kotlin/reflect/KMutableProperty2
instanceKlass kotlin/reflect/KMutableProperty
instanceKlass kotlin/reflect/KProperty2
instanceKlass kotlin/reflect/KProperty
instanceKlass kotlin/reflect/KType
instanceKlass kotlin/reflect/KClass
instanceKlass kotlin/jvm/internal/ReflectionFactory
instanceKlass kotlin/reflect/KClassifier
instanceKlass kotlin/jvm/internal/Reflection
instanceKlass kotlin/jvm/JvmClassMappingKt
# instanceKlass java/lang/invoke/LambdaForm$MH+0x00000001000d8800
instanceKlass java/lang/invoke/MethodHandle$1
instanceKlass org/jetbrains/kotlin/config/LanguageVersionSettings
instanceKlass org/jetbrains/kotlin/cli/common/messages/MessageCollector
instanceKlass org/jetbrains/kotlin/config/LanguageOrApiVersion
instanceKlass org/jetbrains/kotlin/utils/DescriptionAware
instanceKlass kotlin/collections/builders/MapBuilder$EntryRef
instanceKlass kotlin/jvm/internal/markers/KMutableMap$Entry
instanceKlass kotlin/collections/builders/MapBuilder$Itr
instanceKlass kotlin/jvm/internal/markers/KMutableIterator
instanceKlass org/jetbrains/kotlin/cli/common/arguments/ArgumentField
instanceKlass org/jetbrains/kotlin/util/capitalizeDecapitalize/CapitalizeDecapitalizeKt
instanceKlass org/jetbrains/kotlin/name/ClassId
instanceKlass org/jetbrains/kotlin/name/FqNameUnsafe$1
instanceKlass java/util/regex/Pattern$TreeInfo
instanceKlass  @bci java/util/regex/Pattern Single (I)Ljava/util/regex/Pattern$BmpCharPredicate; 1 <appendix> member <vmtarget> ; # java/util/regex/Pattern$$Lambda+0x00000001000b3208
instanceKlass java/util/regex/Pattern$BmpCharPredicate
instanceKlass java/util/regex/Pattern$CharPredicate
instanceKlass java/util/regex/Pattern$Node
instanceKlass java/util/regex/Pattern
instanceKlass org/jetbrains/kotlin/name/Name
instanceKlass org/jetbrains/kotlin/name/FqNameUnsafe
instanceKlass org/jetbrains/kotlin/name/FqName
instanceKlass org/jetbrains/kotlin/load/java/JvmAbi
instanceKlass kotlin/Metadata
instanceKlass java/lang/annotation/Target
# instanceKlass java/lang/invoke/LambdaForm$MH+0x00000001000d8400
# instanceKlass java/lang/invoke/LambdaForm$MH+0x00000001000d8000
instanceKlass java/lang/reflect/Proxy$ProxyBuilder$1
instanceKlass jdk/internal/org/objectweb/asm/Edge
instanceKlass  @bci java/lang/reflect/ProxyGenerator addProxyMethod (Ljava/lang/reflect/Method;Ljava/lang/Class;)V 23 <appendix> argL0 ; # java/lang/reflect/ProxyGenerator$$Lambda+0x00000001000b0148
instanceKlass  @bci java/lang/reflect/ProxyGenerator addProxyMethod (Ljava/lang/reflect/ProxyGenerator$ProxyMethod;)V 10 <appendix> argL0 ; # java/lang/reflect/ProxyGenerator$$Lambda+0x00000001000afed8
instanceKlass java/util/StringJoiner
instanceKlass java/lang/reflect/ProxyGenerator$ProxyMethod
instanceKlass  @bci java/lang/reflect/Proxy getLoader (Ljava/lang/Module;)Ljava/lang/ClassLoader; 6 <appendix> member <vmtarget> ; # java/lang/reflect/Proxy$$Lambda+0x00000001000af220
instanceKlass  @bci java/lang/WeakPairMap computeIfAbsent (Ljava/lang/Object;Ljava/lang/Object;Ljava/util/function/BiFunction;)Ljava/lang/Object; 18 <appendix> member <vmtarget> ; # java/lang/WeakPairMap$$Lambda+0x00000001000aed68
instanceKlass  @bci java/lang/Module implAddExportsOrOpens (Ljava/lang/String;Ljava/lang/Module;ZZ)V 145 <appendix> argL0 ; # java/lang/Module$$Lambda+0x00000001000aeb08
instanceKlass  @bci java/lang/module/ModuleDescriptor$Builder packages (Ljava/util/Set;)Ljava/lang/module/ModuleDescriptor$Builder; 17 <appendix> argL0 ; # java/lang/module/ModuleDescriptor$Builder$$Lambda+0x00000001000adac8
instanceKlass java/lang/WeakPairMap$Pair$Lookup
instanceKlass java/lang/WeakPairMap$Pair
instanceKlass java/lang/WeakPairMap
instanceKlass java/lang/Module$ReflectionData
instanceKlass java/util/function/Consumer
instanceKlass jdk/internal/module/Checks
instanceKlass java/lang/module/ModuleDescriptor$Builder
instanceKlass  @bci java/lang/reflect/Proxy$ProxyBuilder getDynamicModule (Ljava/lang/ClassLoader;)Ljava/lang/Module; 4 <appendix> argL0 ; # java/lang/reflect/Proxy$ProxyBuilder$$Lambda+0x00000001000ac8b8
instanceKlass java/util/LinkedHashMap$LinkedHashIterator
instanceKlass java/lang/PublicMethods
instanceKlass java/util/Collections$1
instanceKlass java/lang/reflect/Proxy$ProxyBuilder
instanceKlass  @bci java/lang/reflect/Proxy getProxyConstructor (Ljava/lang/Class;Ljava/lang/ClassLoader;[Ljava/lang/Class;)Ljava/lang/reflect/Constructor; 35 <appendix> argL0 ; # java/lang/reflect/Proxy$$Lambda+0x00000001000aaff8
instanceKlass java/lang/ClassValue$Version
instanceKlass java/lang/ClassValue$Identity
instanceKlass java/lang/ClassValue
instanceKlass java/lang/reflect/Proxy
instanceKlass sun/reflect/annotation/AnnotationInvocationHandler
instanceKlass java/lang/reflect/InvocationHandler
instanceKlass sun/reflect/annotation/AnnotationParser$1
instanceKlass kotlin/annotation/Target
instanceKlass java/lang/annotation/Inherited
instanceKlass java/lang/annotation/Retention
instanceKlass sun/reflect/annotation/ExceptionProxy
instanceKlass sun/reflect/annotation/AnnotationType$1
instanceKlass sun/reflect/annotation/AnnotationType
instanceKlass java/lang/reflect/GenericArrayType
instanceKlass sun/reflect/generics/visitor/Reifier
instanceKlass sun/reflect/generics/visitor/TypeTreeVisitor
instanceKlass sun/reflect/generics/factory/CoreReflectionFactory
instanceKlass sun/reflect/generics/factory/GenericsFactory
instanceKlass sun/reflect/generics/scope/AbstractScope
instanceKlass sun/reflect/generics/scope/Scope
instanceKlass sun/reflect/generics/tree/ClassTypeSignature
instanceKlass sun/reflect/generics/tree/SimpleClassTypeSignature
instanceKlass sun/reflect/generics/tree/FieldTypeSignature
instanceKlass sun/reflect/generics/tree/BaseType
instanceKlass sun/reflect/generics/tree/TypeSignature
instanceKlass sun/reflect/generics/tree/ReturnType
instanceKlass sun/reflect/generics/tree/TypeArgument
instanceKlass sun/reflect/generics/tree/TypeTree
instanceKlass sun/reflect/generics/tree/Tree
instanceKlass sun/reflect/generics/parser/SignatureParser
instanceKlass kotlin/jvm/internal/markers/KMutableSet
instanceKlass kotlin/jvm/internal/markers/KMutableCollection
instanceKlass kotlin/jvm/internal/markers/KMutableIterable
instanceKlass sun/reflect/annotation/AnnotationParser
instanceKlass org/jetbrains/kotlin/cli/common/arguments/Argument
instanceKlass kotlin/collections/EmptySet
instanceKlass kotlin/collections/EmptyMap
instanceKlass kotlin/ranges/RangesKt__RangesKt
instanceKlass kotlin/collections/builders/ListBuilderKt
instanceKlass kotlin/collections/builders/MapBuilder$Companion
instanceKlass kotlin/collections/builders/MapBuilder
instanceKlass kotlin/jvm/internal/markers/KMutableMap
instanceKlass kotlin/collections/MapsKt__MapWithDefaultKt
instanceKlass java/io/FileInputStream$1
instanceKlass kotlin/io/CloseableKt
instanceKlass kotlin/text/CharsKt__CharJVMKt
instanceKlass java/nio/charset/CoderResult
instanceKlass kotlin/sequences/GeneratorSequence$iterator$1
instanceKlass java/lang/invoke/VarHandle$AccessDescriptor
instanceKlass java/lang/invoke/VarForm
instanceKlass java/lang/invoke/VarHandleGuards
instanceKlass java/lang/invoke/VarHandles
instanceKlass java/util/concurrent/atomic/AtomicReference
instanceKlass kotlin/sequences/ConstrainedOnceSequence
instanceKlass kotlin/sequences/GeneratorSequence
instanceKlass kotlin/sequences/Sequence
instanceKlass kotlin/sequences/SequencesKt__SequenceBuilderKt
instanceKlass java/io/Reader
instanceKlass java/lang/Readable
instanceKlass kotlin/text/Charsets
instanceKlass org/jetbrains/kotlin/cli/common/arguments/ArgumentParseErrors
instanceKlass java/util/Arrays$ArrayItr
instanceKlass org/jetbrains/kotlin/cli/common/arguments/PreprocessCommandLineArgumentsKt
instanceKlass kotlin/UNINITIALIZED_VALUE
instanceKlass kotlin/SynchronizedLazyImpl
instanceKlass kotlin/Lazy
instanceKlass kotlin/LazyKt__LazyJVMKt
instanceKlass kotlin/jvm/internal/Lambda
instanceKlass kotlin/jvm/functions/Function0
instanceKlass org/jetbrains/kotlin/cli/common/arguments/ParseCommandLineArgumentsKt
instanceKlass kotlin/collections/ArraysUtilJVM
instanceKlass kotlin/collections/ArraysKt__ArraysJVMKt
instanceKlass java/lang/ProcessEnvironment$CheckedEntry
instanceKlass java/lang/ProcessEnvironment$CheckedEntrySet$1
instanceKlass java/lang/ProcessEnvironment$EntryComparator
instanceKlass java/lang/ProcessEnvironment$NameComparator
instanceKlass org/jetbrains/kotlin/config/JvmDefaultMode$Companion
instanceKlass org/jetbrains/kotlin/config/JVMAssertionsMode$Companion
instanceKlass org/jetbrains/kotlin/config/ExplicitApiMode$Companion
instanceKlass kotlin/collections/EmptyList
instanceKlass kotlin/collections/CollectionsKt__CollectionsJVMKt
instanceKlass org/jetbrains/kotlin/cli/common/arguments/K2JVMCompilerArguments$Companion
instanceKlass org/jetbrains/kotlin/cli/common/arguments/CommonCompilerArguments$Companion
instanceKlass org/jetbrains/kotlin/cli/common/arguments/CommonToolArguments$Companion
instanceKlass org/jetbrains/kotlin/config/Services$Builder
instanceKlass org/jetbrains/kotlin/config/Services$Companion
instanceKlass org/jetbrains/kotlin/cli/common/messages/XcodeStyleMessageRenderer
instanceKlass org/jetbrains/kotlin/cli/common/messages/GradleStyleMessageRenderer
# instanceKlass java/lang/invoke/LambdaForm$MH+0x00000001000c4400
instanceKlass jdk/internal/reflect/MethodHandleAccessorFactory$LazyStaticHolder
instanceKlass java/lang/Class$3
instanceKlass kotlin/text/StringsKt__AppendableKt
instanceKlass org/jetbrains/kotlin/cli/common/PropertiesKt
instanceKlass org/jetbrains/kotlin/cli/common/messages/PlainTextMessageRenderer
instanceKlass org/jetbrains/kotlin/cli/common/messages/XmlMessageRenderer
instanceKlass org/jetbrains/kotlin/cli/common/messages/MessageRenderer
instanceKlass org/jetbrains/kotlin/com/intellij/openapi/application/ApplicationManager
instanceKlass  @bci org/jetbrains/kotlin/resolve/jvm/kotlinSignature/SignaturesPropagationData getSuperFunctionsForMethod (Lorg/jetbrains/kotlin/load/java/structure/JavaMethod;Lorg/jetbrains/kotlin/load/java/descriptors/JavaMethodDescriptor;Lorg/jetbrains/kotlin/descriptors/ClassDescriptor;)Ljava/util/List; 219 <appendix> form vmentry <vmtarget> ; # java/lang/invoke/LambdaForm$MH+0x00000001000c4000
instanceKlass java/util/ArrayList$Itr
instanceKlass java/lang/invoke/InvokerBytecodeGenerator$ClassData
instanceKlass jdk/internal/org/objectweb/asm/Frame
instanceKlass java/lang/invoke/LambdaFormBuffer
instanceKlass java/lang/invoke/LambdaFormEditor$TransformKey
instanceKlass java/lang/invoke/LambdaFormEditor
instanceKlass java/lang/invoke/DelegatingMethodHandle$Holder
instanceKlass java/lang/invoke/DirectMethodHandle$2
instanceKlass java/lang/invoke/ClassSpecializer$Factory
instanceKlass java/lang/invoke/ClassSpecializer$SpeciesData
instanceKlass java/lang/invoke/ClassSpecializer$1
instanceKlass java/lang/invoke/ClassSpecializer
instanceKlass  @bci org/jetbrains/kotlin/com/intellij/openapi/diagnostic/Logger <clinit> ()V 11 <appendix> argL0 ; # org/jetbrains/kotlin/com/intellij/openapi/diagnostic/Logger$$Lambda+0x00000001000c2b98
instanceKlass org/jetbrains/kotlin/com/intellij/openapi/diagnostic/Attachment
instanceKlass org/jetbrains/kotlin/com/intellij/openapi/diagnostic/Logger$DefaultFactory
instanceKlass org/jetbrains/kotlin/com/intellij/openapi/diagnostic/Logger$Factory
instanceKlass org/jetbrains/kotlin/com/intellij/openapi/diagnostic/Logger
instanceKlass org/jetbrains/kotlin/cli/jvm/compiler/IdeaStandaloneExecutionSetup
instanceKlass org/jetbrains/kotlin/cli/jvm/compiler/CompatKt
instanceKlass kotlin/jvm/functions/Function2
instanceKlass kotlin/jvm/internal/CallableReference$NoReceiver
instanceKlass kotlin/reflect/KDeclarationContainer
instanceKlass kotlin/jvm/internal/CallableReference
instanceKlass kotlin/reflect/KFunction
instanceKlass kotlin/reflect/KCallable
instanceKlass kotlin/reflect/KAnnotatedElement
instanceKlass kotlin/jvm/internal/FunctionBase
instanceKlass kotlin/jvm/functions/Function1
instanceKlass kotlin/Function
instanceKlass org/jetbrains/kotlin/cli/common/CompilerSystemProperties$Companion
instanceKlass kotlin/collections/AbstractList$Companion
instanceKlass kotlin/collections/AbstractCollection
instanceKlass kotlin/enums/EnumEntries
instanceKlass kotlin/jvm/internal/markers/KMappedMarker
instanceKlass kotlin/enums/EnumEntriesKt
instanceKlass org/jetbrains/kotlin/util/PerformanceCounter$Companion
instanceKlass org/jetbrains/kotlin/util/PerformanceCounter
instanceKlass sun/nio/ch/Util$BufferCache
instanceKlass sun/nio/ch/Util
instanceKlass sun/nio/ch/IOStatus
instanceKlass sun/nio/ch/NativeThread
instanceKlass java/io/ExternalChannelHolder
instanceKlass sun/nio/ch/NativeThreadSet
instanceKlass sun/nio/ch/IOUtil
instanceKlass sun/nio/ch/NativeDispatcher
instanceKlass java/nio/channels/spi/AbstractInterruptibleChannel
instanceKlass java/nio/channels/InterruptibleChannel
instanceKlass java/nio/channels/ScatteringByteChannel
instanceKlass java/nio/channels/GatheringByteChannel
instanceKlass java/nio/channels/SeekableByteChannel
instanceKlass java/nio/channels/ByteChannel
instanceKlass java/nio/channels/WritableByteChannel
instanceKlass java/nio/channels/ReadableByteChannel
instanceKlass java/nio/channels/Channel
instanceKlass sun/nio/fs/WindowsChannelFactory$2
instanceKlass sun/nio/fs/WindowsChannelFactory$Flags
instanceKlass sun/nio/fs/WindowsChannelFactory$1
instanceKlass sun/nio/fs/WindowsChannelFactory
instanceKlass sun/nio/fs/WindowsSecurityDescriptor
instanceKlass java/nio/file/attribute/FileAttribute
instanceKlass com/jetbrains/internal/IoOverNio$ParentForFileChannelImplHolder
instanceKlass sun/invoke/empty/Empty
instanceKlass sun/invoke/util/VerifyType
instanceKlass  @bci sun/nio/fs/ExtendedOptions$InternalOption registerInternal (Ljava/lang/Object;Ljava/lang/Object;)V 16 <appendix> member <vmtarget> ; # sun/nio/fs/ExtendedOptions$InternalOption$$Lambda+0x0000000100093258
instanceKlass java/lang/invoke/MethodHandles$Lookup$ClassDefiner
instanceKlass java/lang/invoke/MethodHandles$Lookup$ClassFile
instanceKlass jdk/internal/org/objectweb/asm/Handler
instanceKlass jdk/internal/org/objectweb/asm/AnnotationVisitor
instanceKlass jdk/internal/org/objectweb/asm/Attribute
instanceKlass jdk/internal/org/objectweb/asm/Label
instanceKlass jdk/internal/org/objectweb/asm/MethodVisitor
instanceKlass jdk/internal/org/objectweb/asm/FieldVisitor
instanceKlass java/lang/invoke/LambdaProxyClassArchive
instanceKlass jdk/internal/org/objectweb/asm/ByteVector
instanceKlass jdk/internal/org/objectweb/asm/Symbol
instanceKlass jdk/internal/org/objectweb/asm/SymbolTable
instanceKlass jdk/internal/org/objectweb/asm/ClassVisitor
instanceKlass java/lang/invoke/InfoFromMemberName
instanceKlass java/lang/invoke/MethodHandleInfo
instanceKlass jdk/internal/org/objectweb/asm/ConstantDynamic
instanceKlass sun/invoke/util/BytecodeDescriptor
instanceKlass jdk/internal/org/objectweb/asm/Handle
instanceKlass sun/security/action/GetBooleanAction
instanceKlass jdk/internal/org/objectweb/asm/Type
instanceKlass java/lang/invoke/AbstractValidatingLambdaMetafactory
instanceKlass java/lang/invoke/MethodHandleImpl$1
instanceKlass jdk/internal/access/JavaLangInvokeAccess
instanceKlass java/lang/invoke/Invokers$Holder
instanceKlass java/lang/invoke/BootstrapMethodInvoker
instanceKlass java/lang/invoke/InvokerBytecodeGenerator$1
instanceKlass java/lang/invoke/InvokerBytecodeGenerator
instanceKlass java/lang/invoke/LambdaForm$Holder
instanceKlass java/lang/invoke/LambdaForm$Name
instanceKlass java/lang/invoke/Invokers
instanceKlass java/lang/invoke/MethodHandleImpl
instanceKlass sun/invoke/util/ValueConversions
instanceKlass java/lang/invoke/DirectMethodHandle$Holder
instanceKlass java/lang/invoke/LambdaForm$NamedFunction
instanceKlass sun/invoke/util/Wrapper$Format
instanceKlass java/lang/invoke/MethodTypeForm
instanceKlass jdk/internal/util/StrongReferenceKey
instanceKlass jdk/internal/util/ReferenceKey
instanceKlass jdk/internal/util/ReferencedKeyMap
instanceKlass java/lang/invoke/MethodType$1
instanceKlass java/lang/invoke/LambdaMetafactory
instanceKlass sun/nio/fs/ExtendedOptions$Wrapper
instanceKlass sun/nio/fs/ExtendedOptions$InternalOption
instanceKlass sun/nio/fs/ExtendedOptions
instanceKlass java/io/IoOverNioOsSpecific
instanceKlass java/nio/file/attribute/PosixFileAttributes
instanceKlass java/nio/file/attribute/DosFileAttributeView
instanceKlass jdk/internal/jimage/ImageLocation
instanceKlass jdk/internal/jimage/decompressor/Decompressor
instanceKlass jdk/internal/jimage/ImageStringsReader
instanceKlass jdk/internal/jimage/ImageStrings
instanceKlass jdk/internal/jimage/ImageHeader
instanceKlass jdk/internal/jimage/NativeImageBuffer$1
instanceKlass jdk/internal/jimage/NativeImageBuffer
instanceKlass jdk/internal/jimage/BasicImageReader$1
instanceKlass jdk/internal/jimage/BasicImageReader
instanceKlass jdk/internal/jimage/ImageReader
instanceKlass jdk/internal/jimage/ImageReaderFactory$1
instanceKlass java/net/URI$Parser
instanceKlass java/nio/file/FileSystems$DefaultFileSystemHolder$1
instanceKlass java/nio/file/FileSystems$DefaultFileSystemHolder
instanceKlass java/nio/file/FileSystems
instanceKlass java/nio/file/Paths
instanceKlass jdk/internal/jimage/ImageReaderFactory
instanceKlass jdk/internal/module/SystemModuleFinders$SystemImage
instanceKlass jdk/internal/module/SystemModuleFinders$SystemModuleReader
instanceKlass java/lang/module/ModuleReader
instanceKlass jdk/internal/loader/BuiltinClassLoader$5
instanceKlass jdk/internal/loader/BuiltinClassLoader$2
instanceKlass jdk/internal/module/Resources
instanceKlass kotlin/jvm/internal/Intrinsics
instanceKlass java/util/TreeMap$PrivateEntryIterator
instanceKlass java/util/TreeMap$Entry
instanceKlass java/util/NavigableMap
instanceKlass java/util/SortedMap
instanceKlass java/util/NavigableSet
instanceKlass java/util/SortedSet
instanceKlass java/util/SequencedSet
instanceKlass org/jetbrains/kotlin/cli/jvm/K2JVMCompiler$Companion
instanceKlass org/jetbrains/kotlin/cli/common/CLICompiler$Companion
instanceKlass org/jetbrains/kotlin/cli/common/CLITool$Companion
instanceKlass java/lang/Void
instanceKlass java/lang/PublicMethods$Key
instanceKlass java/lang/PublicMethods$MethodList
instanceKlass org/jetbrains/kotlin/utils/KotlinPaths
instanceKlass org/jetbrains/kotlin/com/intellij/openapi/Disposable
instanceKlass org/jetbrains/kotlin/config/CompilerConfiguration
instanceKlass org/jetbrains/kotlin/cli/common/CommonCompilerPerformanceManager
instanceKlass org/jetbrains/kotlin/config/Services
instanceKlass org/jetbrains/kotlin/cli/common/arguments/Freezable
instanceKlass org/jetbrains/kotlin/utils/exceptions/KotlinExceptionWithAttachments
instanceKlass org/jetbrains/kotlin/com/intellij/openapi/diagnostic/ExceptionWithAttachments
instanceKlass org/jetbrains/kotlin/com/intellij/openapi/diagnostic/ControlFlowException
instanceKlass jdk/internal/misc/PreviewFeatures
instanceKlass jdk/internal/misc/MainMethodFinder
instanceKlass org/jetbrains/kotlin/cli/common/CLITool
instanceKlass java/security/SecureClassLoader$DebugHolder
instanceKlass java/security/Permission
instanceKlass java/security/Guard
instanceKlass java/security/PermissionCollection
instanceKlass java/security/SecureClassLoader$1
instanceKlass java/util/zip/Checksum$1
instanceKlass java/util/zip/CRC32
instanceKlass java/util/zip/Checksum
instanceKlass sun/nio/ByteBuffered
instanceKlass java/lang/Package$VersionInfo
instanceKlass java/lang/NamedPackage
instanceKlass java/lang/reflect/Array
instanceKlass java/util/jar/Attributes$Name
instanceKlass java/util/SequencedMap
instanceKlass java/util/jar/Attributes
instanceKlass jdk/internal/loader/Resource
instanceKlass sun/security/action/GetIntegerAction
instanceKlass sun/security/util/Debug
instanceKlass sun/security/util/SignatureFileVerifier
instanceKlass java/util/zip/ZipFile$InflaterCleanupAction
instanceKlass java/util/zip/Inflater$InflaterZStreamRef
instanceKlass java/util/zip/Inflater
instanceKlass java/util/zip/ZipEntry
instanceKlass java/util/zip/ZipFile$2
instanceKlass java/nio/Bits$1
instanceKlass jdk/internal/misc/VM$BufferPool
instanceKlass java/nio/Bits
instanceKlass sun/nio/ch/DirectBuffer
instanceKlass jdk/internal/perf/PerfCounter$CoreCounters
instanceKlass jdk/internal/perf/Perf
instanceKlass jdk/internal/perf/Perf$GetPerfAction
instanceKlass jdk/internal/perf/PerfCounter
instanceKlass sun/util/locale/LocaleUtils
instanceKlass sun/util/locale/BaseLocale
instanceKlass java/util/Locale
instanceKlass java/nio/file/attribute/FileTime
instanceKlass java/util/zip/ZipUtils
instanceKlass java/util/zip/ZipFile$Source$End
instanceKlass java/util/zip/ZipFile$Source$RandomAccessFileAccessor
instanceKlass java/util/zip/ZipFile$Source$FileAccessor
instanceKlass com/jetbrains/internal/IoOverNio$RecursionGuard
instanceKlass java/io/RandomAccessFile$2
instanceKlass jdk/internal/access/JavaIORandomAccessFileAccess
instanceKlass java/io/RandomAccessFile
instanceKlass java/io/DataInput
instanceKlass java/io/DataOutput
instanceKlass sun/nio/fs/WindowsNativeDispatcher$CompletionStatus
instanceKlass sun/nio/fs/WindowsNativeDispatcher$AclInformation
instanceKlass sun/nio/fs/WindowsNativeDispatcher$Account
instanceKlass sun/nio/fs/WindowsNativeDispatcher$DiskFreeSpace
instanceKlass sun/nio/fs/WindowsNativeDispatcher$VolumeInformation
instanceKlass sun/nio/fs/WindowsNativeDispatcher$FirstStream
instanceKlass sun/nio/fs/WindowsNativeDispatcher$FirstFile
instanceKlass java/util/concurrent/ConcurrentHashMap$Traverser
instanceKlass java/util/Enumeration
instanceKlass jdk/internal/loader/NativeLibraries$3
instanceKlass jdk/internal/loader/NativeLibrary
instanceKlass java/util/ArrayDeque$DeqIterator
instanceKlass jdk/internal/loader/NativeLibraries$NativeLibraryContext$1
instanceKlass jdk/internal/loader/NativeLibraries$NativeLibraryContext
instanceKlass jdk/internal/loader/NativeLibraries$2
instanceKlass jdk/internal/loader/NativeLibraries$1
instanceKlass jdk/internal/loader/NativeLibraries$LibraryPaths
instanceKlass sun/nio/fs/WindowsNativeDispatcher
instanceKlass sun/nio/fs/NativeBuffer$Deallocator
instanceKlass sun/nio/fs/NativeBuffer
instanceKlass sun/nio/fs/NativeBuffers
instanceKlass sun/nio/fs/WindowsFileAttributes
instanceKlass java/nio/file/attribute/DosFileAttributes
instanceKlass sun/nio/fs/AbstractBasicFileAttributeView
instanceKlass sun/nio/fs/DynamicFileAttributeView
instanceKlass sun/nio/fs/WindowsFileAttributeViews
instanceKlass sun/nio/fs/Util
instanceKlass java/nio/file/attribute/BasicFileAttributeView
instanceKlass java/nio/file/attribute/FileAttributeView
instanceKlass java/nio/file/attribute/AttributeView
instanceKlass java/nio/file/Files
instanceKlass java/nio/file/CopyOption
instanceKlass java/nio/file/attribute/BasicFileAttributes
instanceKlass sun/nio/fs/WindowsPath
instanceKlass java/nio/file/Path
instanceKlass java/nio/file/Watchable
instanceKlass java/util/zip/ZipFile$Source$Key
instanceKlass sun/nio/fs/WindowsPathParser$Result
instanceKlass sun/nio/fs/WindowsPathParser
instanceKlass java/nio/file/FileSystem
instanceKlass java/nio/file/OpenOption
instanceKlass java/nio/file/spi/FileSystemProvider
instanceKlass sun/nio/fs/DefaultFileSystemProvider
instanceKlass java/util/zip/ZipFile$Source
instanceKlass java/util/zip/ZipCoder
instanceKlass java/util/zip/ZipFile$CleanableResource
instanceKlass java/lang/Runtime$Version
instanceKlass java/util/jar/JavaUtilJarAccessImpl
instanceKlass jdk/internal/access/JavaUtilJarAccess
instanceKlass jdk/internal/loader/FileURLMapper
instanceKlass jdk/internal/loader/URLClassPath$JarLoader$1
instanceKlass java/util/zip/ZipFile$1
instanceKlass jdk/internal/access/JavaUtilZipFileAccess
instanceKlass java/util/zip/ZipFile
instanceKlass java/util/zip/ZipConstants
instanceKlass jdk/internal/loader/URLClassPath$Loader
instanceKlass jdk/internal/loader/URLClassPath$3
instanceKlass java/security/PrivilegedExceptionAction
instanceKlass sun/net/util/URLUtil
instanceKlass com/jetbrains/internal/IoOverNio$ThreadLocalCloseable
instanceKlass java/lang/ThreadLocal$ThreadLocalMap
instanceKlass java/lang/StringCoding
instanceKlass java/nio/charset/CharsetDecoder
instanceKlass sun/nio/cs/ArrayDecoder
instanceKlass sun/launcher/LauncherHelper
instanceKlass java/lang/invoke/StringConcatFactory
instanceKlass java/lang/ModuleLayer$Controller
instanceKlass java/util/concurrent/CopyOnWriteArrayList
instanceKlass jdk/internal/module/ServicesCatalog$ServiceProvider
instanceKlass jdk/internal/loader/AbstractClassLoaderValue$Memoizer
instanceKlass java/util/ImmutableCollections$ListItr
instanceKlass java/util/ListIterator
instanceKlass java/lang/ModuleLayer
instanceKlass jdk/internal/module/ModuleLoaderMap$Modules
instanceKlass jdk/internal/module/ModuleLoaderMap$Mapper
instanceKlass jdk/internal/module/ModuleLoaderMap
instanceKlass java/util/AbstractMap$1$1
instanceKlass java/lang/module/ResolvedModule
instanceKlass java/lang/module/Configuration
instanceKlass jdk/internal/loader/BuiltinClassLoader$LoadedModule
instanceKlass jdk/internal/loader/AbstractClassLoaderValue
instanceKlass jdk/internal/module/ServicesCatalog
instanceKlass java/util/Deque
instanceKlass java/util/Queue
instanceKlass sun/net/util/IPAddressUtil$MASKS
instanceKlass sun/net/util/IPAddressUtil
instanceKlass java/net/URLStreamHandler
instanceKlass sun/net/www/ParseUtil
instanceKlass java/net/URL$3
instanceKlass jdk/internal/access/JavaNetURLAccess
instanceKlass java/net/URL$DefaultFactory
instanceKlass java/net/URLStreamHandlerFactory
instanceKlass jdk/internal/loader/URLClassPath
instanceKlass java/lang/ClassLoader$ParallelLoaders
instanceKlass java/security/cert/Certificate
instanceKlass jdk/internal/loader/ArchivedClassLoaders
instanceKlass java/util/concurrent/ConcurrentHashMap$CollectionView
instanceKlass jdk/internal/loader/ClassLoaderHelper
instanceKlass jdk/internal/loader/NativeLibraries
instanceKlass java/lang/Module$EnableNativeAccess
instanceKlass jdk/internal/loader/BootLoader
instanceKlass java/util/Optional
instanceKlass jdk/internal/module/SystemModuleFinders$SystemModuleFinder
instanceKlass java/lang/module/ModuleFinder
instanceKlass jdk/internal/module/SystemModuleFinders$3
instanceKlass jdk/internal/module/ModuleHashes$HashSupplier
instanceKlass jdk/internal/module/SystemModuleFinders$2
instanceKlass java/util/function/Supplier
instanceKlass java/lang/module/ModuleReference
instanceKlass jdk/internal/module/ModuleResolution
instanceKlass java/util/Collections$UnmodifiableMap
instanceKlass jdk/internal/module/ModuleHashes$Builder
instanceKlass jdk/internal/module/ModuleHashes
instanceKlass jdk/internal/module/ModuleTarget
instanceKlass java/util/ImmutableCollections$Set12$1
instanceKlass java/lang/reflect/AccessFlag$18
instanceKlass java/lang/reflect/AccessFlag$17
instanceKlass java/lang/reflect/AccessFlag$16
instanceKlass java/lang/reflect/AccessFlag$15
instanceKlass java/lang/reflect/AccessFlag$14
instanceKlass java/lang/reflect/AccessFlag$13
instanceKlass java/lang/reflect/AccessFlag$12
instanceKlass java/lang/reflect/AccessFlag$11
instanceKlass java/lang/reflect/AccessFlag$10
instanceKlass java/lang/reflect/AccessFlag$9
instanceKlass java/lang/reflect/AccessFlag$8
instanceKlass java/lang/reflect/AccessFlag$7
instanceKlass java/lang/reflect/AccessFlag$6
instanceKlass java/lang/reflect/AccessFlag$5
instanceKlass java/lang/reflect/AccessFlag$4
instanceKlass java/lang/reflect/AccessFlag$3
instanceKlass java/lang/reflect/AccessFlag$2
instanceKlass java/lang/reflect/AccessFlag$1
instanceKlass java/lang/module/ModuleDescriptor$Version
instanceKlass java/lang/module/ModuleDescriptor$Provides
instanceKlass java/lang/module/ModuleDescriptor$Opens
instanceKlass java/util/ImmutableCollections$SetN$SetNIterator
instanceKlass java/lang/module/ModuleDescriptor$Exports
instanceKlass java/lang/module/ModuleDescriptor$Requires
instanceKlass jdk/internal/module/Builder
instanceKlass jdk/internal/module/SystemModules$default
instanceKlass jdk/internal/module/SystemModules
instanceKlass jdk/internal/module/SystemModulesMap
instanceKlass java/net/URI$1
instanceKlass jdk/internal/access/JavaNetUriAccess
instanceKlass java/net/URI
instanceKlass jdk/internal/module/SystemModuleFinders
instanceKlass jdk/internal/module/ArchivedModuleGraph
instanceKlass jdk/internal/module/ArchivedBootLayer
instanceKlass jdk/internal/module/ModuleBootstrap$Counters
instanceKlass jdk/internal/module/ModulePatcher
instanceKlass java/io/DefaultFileSystem
instanceKlass java/io/FileSystem
instanceKlass java/lang/ThreadLocal
instanceKlass com/jetbrains/internal/IoOverNio
instanceKlass java/io/File
instanceKlass java/lang/module/ModuleDescriptor$1
instanceKlass jdk/internal/access/JavaLangModuleAccess
instanceKlass sun/invoke/util/VerifyAccess
instanceKlass java/util/KeyValueHolder
instanceKlass java/util/ImmutableCollections$MapN$MapNIterator
instanceKlass java/lang/StrictMath
instanceKlass java/lang/invoke/MethodHandles$Lookup
instanceKlass java/lang/invoke/MemberName$Factory
instanceKlass java/lang/invoke/MethodHandles
instanceKlass java/lang/module/ModuleDescriptor
instanceKlass jdk/internal/module/ModuleBootstrap
instanceKlass java/lang/Character$CharacterCache
instanceKlass java/util/HexFormat
instanceKlass jdk/internal/util/ClassFileDumper
instanceKlass java/lang/invoke/MethodHandleStatics
instanceKlass java/util/Collections
instanceKlass jdk/internal/misc/Blocker
instanceKlass sun/io/Win32ErrorMode
instanceKlass jdk/internal/misc/OSEnvironment
instanceKlass java/lang/Integer$IntegerCache
instanceKlass jdk/internal/misc/Signal$NativeHandler
instanceKlass java/util/Hashtable$Entry
instanceKlass jdk/internal/misc/Signal
instanceKlass java/lang/Terminator$1
instanceKlass jdk/internal/misc/Signal$Handler
instanceKlass java/lang/Terminator
instanceKlass java/nio/ByteOrder
instanceKlass java/nio/Buffer$2
instanceKlass jdk/internal/access/JavaNioAccess
instanceKlass java/nio/Buffer$1
instanceKlass jdk/internal/misc/ScopedMemoryAccess
instanceKlass java/nio/charset/CodingErrorAction
instanceKlass sun/nio/cs/SingleByte
instanceKlass java/lang/StringUTF16
instanceKlass sun/nio/cs/MS1252$Holder
instanceKlass java/nio/charset/CharsetEncoder
instanceKlass sun/nio/cs/ArrayEncoder
instanceKlass java/io/Writer
instanceKlass java/io/PrintStream$1
instanceKlass jdk/internal/access/JavaIOPrintStreamAccess
instanceKlass java/util/concurrent/ForkJoinPool$ManagedBlocker
instanceKlass java/util/concurrent/locks/AbstractQueuedSynchronizer$Node
instanceKlass jdk/internal/misc/InternalLock
instanceKlass java/io/OutputStream
instanceKlass java/io/Flushable
instanceKlass java/lang/Thread$ThreadIdentifiers
instanceKlass java/security/Principal
instanceKlass java/security/ProtectionDomain$Key
instanceKlass java/security/ProtectionDomain$JavaSecurityAccessImpl
instanceKlass jdk/internal/access/JavaSecurityAccess
instanceKlass sun/security/action/GetPropertyAction
instanceKlass java/util/concurrent/locks/AbstractQueuedSynchronizer$ConditionObject
instanceKlass java/util/concurrent/locks/Condition
instanceKlass jdk/internal/ref/CleanerImpl
instanceKlass java/lang/ref/Cleaner$1
instanceKlass java/lang/ref/Cleaner
instanceKlass jdk/internal/ref/CleanerFactory$1
instanceKlass java/util/concurrent/ThreadFactory
instanceKlass jdk/internal/ref/CleanerFactory
instanceKlass java/lang/ref/Cleaner$Cleanable
instanceKlass java/io/FileDescriptor$1
instanceKlass jdk/internal/access/JavaIOFileDescriptorAccess
instanceKlass java/io/FileDescriptor
instanceKlass jdk/internal/util/StaticProperty
instanceKlass jdk/internal/reflect/MethodHandleAccessorFactory
instanceKlass java/lang/reflect/Modifier
instanceKlass java/lang/Class$1
instanceKlass java/lang/Class$Atomic
instanceKlass java/lang/Class$ReflectionData
instanceKlass java/nio/charset/StandardCharsets
instanceKlass sun/nio/cs/HistoricallyNamedCharset
instanceKlass java/nio/charset/spi/CharsetProvider
instanceKlass java/nio/charset/Charset
instanceKlass java/util/HashMap$HashIterator
instanceKlass java/util/concurrent/locks/LockSupport
instanceKlass java/util/concurrent/ConcurrentHashMap$Node
instanceKlass java/util/concurrent/ConcurrentHashMap$CounterCell
instanceKlass java/util/concurrent/locks/ReentrantLock
instanceKlass java/util/concurrent/locks/Lock
instanceKlass java/lang/CharacterData
instanceKlass java/util/Arrays
instanceKlass jdk/internal/util/Preconditions$3
instanceKlass jdk/internal/util/Preconditions$2
instanceKlass jdk/internal/util/Preconditions$4
instanceKlass java/util/function/BiFunction
instanceKlass jdk/internal/util/Preconditions$1
instanceKlass java/util/function/Function
instanceKlass jdk/internal/util/Preconditions
instanceKlass java/lang/Runtime
instanceKlass java/lang/VersionProps
instanceKlass java/lang/StringConcatHelper
instanceKlass java/util/HashMap$Node
instanceKlass java/util/Map$Entry
instanceKlass jdk/internal/util/ArraysSupport
instanceKlass jdk/internal/util/SystemProps$Raw
instanceKlass jdk/internal/util/SystemProps
instanceKlass java/lang/System$2
instanceKlass jdk/internal/access/JavaLangAccess
instanceKlass java/lang/ref/NativeReferenceQueue$Lock
instanceKlass java/lang/ref/ReferenceQueue
instanceKlass java/lang/ref/Reference$1
instanceKlass jdk/internal/access/JavaLangRefAccess
instanceKlass jdk/internal/reflect/ReflectionFactory
instanceKlass java/lang/Math
instanceKlass java/lang/StringLatin1
instanceKlass jdk/internal/reflect/Reflection
instanceKlass jdk/internal/reflect/ReflectionFactory$GetReflectionFactoryAction
instanceKlass java/security/PrivilegedAction
instanceKlass jdk/internal/access/SharedSecrets
instanceKlass java/lang/reflect/ReflectAccess
instanceKlass jdk/internal/access/JavaLangReflectAccess
instanceKlass java/util/ImmutableCollections
instanceKlass java/util/Objects
instanceKlass java/util/Set
instanceKlass jdk/internal/misc/CDS
instanceKlass java/lang/Module$ArchivedData
instanceKlass jdk/internal/misc/VM
instanceKlass java/lang/String$CaseInsensitiveComparator
instanceKlass java/util/Comparator
instanceKlass java/io/ObjectStreamField
instanceKlass jdk/internal/vm/FillerObject
instanceKlass jdk/internal/vm/vector/VectorSupport$VectorPayload
instanceKlass jdk/internal/vm/vector/VectorSupport
instanceKlass java/lang/reflect/RecordComponent
instanceKlass java/util/Iterator
instanceKlass java/lang/Number
instanceKlass java/lang/Character
instanceKlass java/lang/Boolean
instanceKlass java/util/concurrent/locks/AbstractOwnableSynchronizer
instanceKlass java/lang/LiveStackFrame
instanceKlass java/lang/StackFrameInfo
instanceKlass java/lang/StackWalker$StackFrame
instanceKlass java/lang/StackStreamFactory$AbstractStackWalker
instanceKlass java/lang/StackWalker
instanceKlass java/nio/Buffer
instanceKlass java/lang/StackTraceElement
instanceKlass java/util/AbstractCollection
instanceKlass java/util/RandomAccess
instanceKlass java/util/List
instanceKlass java/util/SequencedCollection
instanceKlass java/util/Collection
instanceKlass java/lang/Iterable
instanceKlass java/util/AbstractMap
instanceKlass java/util/concurrent/ConcurrentMap
instanceKlass java/security/CodeSource
instanceKlass jdk/internal/loader/ClassLoaders
instanceKlass java/util/jar/Manifest
instanceKlass java/lang/Enum
instanceKlass java/net/URL
instanceKlass java/io/InputStream
instanceKlass java/io/Closeable
instanceKlass java/lang/AutoCloseable
instanceKlass jdk/internal/module/Modules
instanceKlass jdk/internal/misc/Unsafe
instanceKlass jdk/internal/misc/UnsafeConstants
instanceKlass java/lang/AbstractStringBuilder
instanceKlass java/lang/Appendable
instanceKlass java/lang/AssertionStatusDirectives
instanceKlass jdk/internal/foreign/abi/ABIDescriptor
instanceKlass jdk/internal/foreign/abi/NativeEntryPoint
instanceKlass java/lang/invoke/CallSite
instanceKlass java/lang/invoke/MethodType
instanceKlass java/lang/invoke/TypeDescriptor$OfMethod
instanceKlass java/lang/invoke/LambdaForm
instanceKlass java/lang/invoke/MethodHandleNatives
instanceKlass java/lang/invoke/ResolvedMethodName
instanceKlass java/lang/invoke/MemberName
instanceKlass java/lang/invoke/VarHandle
instanceKlass java/lang/invoke/MethodHandle
instanceKlass jdk/internal/reflect/CallerSensitive
instanceKlass java/lang/annotation/Annotation
instanceKlass jdk/internal/reflect/FieldAccessor
instanceKlass jdk/internal/reflect/ConstantPool
instanceKlass jdk/internal/reflect/ConstructorAccessor
instanceKlass jdk/internal/reflect/MethodAccessor
instanceKlass jdk/internal/reflect/MagicAccessorImpl
instanceKlass jdk/internal/vm/StackChunk
instanceKlass jdk/internal/vm/Continuation
instanceKlass jdk/internal/vm/ContinuationScope
instanceKlass java/lang/reflect/Parameter
instanceKlass java/lang/reflect/Member
instanceKlass java/lang/reflect/AccessibleObject
instanceKlass java/lang/Module
instanceKlass java/util/Dictionary
instanceKlass java/util/Map
instanceKlass java/lang/ThreadGroup
instanceKlass java/lang/Thread$UncaughtExceptionHandler
instanceKlass java/lang/Thread$Constants
instanceKlass java/lang/Thread$FieldHolder
instanceKlass java/lang/Thread
instanceKlass java/lang/Runnable
instanceKlass java/lang/ref/Reference
instanceKlass java/lang/Record
instanceKlass java/security/AccessController
instanceKlass java/security/AccessControlContext
instanceKlass java/security/ProtectionDomain
instanceKlass java/lang/SecurityManager
instanceKlass java/lang/Throwable
instanceKlass java/lang/System
instanceKlass java/lang/ClassLoader
instanceKlass java/lang/Cloneable
instanceKlass java/lang/Class
instanceKlass java/lang/invoke/TypeDescriptor$OfField
instanceKlass java/lang/invoke/TypeDescriptor
instanceKlass java/lang/reflect/Type
instanceKlass java/lang/reflect/GenericDeclaration
instanceKlass java/lang/reflect/AnnotatedElement
instanceKlass java/lang/String
instanceKlass java/lang/constant/ConstantDesc
instanceKlass java/lang/constant/Constable
instanceKlass java/lang/CharSequence
instanceKlass java/lang/Comparable
instanceKlass java/io/Serializable
ciInstanceKlass java/lang/Object 1 1 124 7 1 10 12 1 1 10 7 12 1 1 1 10 7 12 1 1 1 10 12 1 1 8 1 10 12 1 1 10 7 12 1 1 1 10 12 1 10 12 1 1 10 7 12 1 1 1 10 12 1 10 12 1 7 1 10 100 12 1 1 1 10 12 1 1 10 12 1 100 1 8 1 10 12 1 3 8 1 100 1 5 0 1 1 1 1 1 1 1 1 1 1 1 1 1 1 1 1 100 1 1 1 1 1 1 1 1 1 1 100 1 1 1 1 1 1 1 1 1 1 3 1 1
ciInstanceKlass java/io/Serializable 1 0 7 100 1 100 1 1 1
ciInstanceKlass java/lang/Comparable 1 0 12 100 1 100 1 1 1 1 1 1 1 1
ciInstanceKlass java/lang/CharSequence 1 1 131 11 100 12 1 1 1 18 12 1 1 100 1 10 100 12 1 1 1 18 10 100 12 1 1 1 11 12 1 1 11 100 1 11 12 1 1 10 100 12 1 1 1 11 12 1 1 100 1 10 12 1 1 10 100 12 1 1 1 100 1 10 10 12 1 1 100 1 1 1 1 1 1 1 1 1 1 1 1 1 1 1 1 1 1 1 1 1 1 1 1 1 1 1 1 1 1 1 1 1 16 1 15 11 12 16 15 11 12 15 10 100 12 1 1 1 1 1 100 1 100 1 1 100 1 1 100 1 100 1 1
ciInstanceKlass java/lang/constant/Constable 1 0 11 100 1 100 1 1 1 1 1 1 1
ciInstanceKlass java/lang/constant/ConstantDesc 1 0 37 100 1 100 1 1 1 1 100 1 1 1 1 100 1 100 1 100 1 100 1 100 1 100 1 100 1 100 1 100 1 1 100 1 100 1 1
ciInstanceKlass java/lang/String 1 1 1451 10 7 12 1 1 1 8 1 9 7 12 1 1 1 9 12 1 1 9 12 1 1 9 12 1 1 10 12 1 10 12 1 1 10 12 1 1 9 12 1 10 7 12 1 1 1 10 12 1 1 10 12 1 10 7 12 1 1 1 10 12 1 1 10 12 1 1 10 12 1 10 12 1 1 10 12 1 10 7 12 1 1 1 7 1 9 7 12 1 1 1 10 7 12 1 1 1 10 12 1 1 10 12 1 1 10 7 12 1 1 1 10 12 1 1 9 7 12 1 1 10 12 9 7 12 1 1 10 12 1 1 3 10 12 1 1 7 1 11 12 1 1 11 12 1 11 12 1 1 10 100 12 1 1 1 10 12 1 1 9 100 12 1 1 1 10 12 1 1 10 12 1 11 12 1 1 10 12 1 10 12 10 12 1 1 10 100 12 1 1 1 10 7 12 1 1 1 10 12 1 1 100 1 100 1 10 12 1 10 12 1 10 12 1 1 10 12 1 1 100 1 10 12 1 1 100 1 10 12 1 1 10 12 1 1 10 12 1 10 10 12 1 100 1 100 1 100 1 10 12 1 10 12 1 1 10 12 1 1 10 12 1 10 12 1 1 10 12 1 1 10 100 12 1 1 100 1 11 10 7 12 1 1 11 12 1 11 12 1 10 12 1 1 10 12 1 10 12 10 12 1 1 10 10 100 12 1 1 1 10 100 12 1 1 10 12 1 1 10 100 12 1 1 10 12 1 10 12 1 1 10 12 1 1 10 12 1 10 12 1 10 12 1 1 100 1 10 12 1 1 10 12 10 12 1 10 12 1 1 10 12 1 1 10 100 12 1 1 1 10 12 1 10 12 1 1 10 12 1 10 12 1 3 3 10 12 1 1 10 12 1 10 12 1 1 10 12 1 1 10 12 1 1 10 12 1 10 12 1 1 10 12 1 1 10 12 1 10 12 1 10 12 1 10 12 1 1 10 12 1 10 12 1 10 12 1 10 12 1 10 12 1 10 12 1 10 100 1 10 8 1 10 12 1 1 10 12 1 8 1 10 12 1 1 10 12 10 12 1 8 1 10 10 12 1 1 10 12 1 1 10 12 1 1 10 100 1 10 10 12 1 10 12 1 10 12 1 10 10 12 1 10 12 1 10 12 1 10 12 1 10 12 1 10 12 1 10 12 1 1 10 12 1 1 10 12 1 1 10 10 12 1 1 10 10 12 1 100 1 10 10 12 1 1 10 12 1 1 10 7 1 10 12 1 10 12 1 10 7 12 1 1 1 10 12 1 10 12 1 1 10 12 1 11 7 1 11 12 10 12 1 10 12 1 1 10 12 1 1 10 10 12 1 10 12 1 9 12 1 1 11 100 12 1 1 1 10 12 10 10 12 1 10 12 1 1 10 10 12 1 10 12 1 10 12 1 1 10 12 1 1 10 10 12 1 1 10 12 1 10 10 12 1 10 12 10 10 12 10 10 12 1 10 12 1 10 10 12 10 7 12 1 1 1 10 12 10 10 12 10 12 1 10 12 10 12 10 10 12 1 10 12 1 1 10 12 1 1 10 10 12 1 10 7 12 1 1 1 10 12 1 1 10 10 7 12 1 1 1 11 10 12 1 10 12 1 1 10 12 1 1 10 100 12 1 1 1 10 12 1 10 12 1 10 12 1 10 12 1 10 12 1 10 12 1 100 1 100 1 8 1 10 10 10 12 1 10 12 1 1 8 1 10 12 1 3 3 10 12 1 10 12 1 1 10 12 7 1 10 10 12 1 1 10 12 1 10 12 1 10 12 1 1 10 12 1 1 11 7 12 1 1 1 7 1 10 12 1 10 12 1 1 8 1 10 12 1 1 10 12 1 11 100 12 1 1 1 11 100 12 1 1 11 12 1 10 12 1 10 12 1 1 10 10 7 12 1 1 1 10 12 1 10 12 1 10 10 12 10 12 1 1 10 10 12 1 10 10 12 1 10 10 12 1 10 10 12 1 10 12 1 1 10 10 12 1 8 1 10 12 1 1 18 12 1 1 11 100 12 1 1 1 7 1 3 18 12 1 18 12 1 8 1 10 100 12 1 1 1 11 12 1 1 10 12 10 10 12 1 10 11 12 1 1 10 12 1 1 11 12 1 18 3 11 10 12 1 11 11 10 12 1 10 12 1 1 8 1 10 12 1 10 12 1 10 12 1 1 10 10 12 1 11 100 12 1 100 1 100 1 10 12 100 1 10 10 100 12 1 1 1 100 1 10 7 1 10 10 12 1 10 10 12 1 8 1 10 10 12 1 8 1 8 1 10 12 1 10 12 1 10 10 12 10 100 12 1 1 10 100 12 1 1 10 100 12 1 1 8 1 10 12 1 10 12 1 10 9 12 1 10 12 9 7 12 1 1 1 10 12 1 10 12 1 10 12 1 10 12 10 12 1 10 12 1 8 1 10 100 12 1 1 1 10 12 10 12 1 1 10 12 10 10 12 10 12 7 1 9 12 1 1 7 1 10 100 1 100 1 100 1 100 1 1 1 1 1 1 5 0 1 1 1 1 1 3 1 3 1 1 1 1 1 1 1 1 1 1 1 1 1 1 1 100 1 1 1 1 1 1 1 1 1 1 1 1 1 1 1 1 1 1 1 1 1 1 1 1 1 1 1 1 1 1 1 100 1 1 1 1 1 1 1 1 1 1 1 1 100 1 1 1 1 1 1 1 1 1 1 1 1 1 1 1 1 1 1 1 1 1 1 1 1 1 1 1 1 1 1 1 1 1 1 1 1 1 1 1 1 1 1 1 1 1 1 1 1 1 1 1 1 1 1 1 1 1 1 1 1 1 1 1 1 1 1 1 1 1 1 1 1 1 1 1 1 1 1 1 1 1 1 1 1 1 1 1 1 1 1 1 1 1 1 1 1 1 1 1 1 1 1 1 1 1 1 1 1 1 1 1 1 1 1 1 1 1 1 1 1 1 1 1 1 1 1 1 1 1 1 1 1 1 1 1 1 1 1 1 1 1 1 1 1 1 1 1 1 1 1 1 1 1 1 1 1 1 1 1 1 1 1 1 1 1 1 1 1 1 1 1 1 1 1 100 1 1 1 1 1 1 1 1 1 1 1 1 1 1 1 1 1 1 1 1 1 1 1 100 1 1 1 1 1 1 1 1 1 1 1 1 1 1 1 100 1 1 1 1 1 1 1 1 1 1 1 1 1 1 1 16 15 10 12 16 15 10 12 15 10 12 15 10 12 15 10 100 12 1 1 1 1 1 1 1 100 1 100 1 1 1
staticfield java/lang/String COMPACT_STRINGS Z 1
staticfield java/lang/String serialPersistentFields [Ljava/io/ObjectStreamField; 0 [Ljava/io/ObjectStreamField;
staticfield java/lang/String CASE_INSENSITIVE_ORDER Ljava/util/Comparator; java/lang/String$CaseInsensitiveComparator
ciInstanceKlass java/lang/reflect/AnnotatedElement 1 1 164 11 7 12 1 1 1 11 12 1 1 100 1 10 100 12 1 1 1 10 12 1 1 10 12 1 1 10 12 1 10 100 12 1 1 1 11 12 1 1 11 100 12 1 1 10 100 12 1 1 1 10 12 1 10 100 12 1 1 1 18 12 1 1 11 100 12 1 1 18 12 1 18 12 1 1 10 100 12 1 1 1 11 100 12 1 1 1 100 1 10 100 12 1 1 1 1 1 1 1 1 1 1 1 1 1 1 1 1 1 1 1 1 1 1 1 1 1 100 1 1 1 1 1 1 1 1 1 1 1 16 15 16 1 16 1 15 11 12 16 16 1 15 10 100 12 1 1 1 16 1 15 10 100 12 1 1 1 1 100 1 100 1 1
ciInstanceKlass java/lang/reflect/GenericDeclaration 1 0 30 100 1 100 1 100 1 1 1 1 1 1 1 1 100 1 8 1 1 12 10 1 1 1 8 1 1 1 8 1
ciInstanceKlass java/lang/reflect/Type 1 1 17 11 100 12 1 1 1 100 1 1 1 1 1 1 1 1 1
ciInstanceKlass java/lang/invoke/TypeDescriptor 1 0 17 100 1 100 1 1 1 1 1 1 100 1 100 1 1 1 1
ciInstanceKlass java/lang/invoke/TypeDescriptor$OfField 1 0 21 100 1 100 1 100 1 1 1 1 1 1 1 1 1 1 1 1 1 1 1
ciInstanceKlass java/lang/Class 1 1 1687 10 7 12 1 1 1 9 7 12 1 1 1 9 12 1 1 10 12 1 1 8 1 10 12 1 8 1 8 1 10 12 1 1 10 7 12 1 1 1 10 12 1 7 1 10 10 12 1 10 12 1 1 10 12 1 1 10 12 1 1 10 7 12 1 1 10 12 1 10 12 1 10 12 1 8 1 10 12 1 8 1 10 12 1 8 1 8 1 10 12 1 1 10 100 12 1 1 1 18 12 1 1 11 100 12 1 1 1 8 1 8 1 8 1 10 100 12 1 1 1 11 12 1 1 8 1 10 12 1 10 11 100 12 1 1 1 11 100 12 1 1 1 11 8 1 18 8 1 10 12 1 10 7 12 1 1 10 12 1 1 10 7 12 1 1 1 10 12 1 1 10 12 1 1 10 7 12 1 1 1 10 12 9 100 12 1 1 1 10 100 12 1 1 1 10 12 1 10 7 12 1 1 1 10 12 1 1 18 12 1 1 10 7 12 1 1 1 10 7 12 1 10 12 1 1 10 7 1 100 1 10 12 1 1 9 12 1 1 7 1 8 1 10 12 1 10 12 1 1 10 12 1 1 10 7 12 1 1 1 7 1 10 12 1 7 1 7 1 10 10 12 1 1 10 12 1 1 100 1 10 100 12 1 1 1 10 12 1 1 10 12 1 1 9 12 1 1 10 12 1 10 12 1 1 9 12 1 1 9 12 1 1 10 12 1 1 10 7 1 10 12 1 10 12 1 10 12 1 1 10 9 12 1 10 12 1 8 1 10 12 1 1 10 12 1 1 10 12 1 10 12 1 1 10 12 1 1 10 12 1 1 9 7 12 1 1 1 10 7 12 1 1 10 12 10 12 1 10 12 1 10 12 1 10 12 1 9 100 12 1 1 1 9 12 1 10 12 1 10 100 12 1 1 1 10 12 1 1 10 100 12 1 1 10 12 1 10 12 1 1 10 100 12 1 1 1 10 12 1 10 12 1 1 10 12 1 10 12 1 10 12 1 1 10 7 1 10 10 10 12 1 1 10 12 1 1 10 12 10 10 12 1 1 100 1 8 1 10 10 12 1 1 10 12 1 100 1 11 12 1 10 100 12 1 1 10 12 1 10 12 1 10 100 12 1 1 10 10 12 1 1 8 1 10 12 1 10 12 1 1 8 1 10 12 1 9 12 1 10 12 1 10 12 1 10 12 1 10 12 100 1 9 12 1 10 12 1 9 12 1 10 12 1 10 12 1 10 12 1 10 10 12 1 10 12 1 10 7 12 1 1 10 12 1 10 12 1 10 12 1 1 10 12 1 10 12 1 10 12 1 100 1 10 12 1 10 12 1 1 10 12 1 1 10 12 1 1 10 12 1 1 10 12 1 1 10 12 1 1 7 1 10 10 12 1 1 10 12 1 1 10 12 1 1 10 10 12 1 10 12 1 1 10 12 1 1 10 12 1 1 10 12 1 1 7 1 10 10 12 11 100 12 1 1 10 12 1 10 12 1 10 100 12 1 1 1 10 12 1 1 10 10 12 1 1 100 1 10 10 12 1 1 10 100 12 1 1 1 100 1 7 1 10 12 1 1 10 12 1 10 10 12 1 1 10 12 1 10 12 1 10 12 1 10 100 12 1 1 1 11 7 12 1 1 10 12 1 10 12 1 9 12 1 10 12 1 1 10 12 1 9 100 12 1 1 1 9 12 1 10 100 12 1 1 1 10 12 1 10 12 1 10 100 12 1 1 1 10 12 1 10 12 10 12 1 1 100 1 10 8 1 10 12 1 11 11 12 1 1 11 7 12 1 1 11 12 1 8 1 10 12 1 10 12 1 1 9 12 1 9 12 1 1 10 7 12 1 1 9 12 1 10 12 1 1 10 10 12 1 10 7 12 1 1 1 10 100 12 1 1 10 100 12 1 1 9 12 1 1 10 12 1 9 12 1 10 12 1 10 12 1 1 9 12 1 1 9 12 1 10 12 1 10 12 1 1 9 12 1 7 1 10 10 12 1 1 7 1 10 12 1 1 7 11 7 1 9 12 1 1 9 12 1 100 1 10 12 1 9 12 1 1 9 12 1 10 12 1 10 12 1 1 9 12 1 7 1 10 10 12 1 1 10 10 12 1 10 12 10 10 12 1 9 12 1 10 12 1 1 10 7 12 1 1 1 10 12 1 1 10 12 1 8 10 7 8 1 18 8 1 8 1 10 12 1 9 12 1 9 12 1 1 10 12 1 7 1 7 1 10 12 1 9 12 1 1 7 1 10 10 12 1 10 7 1 9 12 1 8 1 10 12 1 7 1 10 12 1 10 12 1 1 100 1 100 1 9 12 1 100 1 8 1 10 10 7 12 1 1 1 10 12 11 7 12 1 1 1 10 12 1 10 12 1 1 10 8 1 8 1 10 12 1 1 9 7 12 1 1 11 12 7 1 11 7 12 1 1 9 12 1 10 100 12 1 1 1 10 7 12 1 1 10 12 1 1 9 12 1 9 10 12 1 1 10 12 1 1 10 12 1 1 10 12 1 1 10 12 1 1 11 12 1 7 1 11 12 1 10 7 12 1 1 1 10 12 1 11 12 1 10 100 12 1 1 1 10 12 1 10 100 12 1 1 1 11 12 1 11 12 1 1 10 12 1 10 12 1 1 9 12 1 1 9 100 12 1 1 10 12 1 10 100 12 1 1 1 10 12 1 1 10 12 1 10 12 1 10 12 1 10 7 12 1 1 1 10 12 1 8 1 10 12 1 10 12 1 10 12 1 100 1 10 12 10 100 12 1 1 1 11 100 12 1 1 1 10 12 1 1 10 12 1 18 12 1 1 11 12 1 1 18 11 12 1 18 12 1 11 12 1 10 12 1 1 10 12 1 10 12 1 10 12 1 10 12 1 10 12 10 12 1 8 1 10 12 1 7 1 9 12 1 1 100 1 100 1 100 1 100 1 1 1 3 1 3 1 3 1 1 1 1 1 1 1 5 0 1 1 1 1 1 1 1 1 1 1 1 1 1 1 1 1 1 1 1 1 1 1 1 1 100 1 1 1 1 1 1 1 100 1 1 1 1 1 7 1 1 1 1 1 1 1 1 1 1 1 1 1 1 1 1 1 1 1 1 1 1 1 1 1 1 1 1 1 1 1 1 1 1 1 1 1 1 1 1 1 1 100 1 1 1 1 1 1 1 1 1 1 1 1 1 1 1 1 1 1 1 1 1 1 1 1 1 1 1 1 1 1 1 100 1 1 1 1 1 1 1 1 1 1 1 1 1 1 1 1 1 1 1 1 3 1 1 1 1 1 1 1 1 1 1 1 1 1 1 1 1 1 1 1 1 1 1 1 1 1 1 1 1 1 1 1 1 1 1 1 100 1 100 1 1 1 1 1 1 1 100 1 1 1 1 1 1 1 1 1 1 1 1 1 1 1 1 1 1 1 1 1 1 1 1 1 1 1 1 1 1 1 1 1 1 1 1 1 1 1 1 1 1 1 1 1 1 1 1 1 1 1 1 1 1 1 1 1 1 1 1 1 1 1 1 1 1 1 1 1 1 1 1 1 1 1 1 1 1 1 1 1 1 1 1 1 1 1 1 1 1 1 1 1 1 1 1 1 1 1 1 1 1 1 1 1 1 1 1 1 1 1 1 1 1 1 1 1 1 1 1 1 1 1 1 16 15 10 12 16 15 11 12 16 1 16 15 16 15 10 12 16 16 15 10 12 16 15 16 1 15 10 12 16 15 10 100 12 1 1 1 1 1 1 1 1 1 1 1 1 1 100 1 1 100 1 100 1 1 100 1 100 1 1 100 1 100 1 1
staticfield java/lang/Class EMPTY_CLASS_ARRAY [Ljava/lang/Class; 0 [Ljava/lang/Class;
staticfield java/lang/Class serialPersistentFields [Ljava/io/ObjectStreamField; 0 [Ljava/io/ObjectStreamField;
ciInstanceKlass java/lang/Cloneable 1 0 7 100 1 100 1 1 1
instanceKlass jdk/internal/reflect/DelegatingClassLoader
instanceKlass java/security/SecureClassLoader
ciInstanceKlass java/lang/ClassLoader 1 1 1108 9 7 12 1 1 1 10 7 12 1 1 1 9 12 1 1 10 7 12 1 1 1 7 1 10 12 1 1 10 12 1 1 9 12 1 1 10 12 1 1 100 1 10 12 1 10 12 1 1 10 7 12 1 1 1 100 1 8 1 10 12 1 10 7 12 1 1 1 10 100 12 1 10 7 1 10 7 1 7 1 7 1 10 12 1 10 12 1 9 12 1 1 10 10 7 12 1 1 1 9 12 1 1 9 12 1 9 12 1 1 9 12 1 9 12 1 1 9 12 1 1 7 1 10 12 1 9 12 1 1 10 12 1 1 10 7 12 1 1 1 9 12 1 9 12 1 1 9 12 1 10 12 1 1 9 12 10 12 1 1 7 1 10 8 1 10 12 1 1 10 12 1 10 7 1 7 1 10 12 1 1 10 7 12 1 1 1 8 1 10 12 1 10 12 1 10 12 1 1 10 12 1 1 10 12 1 1 10 12 1 1 10 12 1 1 10 12 1 7 1 10 12 1 10 7 12 1 1 1 10 12 1 1 10 12 1 10 12 1 10 12 1 10 12 1 10 12 1 1 10 10 12 1 10 12 1 10 100 12 1 1 10 12 1 1 10 12 1 1 10 12 1 100 1 10 12 1 100 1 10 12 1 10 100 12 1 1 1 10 10 12 1 1 10 12 1 1 100 1 8 1 10 8 1 10 12 1 10 12 1 100 1 8 1 10 12 1 1 10 12 1 1 10 10 12 1 1 10 12 1 1 10 12 1 1 10 7 1 10 12 1 1 10 12 1 1 10 12 1 1 10 12 1 1 10 12 1 1 10 12 1 1 10 12 1 10 7 12 1 1 1 10 12 1 10 12 1 10 12 1 1 10 12 1 10 12 1 10 12 1 10 12 1 1 10 12 1 10 12 1 1 8 1 9 12 1 10 12 1 1 8 1 8 1 10 7 12 1 1 100 1 10 10 12 10 12 1 10 12 1 10 12 1 10 12 1 1 10 7 12 1 1 10 12 1 10 7 1 7 1 10 12 1 1 10 12 1 10 7 1 10 12 1 100 1 18 12 1 10 100 12 1 1 1 10 100 12 1 1 1 10 7 12 1 1 10 12 1 10 12 1 100 1 10 12 1 8 1 10 10 12 1 1 10 12 1 10 12 1 1 100 1 10 12 1 10 12 1 1 10 7 12 1 1 10 12 1 8 1 100 1 10 10 12 1 9 12 1 10 7 12 1 1 10 12 1 100 1 8 1 10 12 1 10 8 1 8 1 10 12 1 1 10 12 1 1 10 12 1 1 10 100 12 1 1 100 1 100 1 10 12 1 1 100 1 100 1 10 100 12 1 1 10 12 1 10 12 1 1 10 12 1 10 12 1 1 10 12 1 1 9 100 12 1 1 1 10 12 1 1 10 12 1 10 12 1 10 12 1 1 10 12 1 8 1 7 1 18 12 1 1 10 12 1 1 10 12 1 10 12 1 10 12 1 8 1 10 12 1 10 12 1 18 12 1 11 100 12 1 1 1 100 1 10 12 1 1 10 12 1 10 11 12 1 1 10 18 10 12 1 1 11 100 12 1 18 12 1 11 12 1 1 10 12 10 12 1 1 10 12 1 1 100 1 8 1 10 10 12 1 8 1 8 1 10 100 12 1 1 10 12 1 100 1 10 10 12 1 8 1 8 1 8 1 10 12 1 10 12 1 1 10 12 1 10 100 12 1 1 1 11 100 12 1 1 100 1 10 11 10 12 1 10 12 1 10 12 1 1 9 100 12 1 1 9 12 1 1 9 12 9 12 1 9 12 1 9 12 1 8 10 12 1 1 10 7 12 1 1 1 10 12 1 1 10 12 1 1 10 12 1 10 10 12 1 11 12 1 1 10 100 12 1 1 1 100 1 10 12 1 10 12 1 10 12 1 1 1 1 1 1 1 1 1 1 1 1 1 1 1 1 1 1 1 1 1 1 1 1 1 1 1 1 100 1 1 1 1 1 1 1 1 1 1 1 1 1 1 1 1 1 1 1 1 1 100 1 1 1 1 1 1 1 1 1 1 100 1 1 1 1 1 1 1 1 1 1 1 1 1 1 1 1 1 1 1 1 1 1 1 1 1 1 1 1 1 1 1 1 1 1 1 1 1 1 1 1 1 100 1 1 1 1 1 1 1 1 1 1 1 1 1 1 1 1 1 1 1 100 1 1 1 1 1 1 1 1 1 1 1 1 1 1 1 1 1 1 1 1 1 1 1 1 1 1 1 1 1 1 1 1 1 1 1 1 1 1 1 1 1 1 1 1 1 1 1 1 1 1 100 1 1 1 1 1 1 1 1 1 1 1 1 1 1 1 1 1 1 1 1 1 1 1 1 1 1 1 1 1 1 1 1 1 1 1 1 1 1 1 1 1 1 1 1 1 1 16 1 15 10 12 16 1 16 15 10 12 16 1 16 1 15 10 12 16 15 10 12 16 15 10 12 16 15 10 100 12 1 1 1 1 1 100 1 100 1 1
staticfield java/lang/ClassLoader nocerts [Ljava/security/cert/Certificate; 0 [Ljava/security/cert/Certificate;
staticfield java/lang/ClassLoader $assertionsDisabled Z 1
ciInstanceKlass java/lang/System 1 1 856 10 100 12 1 1 1 9 7 12 1 1 1 10 12 1 10 12 1 1 10 12 1 1 10 12 1 9 12 1 1 10 7 12 1 1 1 11 100 12 1 1 1 10 100 12 1 1 1 10 12 1 1 10 12 1 1 100 1 8 1 10 12 1 10 100 12 1 1 1 10 7 12 1 1 1 18 12 1 1 10 100 12 1 1 1 100 1 10 12 1 1 10 100 12 1 1 1 10 12 1 10 7 12 1 1 1 9 100 12 1 1 1 10 7 12 1 1 1 11 7 12 1 1 1 10 12 1 1 10 7 12 1 1 1 100 1 10 10 12 1 1 8 1 10 12 1 8 1 10 12 1 9 12 1 1 8 1 10 7 12 1 1 1 10 12 1 1 100 1 8 1 10 9 12 1 1 8 1 10 12 1 1 10 100 12 1 1 1 8 1 10 12 1 100 1 10 12 1 8 1 10 12 1 10 12 1 1 100 1 10 12 10 12 1 9 12 1 1 9 12 1 1 10 7 12 1 1 1 10 7 12 1 1 1 10 12 1 1 10 12 1 10 12 1 10 7 12 1 1 1 10 12 1 100 1 100 1 8 1 10 12 1 10 12 1 1 7 1 10 12 1 100 1 8 1 10 10 12 1 100 1 8 1 10 8 1 10 7 12 1 1 8 1 10 12 100 1 8 1 10 10 12 1 1 10 7 12 1 1 1 100 1 18 12 1 100 1 9 100 12 1 1 1 10 12 1 100 1 10 12 1 1 10 12 1 1 10 7 12 1 1 1 10 12 1 1 10 12 1 10 12 1 10 12 1 1 10 12 1 7 1 10 12 1 9 7 12 1 1 1 10 7 12 1 1 1 10 12 1 10 12 1 10 7 12 1 1 1 100 1 8 1 10 9 12 1 9 12 1 10 12 1 10 100 12 1 1 10 12 1 10 12 1 1 8 1 10 12 1 1 8 1 11 12 1 10 12 11 12 1 1 11 7 12 1 1 1 11 7 12 1 1 11 12 1 1 7 1 11 12 1 10 12 1 8 1 10 12 1 1 8 1 8 1 8 1 8 1 11 12 1 10 12 1 10 12 1 10 12 1 8 1 10 12 1 1 8 1 9 12 1 8 1 10 7 12 1 1 8 1 7 1 9 7 12 1 1 1 10 12 1 7 1 9 12 10 9 12 7 1 10 12 9 12 1 1 8 1 10 12 1 1 8 1 10 7 12 1 1 10 12 1 10 12 1 1 11 7 12 1 1 10 12 10 7 12 1 1 1 9 12 1 1 100 1 8 1 10 12 1 1 10 7 12 1 1 1 7 1 10 12 1 1 10 12 1 8 1 8 1 10 8 1 8 1 8 1 8 1 10 10 7 12 1 1 10 12 1 10 12 1 1 10 12 1 1 10 12 1 10 100 12 1 1 1 10 100 1 8 1 10 10 10 12 1 1 10 12 1 1 8 1 10 12 1 8 1 8 1 10 12 1 10 7 12 1 1 1 10 12 1 1 8 1 10 12 1 8 1 10 100 12 1 1 7 1 10 10 12 1 10 12 1 9 12 1 1 3 1 3 1 1 1 1 1 1 1 1 1 1 1 1 100 1 1 100 1 1 1 1 1 1 1 1 1 1 1 100 1 100 1 1 1 1 1 1 1 1 1 1 1 1 1 1 1 1 1 1 1 1 1 1 1 1 1 1 1 1 1 1 1 1 1 1 1 1 1 1 1 1 1 1 1 1 1 1 1 1 1 1 1 1 1 1 1 1 1 1 100 1 1 1 1 1 1 1 1 1 1 1 1 1 1 1 1 1 1 1 1 1 1 1 1 1 1 1 1 1 1 1 1 1 1 1 1 1 1 100 1 1 16 15 10 12 1 1 16 15 10 12 16 1 15 10 100 12 1 1 1 1 1 1 1 1 100 1 100 1 1 1 100 1 100 1 1
staticfield java/lang/System in Ljava/io/InputStream; java/io/BufferedInputStream
staticfield java/lang/System out Ljava/io/PrintStream; java/io/PrintStream
staticfield java/lang/System err Ljava/io/PrintStream; java/io/PrintStream
instanceKlass org/jetbrains/kotlin/load/java/structure/impl/classFiles/BinaryClassSignatureParser$ClsFormatException
instanceKlass java/lang/Exception
instanceKlass java/lang/Error
ciInstanceKlass java/lang/Throwable 1 1 428 10 7 12 1 1 1 9 7 12 1 1 1 9 12 1 1 9 12 1 9 12 1 1 9 12 1 10 12 1 1 9 12 1 1 10 12 1 1 10 12 1 100 1 7 1 10 8 1 10 12 1 1 8 1 10 100 12 1 1 10 10 12 1 100 1 8 1 10 10 12 1 1 10 7 12 1 1 10 12 1 8 1 9 100 12 1 1 1 10 12 1 1 100 1 10 12 10 12 1 10 100 12 1 1 1 100 1 10 12 10 12 1 10 12 1 100 1 10 10 7 12 1 1 1 11 100 12 1 1 1 10 12 1 1 10 12 1 1 8 1 10 12 1 10 12 1 1 8 1 8 1 10 12 1 1 10 12 1 8 1 8 1 9 12 1 1 10 12 1 1 100 1 10 11 12 1 8 1 8 1 10 7 12 1 1 8 1 10 12 1 8 1 100 1 10 12 1 9 12 1 1 10 12 1 10 100 12 1 9 12 1 1 10 12 1 1 100 1 8 1 10 12 1 10 100 12 1 1 10 12 1 1 100 1 10 100 12 1 1 1 10 12 1 11 100 12 1 1 1 11 100 12 1 1 11 12 1 8 1 10 12 1 1 8 1 10 10 9 100 12 1 1 1 8 1 10 12 1 1 11 10 100 1 8 1 10 11 12 1 1 8 1 9 12 1 10 100 12 1 1 11 9 12 1 1 11 12 1 1 100 9 12 1 1 11 100 12 1 1 100 1 10 12 1 10 12 1 1 100 1 1 1 1 5 0 1 1 1 1 1 1 1 1 1 1 1 1 1 1 1 1 1 1 1 1 1 1 1 1 1 1 1 1 1 1 1 1 1 1 1 1 1 1 1 1 1 1 1 1 1 1 1 1 1 1 1 1 1 1 1 1 1 100 1 100 1 1 1 1 1 1 1 1 1 1 1 1 1 1 1 1 1 1 1 1 1 1 1 1 1 1 1 100 1 100 1 1
staticfield java/lang/Throwable UNASSIGNED_STACK [Ljava/lang/StackTraceElement; 0 [Ljava/lang/StackTraceElement;
staticfield java/lang/Throwable SUPPRESSED_SENTINEL Ljava/util/List; java/util/Collections$EmptyList
staticfield java/lang/Throwable EMPTY_THROWABLE_ARRAY [Ljava/lang/Throwable; 0 [Ljava/lang/Throwable;
staticfield java/lang/Throwable $assertionsDisabled Z 1
instanceKlass java/io/IOError
instanceKlass kotlin/reflect/jvm/internal/KotlinReflectionInternalError
instanceKlass kotlin/NotImplementedError
instanceKlass kotlin/jvm/KotlinReflectionNotSupportedError
instanceKlass java/lang/AssertionError
instanceKlass java/lang/VirtualMachineError
instanceKlass java/lang/LinkageError
ciInstanceKlass java/lang/Error 1 1 40 10 7 12 1 1 1 10 12 1 10 12 1 10 12 1 10 12 1 100 1 1 1 1 5 0 1 1 1 1 1 1 1 1 1 1 1 1 1 1
instanceKlass org/jetbrains/kotlin/types/TypeSubstitutor$SubstitutionException
instanceKlass org/jetbrains/kotlin/com/intellij/util/AstLoadingException
instanceKlass org/jetbrains/kotlin/container/UnresolvedDependenciesException
instanceKlass org/jetbrains/kotlin/container/InvalidCardinalityException
instanceKlass org/jetbrains/kotlin/container/ContainerConsistencyException
instanceKlass kotlin/reflect/full/IllegalPropertyDelegateAccessException
instanceKlass kotlin/reflect/full/IllegalCallableAccessException
instanceKlass org/jetbrains/kotlin/com/intellij/psi/scope/MethodProcessorSetupFailedException
instanceKlass javax/xml/stream/XMLStreamException
instanceKlass java/text/ParseException
instanceKlass org/jetbrains/kotlin/com/intellij/util/cls/ClsFormatException
instanceKlass com/sun/tools/javac/main/Option$InvalidValueException
instanceKlass sun/nio/fs/WindowsException
instanceKlass java/net/URISyntaxException
instanceKlass java/lang/CloneNotSupportedException
instanceKlass java/lang/InterruptedException
instanceKlass java/io/IOException
instanceKlass java/lang/ReflectiveOperationException
instanceKlass java/lang/RuntimeException
ciInstanceKlass java/lang/Exception 1 1 54 10 7 12 1 1 1 10 12 1 10 12 1 10 12 1 10 12 1 100 1 1 1 1 5 0 1 1 1 1 1 1 1 1 1 1 1 1 1 1 1 100 1 100 1 100 1 100 1 1 1 1 1 1
instanceKlass org/jetbrains/kotlin/lexer/KotlinLexerException
instanceKlass org/jetbrains/kotlin/com/intellij/psi/text/BlockSupport$ReparsedSuccessfullyException
instanceKlass org/jetbrains/kotlin/com/intellij/psi/impl/DebugUtil$IncorrectTreeStructureException
instanceKlass org/jetbrains/kotlin/types/error/LazyWrappedTypeComputationException
instanceKlass org/jetbrains/kotlin/protobuf/UninitializedMessageException
instanceKlass org/jetbrains/kotlin/kapt3/diagnostic/KaptError
instanceKlass org/jetbrains/kotlin/kapt3/base/util/KaptBaseError
instanceKlass org/jetbrains/kotlin/com/intellij/openapi/util/RecursionManager$CachingPreventedException
instanceKlass org/jetbrains/kotlin/com/intellij/core/CoreJavaCodeStyleManager$1CancelException
instanceKlass org/jetbrains/kotlin/com/intellij/openapi/util/StackOverflowPreventedException
instanceKlass org/jetbrains/kotlin/com/intellij/openapi/vfs/InvalidVirtualFileAccessException
instanceKlass org/jetbrains/kotlin/com/intellij/psi/PsiInvalidElementAccessException
instanceKlass org/jetbrains/kotlin/com/fasterxml/aalto/UncheckedStreamException
instanceKlass org/jetbrains/kotlin/com/intellij/diagnostic/PluginException
instanceKlass java/io/UncheckedIOException
instanceKlass java/util/MissingResourceException
instanceKlass org/jetbrains/kotlin/com/intellij/openapi/extensions/SortingException
instanceKlass org/jetbrains/kotlin/com/intellij/diagnostic/ImplementationConflictException
instanceKlass java/util/EmptyStackException
instanceKlass org/jetbrains/kotlin/com/intellij/openapi/diagnostic/RuntimeExceptionWithAttachments
instanceKlass org/jetbrains/kotlin/com/intellij/openapi/project/IndexNotReadyException
instanceKlass org/jetbrains/kotlin/com/intellij/openapi/editor/ReadOnlyModificationException
instanceKlass org/jetbrains/kotlin/com/intellij/openapi/editor/ReadOnlyFragmentModificationException
instanceKlass org/jetbrains/kotlin/com/intellij/util/lang/CompoundRuntimeException
instanceKlass org/jetbrains/kotlin/org/picocontainer/PicoException
instanceKlass org/jetbrains/kotlin/com/intellij/openapi/extensions/ExtensionNotApplicableException
instanceKlass java/nio/file/FileSystemNotFoundException
instanceKlass org/jetbrains/kotlin/util/ServiceLoaderLite$ServiceLoadingException
instanceKlass org/jetbrains/kotlin/compiler/plugin/PluginProcessingException
instanceKlass java/lang/SecurityException
instanceKlass org/jetbrains/kotlin/compiler/plugin/CliOptionProcessingException
instanceKlass org/jetbrains/kotlin/backend/common/CompilationException
instanceKlass org/jetbrains/kotlin/com/intellij/util/IncorrectOperationException
instanceKlass org/jetbrains/kotlin/utils/WrappedValues$WrappedProcessCanceledException
instanceKlass java/util/ConcurrentModificationException
instanceKlass java/lang/reflect/UndeclaredThrowableException
instanceKlass java/util/NoSuchElementException
instanceKlass kotlin/NoWhenBranchMatchedException
instanceKlass java/lang/IndexOutOfBoundsException
instanceKlass java/lang/UnsupportedOperationException
instanceKlass kotlin/UninitializedPropertyAccessException
instanceKlass java/lang/IllegalStateException
instanceKlass org/jetbrains/kotlin/cli/jvm/compiler/CompileEnvironmentException
instanceKlass org/jetbrains/kotlin/utils/KotlinExceptionWithAttachments
instanceKlass org/jetbrains/kotlin/analyzer/CompilationErrorException
instanceKlass org/jetbrains/kotlin/com/intellij/openapi/progress/ProcessCanceledException
instanceKlass java/lang/IllegalArgumentException
instanceKlass java/lang/ArithmeticException
instanceKlass java/lang/NullPointerException
instanceKlass java/lang/IllegalMonitorStateException
instanceKlass java/lang/ArrayStoreException
instanceKlass java/lang/ClassCastException
ciInstanceKlass java/lang/RuntimeException 1 1 40 10 7 12 1 1 1 10 12 1 10 12 1 10 12 1 10 12 1 100 1 1 1 1 5 0 1 1 1 1 1 1 1 1 1 1 1 1 1 1
ciInstanceKlass java/lang/SecurityManager 0 0 576 10 100 12 1 1 1 9 100 12 1 1 1 10 100 12 1 1 1 100 1 8 1 10 12 1 10 12 1 1 10 100 12 1 1 1 10 100 1 10 100 1 10 9 100 12 1 1 1 10 100 12 1 1 1 10 12 1 1 10 100 12 1 1 100 1 8 1 10 9 12 1 1 9 12 1 8 1 9 12 1 100 1 10 8 1 10 12 1 1 10 12 1 10 12 1 1 100 1 10 10 12 1 1 100 1 8 1 10 12 1 8 1 8 1 8 1 8 1 8 1 8 1 10 12 1 8 1 8 1 8 1 8 1 8 1 10 100 12 1 1 1 10 12 1 1 8 1 100 1 8 1 10 8 1 8 1 8 1 8 1 8 1 10 100 12 1 1 8 1 100 1 8 1 8 1 10 8 1 10 12 1 100 1 8 1 10 10 12 1 1 10 12 1 10 12 1 10 12 1 10 100 12 1 1 1 10 12 1 10 100 12 1 1 11 100 12 1 1 1 18 12 1 1 11 100 12 1 1 1 18 12 1 1 11 12 1 1 18 18 11 12 1 18 12 1 11 12 1 1 9 12 1 1 9 12 1 9 12 1 9 12 1 100 1 10 100 12 1 1 10 12 1 10 12 1 18 12 1 18 10 100 12 1 1 1 18 12 1 10 12 1 18 18 8 1 10 12 1 9 12 1 1 11 100 12 1 1 1 8 1 100 1 10 12 1 10 12 1 1 10 12 1 1 9 12 1 1 10 12 1 10 12 1 1 8 1 100 1 10 9 12 1 8 1 10 12 1 8 1 100 1 10 10 100 12 1 1 10 100 1 9 100 12 1 1 1 11 12 1 1 10 12 1 11 12 1 10 12 1 100 1 10 10 12 1 1 10 12 1 1 1 1 1 1 1 1 1 1 1 100 1 1 1 1 1 1 1 1 1 1 1 1 1 1 1 1 1 1 1 1 1 1 1 1 1 1 1 1 1 1 1 1 1 1 1 1 1 1 1 1 1 1 1 1 1 1 1 1 1 1 1 1 1 1 1 1 3 1 1 1 1 1 1 1 1 1 1 100 1 1 1 1 1 1 1 1 1 1 1 1 1 1 1 1 1 1 1 1 1 1 1 1 1 1 1 1 1 1 1 1 1 1 1 1 1 1 16 15 10 100 12 1 1 1 16 1 16 15 10 12 16 1 15 10 12 16 15 11 100 1 16 1 16 1 15 10 12 16 15 10 12 16 15 10 12 1 16 1 15 11 12 1 15 10 12 16 15 10 16 1 15 10 100 12 1 1 1 1 1 1 100 1 100 1 1
ciInstanceKlass java/security/ProtectionDomain 1 1 348 10 7 12 1 1 1 9 7 12 1 1 1 7 1 10 9 12 1 1 9 12 1 1 9 12 1 1 10 7 12 1 1 7 1 9 12 1 9 12 1 1 7 1 9 12 1 1 9 12 1 10 100 12 1 1 10 100 12 1 1 1 10 12 1 1 10 12 1 9 12 1 9 100 12 1 1 10 12 1 1 10 100 1 10 12 1 1 8 1 100 1 8 1 10 12 1 10 11 10 100 12 1 1 1 10 12 1 1 8 1 11 8 1 10 12 1 8 1 8 1 10 12 1 1 10 12 1 10 12 1 1 10 12 1 8 1 10 12 1 8 1 8 1 10 100 12 1 1 1 9 100 12 1 1 1 10 12 1 1 9 100 12 1 1 1 10 100 12 1 1 1 100 1 18 12 1 1 10 100 12 1 1 1 10 100 1 10 12 1 10 12 1 1 11 100 12 1 1 11 12 1 100 1 11 100 12 1 1 1 10 12 1 10 11 12 1 1 11 12 1 1 10 12 1 10 7 12 1 1 10 100 12 1 1 11 12 1 10 12 10 12 1 8 1 8 1 10 7 12 1 1 1 7 1 10 10 7 12 1 1 1 1 1 1 1 1 1 1 100 1 1 100 1 1 1 1 1 1 1 1 1 1 1 1 1 1 1 1 1 1 1 1 1 1 1 1 1 1 1 1 1 1 1 1 1 1 1 1 1 1 1 1 1 1 1 1 100 1 1 1 1 1 1 100 1 1 16 15 10 12 16 15 10 100 12 1 1 1 1 1 1 1 100 1 100 1 1
staticfield java/security/ProtectionDomain filePermCompatInPD Z 0
ciInstanceKlass java/security/AccessControlContext 1 1 374 9 7 12 1 1 1 9 12 1 1 10 100 12 1 1 1 8 1 10 100 12 1 1 1 10 7 12 1 1 1 9 12 1 9 12 1 1 9 12 1 1 10 7 12 1 1 100 1 10 12 1 11 100 12 1 1 1 11 12 1 11 12 1 11 12 1 1 7 1 11 12 1 1 10 12 1 10 7 12 1 1 1 9 100 12 1 1 1 10 100 12 1 1 1 11 100 12 1 1 1 10 7 1 100 1 8 1 10 12 1 10 12 1 1 7 1 10 7 12 1 1 1 9 12 1 9 12 1 9 12 1 9 12 1 1 9 12 1 1 9 12 1 9 12 1 10 7 12 1 1 1 9 12 1 10 12 1 1 10 12 1 1 8 1 10 12 1 1 10 12 1 1 10 100 12 1 1 1 100 1 10 10 12 1 1 10 100 12 1 1 1 10 8 1 10 100 12 1 1 8 1 10 100 12 1 1 8 1 8 1 10 12 1 8 1 10 12 1 8 1 10 12 1 10 12 1 10 12 1 1 8 1 8 1 100 1 10 12 1 10 12 1 1 100 1 10 12 1 8 1 10 12 1 10 12 1 10 8 1 10 12 1 1 10 12 1 1 10 12 1 1 10 12 1 1 10 12 1 10 12 1 11 10 12 1 10 12 1 1 10 10 10 12 1 1 1 1 1 1 1 1 1 1 1 1 1 1 1 1 1 1 1 1 1 1 1 1 100 1 1 1 1 1 1 1 1 1 1 1 1 1 1 1 1 1 1 1 1 1 1 1 1 1 1 1 1 1 1 1 1 1 1 1 1 1 1 1 1 1 1 1 1 1 1 1 1 1 1 1 1 3 1 1
ciInstanceKlass java/security/AccessController 1 1 295 10 100 12 1 1 1 10 7 12 1 1 1 10 7 12 1 1 1 10 12 1 1 10 12 1 1 10 7 12 1 1 1 10 12 1 1 10 12 1 10 12 1 1 10 12 1 100 1 8 1 10 12 1 10 12 1 10 12 1 1 10 12 1 100 1 100 1 10 12 1 1 10 12 1 10 12 1 10 12 1 1 10 7 12 1 1 1 10 12 1 1 9 100 12 1 1 1 10 100 12 1 1 1 10 12 1 10 12 1 9 100 12 1 1 1 10 12 1 10 12 1 1 9 12 1 1 10 100 1 10 11 7 12 1 1 1 10 7 12 1 1 11 7 1 100 1 10 12 1 10 12 1 10 12 1 8 1 10 12 1 1 8 1 10 100 12 1 1 1 8 1 100 1 10 10 12 1 1 10 12 1 10 7 12 1 1 1 10 12 1 8 1 10 100 12 1 1 8 1 8 1 10 12 1 8 1 10 12 1 10 12 1 1 10 12 1 1 1 1 1 1 1 1 1 1 1 1 1 1 1 1 1 1 1 1 1 1 1 1 1 1 1 1 100 1 1 1 1 1 1 1 1 1 1 1 1 1 1 1 1 1 1 1 1 1 1 1 1 1 1 1 1 1 1 1 1 1 1 100 1 100 1 1 1 1 1 1 1 1 1 3 1 1 1
staticfield java/security/AccessController $assertionsDisabled Z 1
instanceKlass java/net/URLClassLoader
instanceKlass jdk/internal/loader/BuiltinClassLoader
ciInstanceKlass java/security/SecureClassLoader 1 1 102 10 7 12 1 1 1 7 1 10 12 1 9 7 12 1 1 1 10 12 1 10 12 1 10 12 1 1 10 12 1 1 10 12 1 7 1 10 7 1 10 12 1 7 1 10 12 1 11 7 12 1 1 1 7 1 11 12 1 10 12 1 1 1 1 1 1 1 1 1 1 1 1 1 1 1 1 1 1 1 1 1 1 1 1 1 1 1 1 1 1 1 1 1 1 1 1 100 1 1 1 1
instanceKlass java/lang/reflect/InvocationTargetException
instanceKlass java/lang/InstantiationException
instanceKlass java/lang/IllegalAccessException
instanceKlass java/lang/NoSuchFieldException
instanceKlass java/lang/NoSuchMethodException
instanceKlass java/lang/ClassNotFoundException
ciInstanceKlass java/lang/ReflectiveOperationException 1 1 34 10 7 12 1 1 1 10 12 1 10 12 1 10 12 1 100 1 1 1 1 5 0 1 1 1 1 1 1 1 1 1 1 1
ciInstanceKlass java/lang/ClassNotFoundException 1 1 96 7 1 10 7 12 1 1 1 10 12 1 10 12 1 1 10 100 12 1 1 1 8 1 10 100 12 1 1 1 10 7 12 1 1 10 100 12 1 1 1 10 100 12 1 1 1 10 12 1 1 7 1 10 12 1 9 12 1 1 1 1 1 5 0 1 1 1 1 1 1 1 1 1 1 1 1 1 1 1 1 1 1 100 1 1 1 1 1 1 1 1 1 1 1 1
staticfield java/lang/ClassNotFoundException serialPersistentFields [Ljava/io/ObjectStreamField; 1 [Ljava/io/ObjectStreamField;
instanceKlass java/util/stream/Collectors$CollectorImpl
instanceKlass java/lang/reflect/Proxy$ProxyBuilder$ProxyClassContext
instanceKlass java/nio/DirectByteBuffer$Deallocator
instanceKlass java/io/IoOverNioFileSystem$StreamInitializationBundle
instanceKlass java/security/SecureClassLoader$CodeSourceKey
instanceKlass jdk/internal/reflect/ReflectionFactory$Config
instanceKlass jdk/internal/foreign/abi/UpcallLinker$CallRegs
instanceKlass jdk/internal/foreign/abi/VMStorage
ciInstanceKlass java/lang/Record 1 1 22 10 7 12 1 1 1 100 1 1 1 1 1 1 1 1 1 1 1 1 1 1
instanceKlass java/lang/IncompatibleClassChangeError
instanceKlass java/lang/UnsatisfiedLinkError
instanceKlass java/lang/BootstrapMethodError
instanceKlass java/lang/NoClassDefFoundError
ciInstanceKlass java/lang/LinkageError 1 1 31 10 7 12 1 1 1 10 12 1 10 12 1 100 1 1 1 1 5 0 1 1 1 1 1 1 1 1 1 1 1
ciInstanceKlass java/lang/NoClassDefFoundError 0 0 26 10 100 12 1 1 1 10 12 1 100 1 1 1 1 5 0 1 1 1 1 1 1 1 1 1
ciInstanceKlass java/lang/ClassCastException 1 1 26 10 100 12 1 1 1 10 12 1 100 1 1 1 1 5 0 1 1 1 1 1 1 1 1 1
ciInstanceKlass java/lang/ArrayStoreException 1 1 26 10 100 12 1 1 1 10 12 1 100 1 1 1 1 5 0 1 1 1 1 1 1 1 1 1
instanceKlass java/lang/StackOverflowError
instanceKlass java/lang/OutOfMemoryError
instanceKlass java/lang/InternalError
ciInstanceKlass java/lang/VirtualMachineError 1 1 34 10 100 12 1 1 1 10 12 1 10 12 1 10 12 1 100 1 1 1 1 5 0 1 1 1 1 1 1 1 1 1 1 1
ciInstanceKlass java/lang/InternalError 0 0 34 10 100 12 1 1 1 10 12 1 10 12 1 10 12 1 100 1 1 1 1 5 0 1 1 1 1 1 1 1 1 1 1 1
ciInstanceKlass java/lang/OutOfMemoryError 1 1 26 10 100 12 1 1 1 10 12 1 100 1 1 1 1 5 0 1 1 1 1 1 1 1 1 1
ciInstanceKlass java/lang/StackOverflowError 1 1 26 10 100 12 1 1 1 10 12 1 100 1 1 1 1 5 0 1 1 1 1 1 1 1 1 1
ciInstanceKlass java/lang/IllegalMonitorStateException 1 1 26 10 100 12 1 1 1 10 12 1 100 1 1 1 1 5 0 1 1 1 1 1 1 1 1 1
instanceKlass java/lang/ref/PhantomReference
instanceKlass java/lang/ref/FinalReference
instanceKlass java/lang/ref/WeakReference
instanceKlass java/lang/ref/SoftReference
ciInstanceKlass java/lang/ref/Reference 1 1 190 9 7 12 1 1 1 9 7 12 1 1 10 12 1 1 10 12 1 1 9 12 1 1 10 12 1 1 9 12 1 1 9 12 1 1 7 1 10 12 1 10 7 12 1 1 10 12 1 10 12 1 1 10 12 1 7 1 8 1 10 12 1 1 7 1 10 12 1 1 10 12 1 1 10 12 1 9 12 1 10 12 1 1 10 12 1 10 12 1 9 12 1 100 1 100 1 10 12 9 12 1 9 12 1 100 1 10 10 12 1 10 10 7 12 1 1 7 1 10 10 7 12 1 1 1 1 1 1 1 1 1 1 1 1 1 1 1 1 1 1 1 100 1 1 1 100 1 1 1 1 1 1 1 1 1 1 1 1 1 1 1 1 1 1 1 1 1 1 1 1 1 1 1 1 1 1 1 1 1 1 1 100 1 100 1 100 1 1 1
staticfield java/lang/ref/Reference processPendingLock Ljava/lang/Object; java/lang/Object
staticfield java/lang/ref/Reference $assertionsDisabled Z 1
instanceKlass org/jetbrains/kotlin/com/intellij/util/containers/ConcurrentSoftValueHashMap$MySoftReference
instanceKlass org/jetbrains/kotlin/com/intellij/util/containers/ConcurrentWeakKeySoftValueHashMap$SoftValue
instanceKlass org/jetbrains/kotlin/com/intellij/util/containers/SoftKeySoftValueHashMap$ValueReference
instanceKlass org/jetbrains/kotlin/com/intellij/reference/SoftReference
instanceKlass java/lang/invoke/LambdaFormEditor$Transform
ciInstanceKlass java/lang/ref/SoftReference 1 1 47 10 7 12 1 1 1 9 7 12 1 1 1 9 12 1 10 12 1 10 12 1 1 1 1 1 1 1 1 1 1 1 1 1 1 1 1 1 1 1 1 100 1 1 1 1 1
instanceKlass org/jetbrains/kotlin/com/intellij/util/containers/ConcurrentWeakKeySoftValueHashMap$WeakKey
instanceKlass org/jetbrains/kotlin/com/intellij/util/PatchedWeakReference
instanceKlass org/jetbrains/kotlin/com/intellij/util/containers/ConcurrentWeakValueHashMap$MyWeakReference
instanceKlass org/jetbrains/kotlin/com/intellij/util/containers/UnsafeWeakList$MyReference
instanceKlass java/util/logging/LogManager$LoggerWeakRef
instanceKlass java/util/logging/Level$KnownLevel
instanceKlass org/jetbrains/kotlin/com/intellij/util/containers/IntKeyWeakValueHashMap$MyReference
instanceKlass java/lang/WeakPairMap$WeakRefPeer
instanceKlass java/lang/ClassValue$Entry
instanceKlass jdk/internal/util/WeakReferenceKey
instanceKlass java/lang/ThreadLocal$ThreadLocalMap$Entry
instanceKlass java/util/WeakHashMap$Entry
ciInstanceKlass java/lang/ref/WeakReference 1 1 31 10 7 12 1 1 1 10 12 1 100 1 1 1 1 1 1 1 1 1 1 1 1 1 1 1 1 1 1 1 1
instanceKlass java/lang/ref/Finalizer
ciInstanceKlass java/lang/ref/FinalReference 1 1 50 10 100 12 1 1 1 10 100 12 1 1 1 10 12 1 1 100 1 8 1 10 12 1 1 1 1 1 1 1 1 1 1 1 1 1 1 1 1 1 1 1 1 1 1 1 1 1 100 1
instanceKlass jdk/internal/ref/Cleaner
instanceKlass jdk/internal/ref/PhantomCleanable
ciInstanceKlass java/lang/ref/PhantomReference 1 1 39 10 100 12 1 1 1 10 7 12 1 1 1 1 1 1 1 1 1 1 1 1 1 1 1 1 1 1 1 1 1 1 1 1 1 1 1 1 1
ciInstanceKlass java/lang/ref/Finalizer 1 1 155 9 7 12 1 1 1 10 100 12 1 1 1 9 12 1 1 9 12 1 1 9 12 1 9 12 1 9 12 1 1 10 12 1 100 1 8 1 10 12 1 10 12 1 1 9 12 1 100 1 10 12 1 100 1 11 100 12 1 1 10 12 1 100 1 10 12 1 100 1 10 12 1 10 100 12 1 1 1 10 100 12 1 1 1 100 1 10 10 12 1 7 1 10 12 1 7 1 10 12 1 1 10 12 1 1 10 12 1 10 7 12 1 1 1 7 1 10 7 1 10 10 12 1 1 1 1 1 1 1 1 1 1 1 1 1 1 1 1 1 1 1 1 1 1 1 1 1 1 1 1 1 1 1 1
staticfield java/lang/ref/Finalizer lock Ljava/lang/Object; java/lang/Object
staticfield java/lang/ref/Finalizer ENABLED Z 1
staticfield java/lang/ref/Finalizer $assertionsDisabled Z 1
ciInstanceKlass java/lang/Runnable 1 0 11 100 1 100 1 1 1 1 1 1 1
instanceKlass java/util/logging/LogManager$Cleaner
instanceKlass java/util/concurrent/ForkJoinWorkerThread
instanceKlass java/lang/ref/Finalizer$FinalizerThread
instanceKlass java/lang/ref/Reference$ReferenceHandler
instanceKlass jdk/internal/misc/InnocuousThread
instanceKlass java/lang/BaseVirtualThread
ciInstanceKlass java/lang/Thread 1 1 870 10 7 12 1 1 1 9 12 1 1 10 100 12 1 1 10 12 1 10 100 12 1 1 100 1 8 1 10 12 1 1 9 12 1 9 12 1 1 9 12 1 1 100 1 10 12 1 1 10 12 1 10 100 12 1 1 1 10 12 9 12 1 1 10 12 1 100 1 10 12 1 100 1 8 1 10 9 100 12 1 1 1 10 12 1 1 10 12 1 1 10 12 1 1 10 12 1 10 12 1 1 3 8 1 100 1 5 0 10 7 12 1 1 1 9 12 1 10 12 1 1 10 7 12 1 1 1 10 7 12 1 1 1 10 12 1 1 10 12 1 1 9 12 1 1 10 100 1 8 1 10 7 1 10 12 1 9 12 1 1 10 100 12 1 1 1 10 10 12 1 1 9 100 12 1 1 1 10 12 1 1 10 12 1 1 10 7 12 1 1 10 12 1 10 12 1 10 7 12 1 1 9 12 1 10 7 12 1 1 1 10 12 1 1 9 12 1 1 9 12 1 1 10 7 12 1 1 1 9 12 1 1 10 100 12 1 1 10 100 12 1 1 1 10 12 1 10 12 1 10 7 12 1 1 9 12 1 8 1 9 100 12 1 1 9 12 1 1 5 0 100 1 10 100 1 10 100 1 10 100 1 10 8 1 10 12 1 1 10 100 12 1 10 12 1 10 12 1 100 1 8 1 10 10 12 1 10 12 1 1 10 100 12 1 1 1 10 100 12 1 1 1 10 12 1 7 1 9 12 1 1 100 1 10 10 12 1 9 12 1 1 10 12 1 1 10 12 1 1 10 12 1 10 12 1 9 12 1 1 10 10 12 1 1 10 12 1 1 11 7 12 1 1 10 100 12 1 1 9 12 1 9 12 1 1 9 12 1 1 10 100 12 1 1 10 12 1 1 9 100 12 1 1 1 10 100 12 1 1 10 12 1 10 12 1 100 1 10 10 12 9 12 1 1 10 12 1 11 100 12 1 1 10 12 1 10 12 1 10 12 1 9 12 1 10 10 12 1 10 12 1 1 9 12 1 9 12 10 12 1 8 1 10 12 1 10 12 1 10 12 1 10 12 1 10 12 1 1 10 12 1 10 12 1 1 10 12 1 10 12 1 10 12 1 10 12 1 10 12 1 1 9 7 12 1 1 1 8 1 10 9 12 1 10 12 1 100 1 8 1 10 10 12 1 8 1 10 12 1 1 9 12 10 12 8 1 10 10 12 1 10 12 1 8 1 10 12 1 10 8 1 10 100 12 1 1 10 12 1 1 100 1 8 1 10 9 12 1 9 12 1 1 10 12 1 1 10 10 12 1 10 12 1 100 10 7 12 1 1 1 9 12 1 10 12 1 1 10 12 1 1 10 100 12 1 1 1 11 100 12 1 1 1 9 100 12 1 1 1 10 100 12 1 1 1 100 1 10 12 1 100 1 10 12 1 10 12 1 1 10 12 1 1 8 1 9 12 1 10 12 1 10 12 1 1 11 100 12 1 1 1 10 12 1 1 1 1 3 1 3 1 3 1 3 1 1 1 1 1 1 1 1 1 1 1 1 1 1 1 1 1 1 1 1 1 100 1 1 1 1 1 1 1 1 1 1 1 1 1 1 1 1 1 1 1 1 1 1 100 1 1 1 1 1 1 1 1 1 1 1 1 1 1 1 1 100 1 100 1 1 1 1 1 1 1 1 1 1 1 1 1 1 1 1 1 1 1 1 1 1 1 1 1 1 1 1 1 1 1 1 1 1 1 1 1 1 1 1 1 1 1 1 1 1 1 1 1 1 1 1 1 1 1 1 1 1 1 1 1 1 1 1 1 1 1 1 1 1 1 1 1 1 1 1 100 100 1 1 1 1 1 1 1 1 1 1 1 1 1 1 1 1 1 1 1 1 1 1 1 1 1 1 100 1 100 1 100 1 100 1 100 1 1 100 1 1 1 1 1 1 1 1 1 1 1 1 1 1 1
staticfield java/lang/Thread NEW_THREAD_BINDINGS Ljava/lang/Object; java/lang/Class
staticfield java/lang/Thread EMPTY_STACK_TRACE [Ljava/lang/StackTraceElement; 0 [Ljava/lang/StackTraceElement;
ciInstanceKlass java/lang/Thread$FieldHolder 1 1 48 10 7 12 1 1 1 9 7 12 1 1 1 9 12 1 1 9 12 1 1 9 12 1 1 9 12 1 1 1 1 1 1 1 1 1 1 100 1 100 1 1 1 1 100 1 1 1
ciInstanceKlass java/lang/Thread$Constants 0 0 59 100 1 10 100 12 1 1 1 100 1 10 10 100 12 1 1 1 100 1 8 1 10 12 1 9 100 12 1 1 1 100 1 100 1 10 12 1 10 12 1 9 12 1 1 1 1 1 1 1 1 1 1 1 1 1 1 1 1
ciInstanceKlass java/lang/Thread$UncaughtExceptionHandler 1 0 16 100 1 100 1 1 1 1 1 1 1 1 100 1 1 1
ciInstanceKlass java/lang/ThreadGroup 1 1 411 10 7 12 1 1 1 9 7 12 1 1 1 8 1 9 12 1 1 100 1 9 12 1 1 9 12 1 1 10 7 12 1 1 1 10 12 1 1 10 12 1 10 12 1 10 12 1 10 12 1 1 10 12 1 1 10 12 1 10 12 1 1 10 12 1 10 12 1 10 100 12 1 1 1 10 12 1 1 18 12 1 1 11 100 12 1 1 1 10 7 12 1 1 1 10 100 12 1 10 12 1 1 10 12 1 1 10 12 1 1 10 100 12 1 1 1 10 12 1 11 12 1 1 11 100 12 1 1 11 12 1 1 10 12 1 1 10 12 1 10 12 1 11 12 1 11 12 1 1 100 1 10 10 12 1 100 1 10 18 12 1 1 11 100 12 1 1 1 11 12 1 1 9 12 1 1 10 12 1 1 8 1 10 100 12 1 1 1 10 100 12 1 1 1 10 12 1 1 11 12 10 12 1 1 10 12 1 1 11 100 1 9 12 1 100 1 10 8 1 10 12 1 1 10 12 1 1 8 1 10 12 1 10 100 12 1 1 1 10 12 1 1 10 7 1 8 1 10 8 1 10 12 1 10 12 1 8 1 9 12 1 1 9 12 1 10 100 12 1 1 1 100 9 12 1 1 100 1 9 12 1 10 12 10 12 1 1 100 10 12 9 12 1 10 12 1 100 1 10 11 12 1 1 100 1 10 10 12 1 10 12 1 1 1 1 1 1 1 1 1 1 1 1 1 1 1 1 1 1 3 1 1 1 1 1 1 1 1 1 1 1 1 100 1 1 1 1 1 1 1 1 1 1 1 1 1 1 1 1 1 1 1 1 1 1 1 1 1 1 1 1 1 1 1 1 1 1 1 1 1 1 1 1 1 1 1 16 15 10 12 16 16 15 10 12 16 15 10 100 12 1 1 1 1 1 100 1 100 1 1
staticfield java/lang/ThreadGroup $assertionsDisabled Z 1
instanceKlass java/lang/ThreadBuilders$BoundVirtualThread
instanceKlass java/lang/VirtualThread
ciInstanceKlass java/lang/BaseVirtualThread 0 0 36 10 100 12 1 1 1 100 1 1 1 1 1 1 1 1 1 1 1 1 1 1 1 1 1 1 1 1 100 1 100 1 1 100 1 1
ciInstanceKlass java/lang/VirtualThread 0 0 907 9 100 12 1 1 1 10 100 12 1 1 1 10 100 12 1 1 1 10 100 12 1 1 1 9 12 1 1 9 12 1 1 100 1 10 12 1 9 12 1 1 18 12 1 1 9 12 1 1 10 12 1 1 100 1 10 12 1 10 12 1 1 10 12 1 1 10 12 1 1 10 12 1 10 100 12 1 10 12 1 10 12 1 10 12 1 10 12 1 11 100 12 1 1 1 100 1 10 12 1 1 10 100 12 1 1 1 10 100 12 1 1 1 10 12 1 100 1 10 10 12 1 10 12 1 1 9 12 1 1 10 12 1 1 9 12 1 1 10 12 1 9 12 1 1 9 12 1 100 1 10 10 12 1 10 100 12 1 1 10 9 10 10 12 1 1 10 12 1 1 10 100 12 1 1 10 100 1 10 9 10 10 12 1 100 1 10 12 1 1 10 12 1 10 12 1 10 12 1 1 9 12 1 10 12 1 10 12 1 9 12 1 1 10 12 1 10 12 1 9 12 1 1 10 12 1 10 12 1 10 12 1 11 100 12 1 1 10 12 1 1 10 12 1 1 10 12 1 1 9 12 1 10 100 1 10 12 1 1 10 12 1 1 10 12 1 10 12 1 10 12 1 10 12 9 12 1 1 10 100 12 1 1 10 12 1 10 12 1 1 10 100 12 1 1 10 12 1 100 1 8 1 10 12 1 10 12 1 1 10 12 1 10 12 1 10 100 12 1 1 10 12 1 10 12 1 1 10 12 1 10 12 1 1 10 100 12 1 1 10 12 1 1 10 12 1 1 100 1 10 10 12 1 100 1 9 12 1 1 10 100 12 1 1 10 9 12 1 1 18 9 100 12 1 1 1 11 100 12 1 1 1 11 100 1 11 12 10 12 1 10 12 1 1 10 12 1 100 1 10 10 12 1 10 12 1 1 10 12 1 1 10 12 1 10 12 1 10 12 1 9 12 1 1 11 100 12 1 1 10 12 9 100 12 1 1 1 9 12 1 10 12 1 1 9 12 1 9 12 1 9 12 1 100 1 10 10 12 1 1 10 12 1 10 12 100 1 100 1 10 8 1 10 12 1 1 10 12 1 10 12 1 10 10 12 1 8 1 10 10 12 1 10 12 1 10 100 12 1 1 8 1 8 1 10 9 100 12 1 1 1 10 12 1 1 10 12 1 10 10 10 12 9 12 1 10 12 1 1 9 12 1 10 12 1 1 9 12 1 10 12 1 1 18 12 1 1 18 12 1 10 100 12 1 1 1 8 1 10 100 12 1 1 1 10 100 12 1 1 1 18 12 1 10 100 12 1 1 1 100 1 10 12 1 8 1 10 12 1 8 1 10 12 1 1 8 1 8 1 10 100 12 1 1 8 1 10 12 1 8 1 8 1 10 100 12 1 1 1 10 12 1 10 12 1 1 10 12 1 18 12 1 1 18 12 1 1 5 0 9 12 1 10 12 1 18 12 1 100 1 10 12 10 100 12 1 1 10 12 1 1 100 1 8 1 10 10 12 1 10 12 1 1 10 12 1 9 12 1 8 10 12 1 1 8 8 9 12 1 8 10 12 1 1 3 1 3 1 3 1 3 1 3 1 3 1 3 1 3 1 3 1 3 1 3 1 3 3 1 3 1 1 1 1 1 1 1 1 1 1 1 1 1 1 100 1 1 1 1 1 1 1 1 1 1 1 1 1 1 100 1 1 1 1 1 1 1 1 1 1 1 100 1 1 1 1 1 1 1 1 1 1 1 1 1 1 1 1 1 1 1 1 1 1 1 1 1 1 1 1 1 1 1 1 1 1 1 1 1 1 1 100 1 1 1 1 1 1 1 1 1 1 1 1 1 1 1 1 1 1 1 1 1 1 1 1 1 1 1 1 1 1 1 1 1 1 1 100 1 1 1 1 1 1 1 1 1 1 1 1 1 1 100 1 1 16 15 10 12 15 16 15 10 12 16 15 10 12 16 16 15 10 12 16 15 10 12 16 15 10 12 16 15 10 12 16 1 15 10 100 12 1 1 1 1 1 1 1 100 1 1 100 1 100 1 1
ciInstanceKlass java/lang/ThreadBuilders$BoundVirtualThread 0 0 132 10 100 12 1 1 1 9 100 12 1 1 1 10 100 12 1 1 1 9 12 1 1 10 12 1 1 10 12 1 1 9 12 1 1 10 100 12 1 1 1 10 12 1 1 100 1 8 1 10 12 1 10 12 1 1 10 12 1 1 10 12 1 1 10 100 12 1 1 1 8 1 10 12 1 8 1 10 12 1 1 10 100 12 1 1 9 100 12 1 1 1 10 12 1 1 10 10 12 1 1 1 1 1 1 1 1 1 1 1 1 1 1 1 1 1 1 1 1 1 1 1 1 1 1 1 1 100 1 1 1 1
ciInstanceKlass java/util/Map 1 1 263 11 7 12 1 1 1 11 12 1 1 10 100 12 1 1 11 12 1 1 11 7 12 1 1 1 11 100 12 1 1 1 11 12 1 1 7 1 11 12 1 11 12 1 100 1 100 1 10 12 1 1 11 100 12 1 1 1 11 100 12 1 1 1 11 12 1 11 12 1 10 12 1 1 11 12 1 11 100 12 1 9 7 12 1 1 1 100 1 10 12 7 1 7 1 10 12 1 7 1 10 7 1 11 12 1 11 12 1 1 11 12 1 1 7 1 11 12 1 1 1 1 1 1 1 1 1 1 1 1 1 1 1 1 1 1 1 1 1 1 1 1 1 1 1 1 1 1 1 1 1 1 1 1 1 1 1 1 1 1 1 1 1 1 1 1 1 1 1 1 1 1 1 1 1 1 1 1 1 1 1 1 1 1 1 1 1 1 1 1 1 1 1 1 1 1 1 1 1 1 1 1 1 1 1 1 1 1 1 1 1 1 1 1 1 1 1 1 1 1 1 1 1 1 1 1 1 1 1 1 1 1 1 1 1 1 1 1 1 1 1 1 1 1 100 1 1 1 1 1 1 1 1 1 1 1 1 1 1 1 1 1 1
instanceKlass java/util/Hashtable
ciInstanceKlass java/util/Dictionary 1 1 36 10 7 12 1 1 1 100 1 1 1 1 1 1 1 1 1 1 1 1 1 1 1 1 1 1 1 1 1 1 1 1 1 1 1 1
instanceKlass java/util/Properties
ciInstanceKlass java/util/Hashtable 1 1 516 100 1 10 7 12 1 1 1 9 7 12 1 1 1 100 1 100 1 10 8 1 10 12 1 1 10 12 1 10 12 1 1 10 12 1 10 7 12 1 1 1 8 1 10 12 1 9 12 1 1 7 1 9 12 1 1 4 10 7 12 1 1 1 9 12 1 4 10 12 1 11 100 12 1 1 1 10 12 1 1 10 12 1 1 9 12 1 10 12 1 1 100 1 10 9 12 1 1 10 7 12 1 1 1 9 12 1 1 10 12 1 10 12 1 3 9 12 1 9 12 1 3 10 12 1 10 12 1 10 12 1 1 11 12 1 1 11 100 12 1 1 1 11 100 12 1 1 1 11 12 1 100 1 11 12 1 11 12 1 10 12 1 1 10 12 1 1 10 12 1 9 12 1 1 9 12 9 12 1 1 10 100 1 100 1 10 12 1 10 8 1 10 10 12 1 8 1 10 8 1 10 100 12 1 1 1 7 1 10 12 1 10 12 1 100 1 10 12 1 10 12 1 1 100 1 10 100 1 10 10 12 1 1 11 12 1 1 11 12 1 100 1 10 10 10 100 12 1 1 11 100 12 1 1 1 100 1 10 11 100 12 1 1 11 100 12 1 10 12 1 10 12 1 1 10 100 12 1 1 10 12 1 1 10 12 1 1 10 12 1 1 10 100 12 1 1 1 8 10 100 12 1 1 100 1 8 1 10 4 4 10 12 1 1 10 12 1 8 1 4 10 12 10 100 12 1 1 1 100 1 11 100 12 1 1 1 10 100 12 1 1 1 10 12 1 10 12 1 1 10 100 1 100 1 1 1 1 1 1 5 0 1 1 1 1 1 3 1 3 1 3 1 1 1 1 1 1 1 1 1 1 1 1 1 1 1 1 1 1 1 1 1 1 1 1 1 100 1 1 1 1 1 1 1 1 1 1 1 1 1 1 1 1 1 1 1 1 1 1 1 1 1 1 1 1 1 100 1 1 1 1 1 1 1 1 1 1 1 1 1 1 100 1 1 1 1 1 1 1 1 1 1 1 1 1 1 1 1 1 1 1 1 1 1 1 1 1 1 1 1 1 1 1 1 1 1 1 1 1 1 1 1 1 1 1 1 100 1 1 1 100 1 1 1 1 1 100 1 1 1 1 1 1 1 1 1 1 1 1 1 1 1 1 1 1
ciInstanceKlass java/util/Properties 1 1 690 10 7 12 1 1 1 100 1 10 7 12 1 1 7 1 10 12 1 9 12 1 1 9 12 1 1 9 12 1 1 10 7 12 1 1 1 10 12 1 1 8 1 10 7 12 1 1 1 7 1 10 12 1 10 12 1 1 8 1 10 12 1 7 1 10 12 10 12 1 1 9 12 1 1 10 12 1 1 7 1 10 12 1 10 12 1 10 12 1 1 100 1 8 1 10 12 1 10 12 1 10 12 1 1 10 12 1 100 1 3 10 10 100 12 1 1 1 10 12 1 10 12 1 1 8 1 10 12 1 10 12 1 1 8 1 10 100 12 1 1 10 12 1 1 10 12 1 10 12 1 1 100 1 10 12 1 10 12 1 1 100 1 9 100 12 1 1 1 10 12 1 10 12 1 1 10 12 1 1 10 12 1 1 100 1 9 12 1 1 7 1 100 1 10 12 1 100 1 11 7 12 1 1 1 11 12 1 1 11 100 12 1 1 1 11 7 12 1 1 1 11 12 1 1 11 12 1 11 12 1 10 12 1 1 8 1 10 12 1 10 100 12 1 1 10 12 1 100 1 10 10 12 1 10 12 1 100 1 10 10 12 1 1 10 100 12 1 1 9 100 12 1 1 10 12 1 1 10 100 12 1 1 1 100 1 100 1 100 1 10 8 1 8 1 10 12 1 10 12 1 10 12 1 1 10 10 12 1 1 10 12 1 1 100 1 10 10 12 1 11 7 12 1 1 10 7 12 1 1 1 8 1 10 100 12 1 1 11 11 7 1 8 1 10 100 1 11 10 12 1 10 10 12 1 10 12 1 1 10 12 1 1 10 12 1 1 10 12 1 10 12 1 10 10 12 1 10 12 1 10 12 1 10 10 12 1 1 10 12 1 1 10 10 12 1 10 12 1 10 12 1 10 12 1 10 12 1 1 10 12 1 1 10 12 1 10 12 1 10 12 1 1 10 12 10 12 1 1 10 12 1 1 10 12 1 10 12 1 1 10 12 1 1 10 12 10 11 12 1 4 11 10 12 1 1 10 100 12 1 1 11 12 1 10 12 1 1 10 100 12 1 1 10 12 1 100 1 8 1 10 12 1 10 10 100 12 1 1 1 100 1 6 0 10 12 1 1 11 100 12 1 1 1 10 12 1 10 12 1 1 1 1 1 5 0 1 1 1 1 1 1 1 1 1 1 1 1 1 1 1 1 1 1 1 1 1 1 1 1 1 1 1 1 1 1 1 1 1 1 1 1 1 1 1 100 1 1 1 1 1 1 1 1 1 1 1 1 1 1 1 1 1 1 1 1 100 1 1 1 1 1 1 1 1 1 1 1 1 100 1 100 1 1 1 1 1 100 1 1 1 1 1 1 1 1 1 1 1 1 1 1 1 1 1 1 1 1 1 1 1 1 1 1 1 1 1 1 1 1 1 1 1 1 1 1 1 1 1 1 1 1 1 1 1 1 1 1 1 1 1 1 1 1 1 1 1 1 1 1 1 1 1 1 1 1 1 1 1 1 1 1 1 1 1 100 1 1 1 1 1 1 1 1 1 1 1 100 1 1
staticfield java/util/Properties UNSAFE Ljdk/internal/misc/Unsafe; jdk/internal/misc/Unsafe
ciInstanceKlass java/lang/Module 1 1 1070 10 7 12 1 1 1 9 7 12 1 1 1 10 7 12 1 1 1 9 12 1 9 12 1 1 9 12 1 1 10 12 1 1 10 12 1 10 12 1 1 10 7 12 1 1 1 7 1 10 7 12 1 1 1 10 12 1 1 11 7 12 1 1 1 10 12 1 1 10 7 12 1 1 1 10 12 1 1 10 7 12 1 1 1 9 100 12 1 1 1 10 100 12 1 1 1 10 12 1 8 1 10 7 12 1 1 1 10 7 12 1 1 1 10 7 12 1 1 1 10 12 1 10 12 1 9 12 1 1 10 100 12 1 1 100 1 7 1 10 8 1 10 12 1 1 10 12 1 10 12 10 12 1 10 7 12 1 1 8 1 8 1 10 8 1 8 1 9 12 1 1 8 1 10 100 12 1 1 1 10 12 1 9 12 1 1 11 12 1 9 7 12 1 1 10 7 12 1 1 1 10 100 12 1 1 1 10 12 1 1 8 1 10 12 1 1 10 12 1 10 12 1 1 9 7 12 1 1 1 10 12 1 1 10 12 1 1 9 12 1 10 12 1 10 12 1 9 12 1 1 11 7 12 1 1 10 12 1 1 9 12 1 9 12 1 10 12 1 10 12 1 100 1 8 1 10 10 12 1 1 10 12 1 8 1 10 12 1 1 8 1 8 1 10 12 1 1 10 12 1 10 12 1 1 18 12 1 1 10 12 1 1 11 12 1 9 12 1 11 12 10 100 12 1 1 100 1 8 1 10 11 12 1 1 10 7 12 1 1 1 10 12 1 10 12 1 1 11 12 1 1 11 7 12 1 1 11 12 1 1 9 12 1 11 12 1 10 12 1 1 10 12 1 1 9 12 1 10 12 10 7 12 1 1 10 7 1 18 12 1 1 11 100 12 1 1 1 18 12 1 11 12 1 1 10 100 12 1 1 1 11 12 1 1 10 7 12 1 1 7 1 11 12 1 7 1 7 1 10 12 1 10 7 12 1 1 1 10 11 7 12 1 8 1 10 10 12 1 1 10 7 12 1 1 10 12 1 10 12 1 7 1 10 12 1 10 11 12 1 1 10 12 10 12 1 1 9 12 1 1 100 1 10 10 12 1 1 11 7 1 10 12 1 1 11 12 1 10 10 12 1 11 10 12 1 1 10 12 1 1 10 12 1 1 10 7 12 1 1 10 12 1 10 12 1 1 10 10 12 1 1 10 12 1 18 12 1 11 12 1 18 12 1 10 12 1 10 12 1 10 12 7 1 10 12 1 10 12 1 10 12 1 9 12 1 7 1 10 10 10 10 12 1 10 12 1 10 12 1 10 12 1 1 10 12 1 1 10 12 1 9 12 1 18 12 1 1 10 100 12 1 1 1 100 1 8 1 10 12 1 1 10 12 1 1 10 100 12 1 1 100 1 10 12 1 1 100 1 8 1 10 12 1 1 100 1 11 12 1 1 10 100 12 1 1 1 18 12 1 1 11 100 12 1 1 1 100 1 10 12 1 10 12 1 1 100 1 100 1 10 12 8 1 10 12 1 1 10 12 1 1 10 100 12 1 1 10 12 1 1 10 12 1 10 12 10 12 1 1 100 1 10 10 12 1 1 10 100 12 1 1 1 100 1 10 12 1 1 10 7 12 1 1 8 1 18 12 1 1 100 1 100 1 9 12 1 1 9 12 1 9 12 1 11 100 12 1 1 1 100 1 11 12 1 1 100 1 10 12 1 8 1 10 12 1 10 12 10 12 1 8 1 10 10 100 12 1 1 7 1 10 10 12 1 10 7 12 1 1 9 12 1 9 12 1 9 12 1 9 12 1 10 12 11 12 1 10 12 1 100 1 1 1 1 1 1 1 1 1 1 1 1 1 1 1 1 1 1 1 100 1 1 1 1 1 1 1 1 1 1 1 1 1 1 1 1 1 1 1 1 1 1 1 1 1 1 1 1 1 1 1 1 1 1 1 1 1 1 1 1 1 1 1 1 1 1 1 1 1 1 1 1 1 1 1 1 1 1 1 1 1 1 1 1 1 1 1 1 1 1 1 1 1 1 1 1 1 1 1 1 1 1 1 1 1 1 1 1 1 1 1 1 1 1 1 100 100 1 1 1 1 1 1 1 1 1 1 1 1 1 1 1 1 1 1 1 1 1 1 1 1 1 1 1 100 1 7 1 1 1 1 1 1 1 1 1 1 1 1 1 1 1 1 1 1 1 1 100 1 1 1 1 1 1 1 1 1 1 1 1 1 1 1 1 1 1 1 1 1 1 1 16 15 10 12 16 16 15 10 12 16 16 15 10 16 1 15 10 12 16 1 15 10 12 16 1 16 15 10 12 16 16 1 15 10 12 16 15 10 7 12 1 1 1 15 10 100 12 1 1 1 1 1 1 1 1 1 1 1 100 1 100 1 1 100 1 100 1 1
staticfield java/lang/Module ALL_UNNAMED_MODULE Ljava/lang/Module; java/lang/Module
staticfield java/lang/Module ALL_UNNAMED_MODULE_SET Ljava/util/Set; java/util/ImmutableCollections$Set12
staticfield java/lang/Module EVERYONE_MODULE Ljava/lang/Module; java/lang/Module
staticfield java/lang/Module EVERYONE_SET Ljava/util/Set; java/util/ImmutableCollections$Set12
staticfield java/lang/Module $assertionsDisabled Z 1
instanceKlass java/lang/reflect/Executable
instanceKlass java/lang/reflect/Field
ciInstanceKlass java/lang/reflect/AccessibleObject 1 1 400 10 7 12 1 1 1 9 100 12 1 1 1 10 100 12 1 1 1 10 7 12 1 1 10 7 12 1 1 1 10 100 12 1 1 1 10 12 1 1 10 12 1 1 9 12 1 1 7 1 10 7 12 1 1 1 11 12 1 100 1 10 12 1 7 1 100 1 10 12 1 10 12 1 1 10 12 1 1 10 12 1 1 10 12 1 1 7 1 10 7 12 1 1 1 10 12 1 1 11 10 7 12 1 1 1 10 12 1 1 10 12 1 10 12 1 10 12 1 1 10 12 1 8 1 100 1 100 1 10 10 12 1 1 8 1 10 12 1 10 12 1 8 1 8 1 8 1 8 1 8 1 8 1 8 1 8 1 8 1 100 1 10 12 1 10 12 1 9 12 1 1 10 12 1 1 10 12 1 10 100 1 100 1 8 1 10 8 1 10 12 1 8 1 10 12 1 10 12 1 1 10 100 1 8 1 10 11 7 12 1 1 1 10 12 1 1 10 12 1 1 10 12 1 1 9 12 1 1 100 1 10 12 1 7 1 10 12 1 10 12 1 1 10 100 1 10 12 1 10 12 10 12 1 10 12 1 10 12 1 1 10 12 1 9 12 1 10 7 12 1 1 8 1 10 7 12 1 1 1 8 1 10 100 12 1 1 1 9 12 1 100 1 10 7 1 10 10 7 12 1 1 1 7 1 10 10 7 12 1 1 1 7 1 9 12 1 1 1 1 1 1 1 1 1 1 1 1 1 1 1 1 1 1 1 1 1 1 1 1 1 1 1 1 1 1 1 1 1 1 1 1 1 1 1 1 1 1 1 1 1 1 1 1 1 1 1 1 1 1 1 1 1 1 1 1 1 1 1 1 1 1 1 1 1 1 1 1 1 1 1 1 1 1 1 1 1 1 1 1
staticfield java/lang/reflect/AccessibleObject reflectionFactory Ljdk/internal/reflect/ReflectionFactory; jdk/internal/reflect/ReflectionFactory
ciInstanceKlass java/lang/reflect/Member 1 1 37 100 1 10 12 1 1 100 1 100 1 1 1 1 3 1 3 1 1 1 1 1 1 1 1 1 1 1 1 1 1 1 1 1 1 1 1
ciInstanceKlass java/lang/reflect/Field 1 1 457 9 7 12 1 1 1 10 12 1 1 10 100 12 1 1 1 10 100 12 1 1 9 12 1 1 10 12 1 1 10 12 1 1 10 100 12 1 1 10 7 12 1 1 1 9 12 1 1 9 12 1 9 12 1 9 12 1 1 9 12 1 1 9 12 1 9 12 1 1 9 12 1 1 100 1 8 1 10 12 1 10 12 1 9 12 1 1 9 12 1 10 12 1 10 7 12 1 1 10 12 1 1 10 12 1 1 10 12 1 10 12 1 1 9 100 12 1 1 1 10 100 12 1 1 1 7 1 10 12 1 1 10 12 1 1 10 12 1 1 10 12 1 10 12 1 10 7 1 10 7 12 1 1 100 1 10 8 1 10 12 1 1 10 12 1 1 8 1 10 12 10 12 1 8 1 8 1 10 11 100 1 9 12 1 10 12 1 1 10 12 1 1 11 7 12 1 1 1 10 12 1 11 12 1 1 11 12 1 1 11 12 1 1 11 12 1 1 11 12 1 1 11 12 1 1 11 12 1 1 11 12 1 1 11 12 1 1 11 12 1 1 11 12 1 1 11 12 1 1 11 12 1 1 11 12 1 1 11 12 1 1 11 12 1 1 11 12 1 1 10 12 1 10 100 12 1 1 10 12 1 10 12 1 10 12 1 9 12 1 1 10 7 12 1 1 1 10 12 1 1 10 12 1 10 7 12 1 1 10 12 1 1 11 7 1 10 12 1 7 1 10 100 12 1 1 1 10 7 12 1 1 1 9 12 1 10 7 12 1 1 1 11 7 12 1 1 1 10 12 1 1 10 12 1 1 9 100 12 1 1 10 100 12 1 1 1 10 12 1 1 100 1 1 1 1 1 1 1 1 1 1 1 1 1 1 1 1 1 1 1 1 1 1 1 1 1 1 1 1 1 1 1 1 1 1 1 1 1 1 1 100 1 1 1 1 1 1 1 1 1 1 1 1 1 1 1 1 1 1 1 1 1 1 1 1 1 1 1 1 1 1 1 1 100 1 1 1 1 1 1 1 1 1 100 1 1
ciInstanceKlass java/lang/reflect/Parameter 0 0 243 10 100 12 1 1 1 9 100 12 1 1 1 9 12 1 1 9 12 1 1 9 12 1 10 12 1 1 10 12 1 1 10 100 12 1 1 1 100 1 10 10 12 1 1 11 100 12 1 1 1 10 12 1 10 100 12 1 1 1 10 12 1 1 10 12 1 10 12 1 8 1 8 1 10 100 12 1 1 1 10 12 1 10 12 9 100 12 1 1 1 10 100 12 1 1 1 10 12 1 8 1 10 12 1 9 12 1 1 10 12 1 1 9 12 1 1 10 12 1 1 10 12 1 1 10 12 1 1 10 12 1 10 10 12 1 10 100 12 1 1 1 10 12 1 1 11 100 12 1 1 10 100 12 1 1 100 1 10 100 12 1 1 1 10 12 1 1 10 12 1 1 10 12 1 1 10 12 1 1 9 12 1 100 1 10 11 12 1 1 11 12 1 1 100 1 1 1 1 1 1 1 1 1 1 1 1 1 1 1 1 1 1 1 1 1 1 1 1 1 1 1 1 1 1 1 1 1 1 1 1 1 1 1 1 1 100 1 1 1 1 1 1
instanceKlass java/lang/reflect/Constructor
instanceKlass java/lang/reflect/Method
ciInstanceKlass java/lang/reflect/Executable 1 1 581 10 7 12 1 1 1 10 7 12 1 1 1 10 7 12 1 1 1 11 7 12 1 1 1 10 7 12 1 1 1 10 12 1 1 10 7 12 1 1 1 10 100 12 1 1 1 10 12 1 8 1 10 10 12 1 1 10 12 1 1 10 100 12 1 1 1 18 12 1 1 11 100 12 1 1 1 8 1 8 1 8 1 10 100 12 1 1 1 11 12 1 1 100 1 8 1 8 1 10 12 1 100 1 8 1 10 12 1 8 1 11 100 12 1 1 1 100 1 11 100 12 1 1 1 11 12 1 8 1 18 8 1 10 12 1 10 12 1 1 18 8 1 10 12 1 100 1 10 12 1 10 12 1 11 12 1 10 12 1 1 8 1 8 1 10 12 1 1 10 12 1 1 10 10 12 1 9 100 12 1 1 1 10 100 12 1 1 1 10 12 1 10 12 1 1 10 7 12 1 1 10 12 1 10 12 1 10 12 1 10 7 12 1 1 100 1 10 100 12 1 1 1 10 12 1 1 10 100 12 1 1 10 12 1 10 12 1 1 9 100 12 1 1 1 10 100 10 12 1 8 1 10 12 1 10 12 1 3 100 1 8 1 10 12 1 10 12 1 10 10 12 1 10 12 1 1 8 1 8 1 8 1 9 12 1 1 9 12 1 10 12 1 100 1 8 1 10 12 1 10 12 1 10 12 1 1 10 12 1 1 10 12 1 10 12 10 12 1 100 1 10 12 1 10 12 1 1 100 1 10 100 12 1 1 1 100 1 10 7 12 1 1 1 10 12 1 1 11 7 12 1 1 10 12 1 10 100 12 1 1 1 10 12 1 1 9 12 1 10 12 1 1 10 12 1 10 12 1 1 9 100 12 1 1 1 10 100 12 1 1 1 10 12 1 10 12 1 1 9 12 1 10 10 10 10 100 12 1 1 1 10 12 1 9 12 1 10 12 1 1 9 12 1 100 1 100 1 1 1 1 1 1 1 1 1 1 1 1 1 1 1 1 1 1 1 1 1 1 1 1 1 1 1 1 1 1 1 1 1 1 1 1 100 1 1 1 1 1 1 1 1 1 1 1 1 1 1 1 1 1 1 1 100 1 1 1 1 1 1 1 1 1 1 1 1 1 1 1 1 1 1 1 1 1 1 1 1 1 1 1 1 1 1 1 1 1 1 1 1 1 1 1 1 1 1 1 100 1 1 1 1 1 1 1 1 1 1 1 1 1 1 1 1 1 1 1 1 1 1 100 1 1 16 15 16 1 16 1 15 10 12 16 15 10 100 12 1 1 1 1 1 1 100 1 1 100 1 100 1 1
ciInstanceKlass java/lang/reflect/Method 1 1 472 9 7 12 1 1 1 10 7 12 1 1 1 10 7 12 1 1 9 12 1 1 10 12 1 1 10 12 1 1 10 7 12 1 1 10 7 12 1 1 1 9 12 1 1 9 12 1 9 12 1 1 9 12 1 9 12 1 9 12 1 1 9 12 1 9 12 1 1 9 12 1 9 12 1 9 12 1 1 100 1 8 1 10 12 1 10 12 1 9 12 1 1 8 1 10 7 12 1 1 10 7 12 1 1 1 10 12 1 1 10 12 1 1 10 12 1 10 12 1 1 10 12 1 1 9 100 12 1 1 1 10 12 1 1 10 12 10 7 12 1 1 10 12 1 1 10 12 1 10 12 1 10 12 1 10 7 12 1 1 1 10 12 1 1 10 7 1 10 100 12 1 1 1 10 7 12 1 1 10 12 1 1 10 12 1 1 10 12 1 10 7 12 1 1 1 10 12 1 10 8 1 10 12 1 10 12 1 7 1 8 1 8 1 8 1 10 12 1 10 12 1 1 10 12 1 1 10 10 12 1 1 10 12 1 11 100 1 10 12 1 9 12 1 1 10 12 1 1 10 12 1 10 12 1 1 10 12 1 1 11 7 12 1 1 1 11 12 1 9 12 1 1 10 12 1 10 12 1 10 12 1 10 12 1 10 12 1 10 12 1 9 12 1 1 10 7 12 1 1 1 10 7 12 1 1 10 12 1 1 10 7 12 1 1 1 10 7 12 1 1 1 10 7 12 1 1 1 11 7 12 1 1 1 10 7 12 1 1 1 7 1 100 1 100 1 10 12 1 10 12 1 1 10 12 1 100 1 8 1 10 12 1 10 10 12 1 1 10 12 1 1 10 12 1 1 10 12 1 1 8 1 10 12 1 1 1 1 1 1 1 1 1 1 1 1 1 1 1 1 1 1 1 1 1 1 1 1 1 1 1 1 1 1 1 1 1 1 1 1 1 1 1 1 1 1 1 1 1 1 1 1 1 1 1 1 1 100 1 100 1 100 1 1 1 1 1 1 1 1 1 1 1 1 1 1 1 1 1 1 1 1 1 1 1 1 1 1 1 1 1 1
ciInstanceKlass java/lang/reflect/Constructor 1 1 439 10 7 12 1 1 1 10 7 12 1 1 9 7 12 1 1 1 10 12 1 1 10 12 1 1 10 7 12 1 1 9 12 1 1 10 7 12 1 1 1 9 12 1 1 9 12 1 1 9 12 1 9 12 1 1 9 12 1 9 12 1 1 9 12 1 1 9 12 1 100 1 8 1 10 12 1 10 12 1 9 12 1 1 10 7 12 1 1 10 7 12 1 1 1 10 12 1 1 10 12 1 1 10 12 1 7 1 100 1 8 1 10 10 12 1 10 12 1 10 12 1 1 10 12 1 1 9 100 12 1 1 1 10 7 12 1 1 10 12 1 1 10 12 1 10 12 1 1 10 100 12 1 1 1 10 100 12 1 1 10 12 1 1 10 12 1 10 100 12 1 1 1 8 1 10 10 12 1 100 1 8 1 10 12 1 10 12 1 1 10 12 1 1 10 12 1 10 12 1 10 12 1 1 10 12 1 1 9 12 1 1 10 12 1 1 10 12 1 1 10 12 1 1 11 7 12 1 1 1 10 12 1 1 10 12 1 10 12 1 10 12 1 8 1 9 12 1 1 10 7 12 1 1 1 10 7 12 1 1 10 12 1 1 10 12 1 1 10 12 1 1 10 12 1 1 10 12 1 9 100 12 1 1 10 12 1 10 12 1 10 12 1 100 1 8 1 10 10 12 1 1 10 12 1 10 10 12 1 1 10 12 1 1 10 100 12 1 1 1 11 100 12 1 1 1 10 12 1 1 9 100 12 1 1 1 10 100 12 1 1 1 10 12 1 1 1 1 1 1 1 1 1 1 1 1 1 1 1 1 1 1 1 1 1 1 1 1 1 1 1 1 1 1 1 1 1 1 1 1 1 1 1 1 1 1 1 1 1 1 1 1 1 1 1 1 100 1 100 1 100 1 100 1 1 1 1 1 1 1 1 1 1 1 1 1 1 1 1 1 1 1 1 1 1 1 1 1 1 1 1 1 1 1 1 1 100 1 1
ciInstanceKlass jdk/internal/vm/ContinuationScope 0 0 50 10 100 12 1 1 1 10 100 12 1 1 1 100 1 9 100 12 1 1 1 10 12 1 1 10 100 12 1 1 1 10 12 1 1 10 12 1 1 1 1 1 1 1 1 1 1 1 1 1
ciInstanceKlass jdk/internal/vm/Continuation 0 0 549 9 100 12 1 1 1 9 12 1 9 12 1 100 1 100 1 10 12 1 1 8 1 10 12 1 1 10 12 1 10 12 1 1 10 12 1 9 100 12 1 1 1 11 100 12 1 1 1 10 100 1 9 12 1 1 9 12 1 1 10 8 1 10 12 1 9 12 1 1 10 11 12 1 1 100 1 10 100 12 1 1 1 10 12 1 1 10 12 1 10 12 1 1 11 12 1 1 9 12 1 1 10 12 1 1 18 12 1 1 10 100 12 1 1 1 100 1 10 12 1 11 100 12 1 1 1 10 12 1 9 12 1 10 12 1 1 100 1 8 1 10 12 1 10 12 1 1 9 12 1 1 11 12 1 1 9 12 1 1 8 1 10 11 12 1 1 11 12 1 1 10 12 1 1 10 12 1 1 9 12 1 10 12 1 10 10 12 1 8 1 10 12 1 8 1 8 1 10 100 12 1 1 1 10 100 12 1 1 1 10 12 1 9 12 1 11 12 1 100 1 10 12 1 10 12 1 1 9 12 1 1 100 1 10 12 1 1 9 12 1 1 10 12 1 10 12 1 11 100 12 1 1 10 100 1 10 12 1 8 1 9 12 1 10 12 1 1 9 12 1 1 10 100 12 1 1 8 1 8 1 8 1 8 1 10 12 1 1 10 12 1 10 12 1 10 12 1 10 12 1 1 10 12 1 1 8 1 10 12 1 1 9 12 1 1 10 12 1 1 9 12 1 8 1 10 100 12 1 1 1 10 12 1 8 1 100 1 8 1 10 9 12 1 1 8 1 10 100 12 1 1 10 100 12 1 1 8 1 8 1 10 12 10 100 12 1 1 1 10 100 1 10 100 12 1 1 1 18 11 100 12 1 1 1 18 12 1 11 12 1 1 100 1 10 100 12 1 1 10 12 1 1 8 10 12 1 1 10 100 12 1 1 1 10 100 12 1 1 10 12 1 8 1 10 12 1 100 1 100 1 10 12 1 1 1 1 1 1 1 1 1 1 1 1 1 1 1 1 1 1 1 1 1 1 1 1 1 1 1 1 1 1 1 1 1 1 1 1 1 1 1 1 1 1 1 1 1 1 1 1 1 1 1 1 1 1 1 1 1 1 1 1 1 1 1 1 1 1 1 1 1 1 1 1 1 1 1 100 1 1 16 1 15 10 12 16 15 11 100 12 1 1 1 16 1 16 1 15 10 12 16 15 10 100 12 1 1 1 1 1 1 1 1 100 1 100 1 1
ciInstanceKlass jdk/internal/vm/StackChunk 0 0 32 10 100 12 1 1 1 9 100 12 1 1 1 9 12 1 1 9 12 1 1 1 1 1 1 1 1 1 1 1 1 1
instanceKlass jdk/internal/reflect/FieldAccessorImpl
instanceKlass jdk/internal/reflect/ConstructorAccessorImpl
instanceKlass jdk/internal/reflect/MethodAccessorImpl
ciInstanceKlass jdk/internal/reflect/MagicAccessorImpl 1 1 16 10 7 12 1 1 1 100 1 1 1 1 1 1 1 1
ciInstanceKlass jdk/internal/reflect/MethodAccessor 1 0 17 100 1 100 1 1 1 1 100 1 100 1 1 1 1 1 1
instanceKlass jdk/internal/reflect/DirectMethodHandleAccessor
ciInstanceKlass jdk/internal/reflect/MethodAccessorImpl 1 1 38 10 7 12 1 1 1 10 100 12 1 1 1 100 1 1 1 1 1 1 1 100 1 100 1 1 1 1 1 1 1 1 1 1 1 1 1 1
ciInstanceKlass jdk/internal/reflect/ConstructorAccessor 1 0 16 100 1 100 1 1 1 1 100 1 100 1 100 1 1 1
instanceKlass jdk/internal/reflect/DirectConstructorHandleAccessor$NativeAccessor
instanceKlass jdk/internal/reflect/DirectConstructorHandleAccessor
instanceKlass jdk/internal/reflect/NativeConstructorAccessorImpl
ciInstanceKlass jdk/internal/reflect/ConstructorAccessorImpl 1 1 27 10 7 12 1 1 1 100 1 100 1 1 1 1 1 1 1 1 1 100 1 100 1 100 1 1 1
ciInstanceKlass jdk/internal/reflect/DelegatingClassLoader 0 0 18 10 100 12 1 1 1 100 1 1 1 1 1 1 1 1 1 1
ciInstanceKlass jdk/internal/reflect/ConstantPool 1 1 142 10 100 12 1 1 1 9 7 12 1 1 1 10 12 1 1 10 12 1 1 10 12 1 10 12 1 1 10 12 1 1 10 12 1 10 12 1 1 10 12 1 10 12 1 1 10 12 1 10 12 1 10 12 1 10 12 1 1 10 12 1 1 10 12 1 1 10 12 1 1 10 12 1 10 12 1 1 10 100 12 1 1 1 8 11 7 12 1 1 1 10 7 12 1 1 1 1 1 1 1 1 1 1 1 1 1 1 1 1 1 1 1 1 1 1 1 1 1 1 1 1 1 1 1 1 1 1 1 1 1 1 1 1 1 1 1 1 1 1 1 1
ciInstanceKlass jdk/internal/reflect/FieldAccessor 1 0 48 100 1 100 1 1 1 1 100 1 1 1 1 1 1 1 1 1 1 1 1 1 1 1 1 1 1 1 100 1 1 1 1 1 1 1 1 1 1 1 1 1 1 1 1 1 1 1
instanceKlass jdk/internal/reflect/MethodHandleFieldAccessorImpl
instanceKlass jdk/internal/reflect/UnsafeFieldAccessorImpl
ciInstanceKlass jdk/internal/reflect/FieldAccessorImpl 1 1 269 10 7 12 1 1 1 9 7 12 1 1 1 10 100 12 1 1 1 10 100 12 1 1 10 100 12 1 1 1 10 12 1 1 100 1 10 10 12 1 1 10 12 1 1 8 1 10 10 12 1 100 1 8 1 10 12 1 8 1 10 12 1 8 1 10 12 1 100 1 10 12 1 1 10 8 1 10 12 1 1 8 1 10 100 12 1 1 8 1 10 100 12 1 1 8 1 10 100 12 1 1 8 1 10 100 12 1 1 8 1 10 100 12 1 1 8 1 10 100 12 1 1 8 1 10 100 12 1 1 8 1 10 100 12 1 1 10 12 1 1 8 1 10 12 1 1 10 100 12 1 1 1 8 1 10 12 1 8 1 8 1 8 1 8 1 10 100 12 1 1 1 8 1 8 1 8 1 10 12 100 1 1 1 1 1 1 1 1 1 1 1 1 1 1 1 1 1 1 1 1 1 1 1 1 1 1 1 1 1 1 1 1 1 1 1 1 1 1 1 1 1 1 1 1 1 1 1 1 1 1 1 1 1 1 1 1 1 1 1 1 1 1 1 1 1 1 1 1 1 1 1 1 1 1 1 1 1 1 1 1 1 1 1 1 1 1 1 1
instanceKlass jdk/internal/reflect/UnsafeStaticFieldAccessorImpl
ciInstanceKlass jdk/internal/reflect/UnsafeFieldAccessorImpl 0 0 62 10 100 12 1 1 1 10 100 12 1 1 1 10 100 12 1 1 1 9 100 12 1 1 10 12 1 9 12 1 1 10 100 12 1 1 1 9 12 1 1 10 12 1 10 12 1 1 1 1 1 1 1 1 1 1 1 1 1 1 1 1
ciInstanceKlass jdk/internal/reflect/UnsafeStaticFieldAccessorImpl 0 0 47 10 100 12 1 1 1 9 100 12 1 1 1 10 100 12 1 1 1 9 12 1 1 8 11 100 12 1 1 1 10 100 12 1 1 1 1 1 1 1 1 1 1 1 1 1 1
ciInstanceKlass java/lang/annotation/Annotation 1 0 17 100 1 100 1 1 1 1 1 1 1 1 1 1 1 1 1
ciInstanceKlass jdk/internal/reflect/CallerSensitive 0 0 17 100 1 100 1 100 1 1 1 1 1 1 1 1 1 1 1
ciInstanceKlass jdk/internal/reflect/NativeConstructorAccessorImpl 0 0 125 10 100 12 1 1 1 9 100 12 1 1 1 100 1 10 12 1 9 12 1 1 9 12 1 1 10 100 12 1 1 1 10 100 12 1 1 1 10 100 12 1 1 1 9 12 1 9 12 1 1 9 12 1 1 10 100 12 1 1 1 100 1 10 10 12 1 1 10 12 1 10 12 1 1 10 12 1 100 1 10 12 1 1 10 12 1 1 8 10 12 1 1 1 1 1 1 1 1 1 1 1 1 1 1 1 1 1 1 1 1 1 1 100 1 100 1 100 1 1 1 1 1 1 1
instanceKlass java/lang/invoke/DelegatingMethodHandle
instanceKlass java/lang/invoke/BoundMethodHandle
instanceKlass java/lang/invoke/DirectMethodHandle
ciInstanceKlass java/lang/invoke/MethodHandle 1 1 733 100 1 9 7 12 1 1 1 10 7 12 1 1 1 10 7 12 1 1 1 7 1 7 1 10 12 1 1 9 12 1 1 10 12 1 10 12 1 1 10 12 1 1 10 100 12 1 1 1 10 12 1 1 10 12 1 1 11 100 12 1 1 1 10 12 1 1 10 12 1 10 12 1 10 12 1 1 9 12 1 1 9 12 1 1 10 100 12 1 1 1 10 12 1 1 10 12 1 10 12 1 100 1 100 1 10 8 1 10 12 1 1 10 12 1 8 1 10 12 1 1 10 12 1 10 7 12 1 1 1 10 12 1 1 10 12 1 1 10 12 1 1 10 7 12 1 1 1 10 12 1 1 10 12 1 1 10 12 1 10 12 1 1 10 100 12 1 1 10 7 12 1 1 10 12 1 10 12 1 10 12 1 1 10 12 1 1 10 12 1 1 10 12 1 1 10 7 12 1 1 1 10 7 12 1 1 1 10 12 1 1 10 12 1 1 10 12 1 1 8 1 10 7 12 1 1 1 8 1 10 12 1 10 12 1 1 10 12 1 1 10 12 1 8 1 10 12 1 1 8 1 10 12 1 8 1 10 100 12 1 1 1 9 12 1 1 100 1 10 9 100 12 1 1 1 9 100 1 8 1 10 12 1 1 10 12 1 10 12 1 1 10 12 1 10 12 1 1 10 12 1 10 12 1 1 10 12 1 10 12 1 1 10 12 1 1 8 1 10 12 1 1 8 1 10 12 1 10 12 1 1 10 12 1 10 12 1 10 12 1 1 9 100 12 1 1 1 10 12 1 1 11 12 1 10 12 1 10 12 1 1 10 100 12 1 1 100 1 11 12 1 10 100 1 11 12 1 100 1 10 12 1 11 12 1 9 100 12 1 1 1 11 12 1 1 11 100 12 1 1 1 10 12 1 1 9 12 1 11 12 1 9 12 1 9 12 1 9 12 1 11 12 1 1 9 12 1 9 12 1 9 12 1 9 12 1 9 12 1 9 12 1 9 12 1 8 1 10 12 1 10 12 1 8 1 10 12 1 10 12 1 10 12 1 1 10 10 10 7 12 1 1 10 12 1 1 100 1 100 1 8 1 8 1 10 10 12 1 1 10 12 1 10 12 1 100 1 10 100 12 1 1 1 10 9 7 12 1 1 1 10 12 1 1 10 12 1 1 8 1 8 1 10 100 12 1 1 9 12 1 9 12 1 1 9 12 1 1 10 12 1 7 1 10 12 1 10 12 1 1 9 12 1 1 9 12 1 1 10 7 12 1 1 1 11 7 12 1 1 9 12 1 10 12 1 1 9 12 1 10 12 1 8 10 12 1 1 8 1 1 1 1 1 1 1 1 100 1 1 1 1 1 1 1 1 1 1 1 1 1 1 1 1 1 1 1 1 1 1 1 1 1 1 1 1 1 1 100 1 1 1 1 1 1 1 1 1 1 1 1 1 1 1 1 1 1 1 1 1 1 1 1 1 1 1 1 1 1 1 1 1 1 1 1 1 1 1 1 1 1 1 1 1 1 1 1 1 1 1 1 1 1 1 1 1 1 1 1 1 1 1 1 1 1 1 1 1 1 1 1 1 1 1 1 1 1 1 1 1 1 1 1 1 1 100 1 1 100 1 100 1 100 1 1 100 1 1 100 1 1 1 1
staticfield java/lang/invoke/MethodHandle FORM_OFFSET J 20
staticfield java/lang/invoke/MethodHandle UPDATE_OFFSET J 13
staticfield java/lang/invoke/MethodHandle $assertionsDisabled Z 1
instanceKlass java/lang/invoke/DirectMethodHandle$Interface
instanceKlass java/lang/invoke/DirectMethodHandle$Special
instanceKlass java/lang/invoke/DirectMethodHandle$Constructor
instanceKlass java/lang/invoke/DirectMethodHandle$Accessor
instanceKlass java/lang/invoke/DirectMethodHandle$StaticAccessor
ciInstanceKlass java/lang/invoke/DirectMethodHandle 1 1 923 7 1 7 1 100 1 7 1 7 1 10 7 12 1 1 1 10 7 12 1 1 1 100 1 10 12 1 10 12 1 1 10 7 12 1 1 10 12 1 1 10 12 1 10 12 1 7 1 10 12 1 1 10 12 1 1 10 12 1 10 12 1 1 10 7 12 1 1 1 10 12 1 9 12 1 1 100 1 10 9 12 1 1 9 12 1 10 12 1 10 12 1 10 12 1 1 10 12 1 10 12 1 10 12 1 10 7 12 1 1 1 10 12 1 10 12 1 1 8 1 10 12 1 1 7 1 10 12 1 7 1 10 10 12 1 10 12 1 10 12 1 10 7 12 1 1 1 10 12 1 1 7 1 10 12 1 10 12 1 7 1 10 12 1 10 12 1 1 10 12 1 1 10 12 1 8 10 100 12 1 1 1 10 12 1 10 12 1 10 12 1 1 10 12 1 9 7 12 1 1 1 7 1 10 12 1 10 7 12 1 1 1 10 12 1 10 12 1 1 9 12 1 1 100 1 10 8 1 10 12 1 1 10 12 1 1 8 1 10 12 1 10 12 1 10 10 12 1 10 12 1 10 12 1 10 12 1 10 12 1 1 10 12 1 10 12 1 1 10 12 1 10 12 1 1 10 10 7 12 1 1 1 10 12 1 10 12 1 1 10 12 1 10 12 1 1 8 1 9 7 12 1 1 1 8 1 9 12 1 9 12 1 8 1 9 12 1 9 12 1 8 1 9 12 1 9 12 1 8 1 10 12 1 10 12 1 1 9 12 1 1 7 1 10 12 1 1 100 1 10 7 12 1 1 1 10 12 1 1 10 12 1 10 12 1 1 7 1 10 12 1 1 10 12 1 10 12 1 1 7 1 10 12 1 1 10 12 1 10 7 12 1 1 1 10 12 1 10 12 1 1 10 12 1 9 12 1 1 10 7 1 9 12 9 12 1 10 7 12 1 1 1 10 12 1 7 1 7 1 7 1 9 12 1 1 10 7 12 1 1 1 10 12 10 12 1 100 1 10 12 1 10 12 1 1 8 1 9 12 1 9 12 1 10 12 1 1 9 12 1 1 10 7 12 1 1 1 9 12 1 1 9 12 1 1 10 12 1 10 12 1 10 12 1 10 12 1 1 10 12 1 9 12 1 10 12 1 10 12 1 10 12 1 10 12 1 1 10 12 1 1 9 12 1 1 10 12 1 1 9 7 12 1 1 1 9 12 1 9 12 1 9 12 1 9 12 1 9 12 1 9 12 1 9 12 1 9 12 1 9 12 1 9 12 1 9 12 1 9 12 1 9 12 1 9 12 1 9 12 1 9 12 1 9 12 1 9 12 1 9 12 1 9 12 1 9 12 1 9 12 1 9 12 1 9 12 1 9 12 1 9 12 1 9 12 1 9 12 1 9 12 1 9 12 1 9 12 1 9 12 1 9 12 1 9 12 1 9 12 1 9 12 1 8 1 9 12 1 1 9 12 1 1 10 12 1 10 12 1 1 9 7 1 10 12 1 9 12 1 1 10 12 10 12 1 10 12 1 10 12 1 10 12 1 10 8 1 8 1 8 1 8 1 10 12 1 1 9 12 1 1 10 12 1 10 100 12 1 1 1 8 9 12 1 1 10 12 1 1 8 1 8 8 9 12 1 8 1 8 8 8 8 8 1 8 10 12 1 7 1 10 12 1 8 1 8 1 10 12 1 10 12 1 10 12 1 10 12 1 1 7 1 1 1 1 3 1 3 1 3 1 3 1 3 1 3 1 3 1 3 1 3 1 3 1 1 1 1 1 1 1 1 1 1 3 1 3 1 1 1 1 3 1 1 1 1 1 1 1 1 1 1 1 1 1 1 1 1 1 1 1 1 1 1 1 1 1 1 1 1 1 1 1 1 1 1 1 1 1 1 1 1 1 1 1 1 1 1 1 1 1 1 1 1 1 1 1 1 1 100 1 1 1 1 1 1 1 1 1 100 1 1 1 1 1 1 1 1 1 1 1 1 1 1 1 1 1 1 1 1 1 1 1 1 1 1 1 1 1 1 1 1 1 1 1 1 1 1 1 1 1 1 1 1 1 1 1 1 1 1 1 1
staticfield java/lang/invoke/DirectMethodHandle IMPL_NAMES Ljava/lang/invoke/MemberName$Factory; java/lang/invoke/MemberName$Factory
staticfield java/lang/invoke/DirectMethodHandle FT_UNCHECKED_REF I 8
staticfield java/lang/invoke/DirectMethodHandle ACCESSOR_FORMS [Ljava/lang/invoke/LambdaForm; 132 [Ljava/lang/invoke/LambdaForm;
staticfield java/lang/invoke/DirectMethodHandle ALL_WRAPPERS [Lsun/invoke/util/Wrapper; 10 [Lsun/invoke/util/Wrapper;
staticfield java/lang/invoke/DirectMethodHandle NFS [Ljava/lang/invoke/LambdaForm$NamedFunction; 12 [Ljava/lang/invoke/LambdaForm$NamedFunction;
staticfield java/lang/invoke/DirectMethodHandle OBJ_OBJ_TYPE Ljava/lang/invoke/MethodType; java/lang/invoke/MethodType
staticfield java/lang/invoke/DirectMethodHandle LONG_OBJ_TYPE Ljava/lang/invoke/MethodType; java/lang/invoke/MethodType
staticfield java/lang/invoke/DirectMethodHandle $assertionsDisabled Z 1
ciInstanceKlass java/lang/invoke/DirectMethodHandle$StaticAccessor 1 1 96 10 7 12 1 1 1 10 7 12 1 1 1 9 7 12 1 1 1 9 12 1 1 9 12 1 1 10 7 12 1 1 1 9 12 1 1 9 12 1 1 10 12 1 9 12 1 10 12 1 1 100 1 10 12 1 9 12 1 1 10 12 1 1 10 12 1 1 1 1 1 1 1 1 1 1 1 1 1 1 1 1 1 1 1 1 1 1 1 1 1 1 1 1 1 1
staticfield java/lang/invoke/DirectMethodHandle$StaticAccessor $assertionsDisabled Z 1
ciInstanceKlass java/lang/invoke/DirectMethodHandle$Accessor 1 1 93 10 7 12 1 1 1 10 7 12 1 1 1 9 7 12 1 1 1 9 12 1 1 10 7 12 1 1 1 9 12 1 1 9 12 1 1 10 12 1 9 12 1 10 12 1 1 100 1 10 12 1 9 12 1 1 10 12 1 1 10 12 1 1 1 1 1 1 1 1 1 1 1 1 1 1 1 1 1 1 1 1 1 1 1 1 1 1 1 1 1 1 1
staticfield java/lang/invoke/DirectMethodHandle$Accessor $assertionsDisabled Z 1
instanceKlass java/lang/invoke/VarHandleReferences$Array
instanceKlass java/lang/invoke/VarHandleByteArrayAsDoubles$ByteArrayViewVarHandle
instanceKlass java/lang/invoke/VarHandleByteArrayAsLongs$ByteArrayViewVarHandle
instanceKlass java/lang/invoke/VarHandleByteArrayAsFloats$ByteArrayViewVarHandle
instanceKlass java/lang/invoke/VarHandleByteArrayAsInts$ByteArrayViewVarHandle
instanceKlass java/lang/invoke/VarHandleByteArrayAsChars$ByteArrayViewVarHandle
instanceKlass java/lang/invoke/VarHandleByteArrayAsShorts$ByteArrayViewVarHandle
instanceKlass java/lang/invoke/VarHandleInts$FieldInstanceReadOnly
instanceKlass java/lang/invoke/VarHandleReferences$FieldInstanceReadOnly
ciInstanceKlass java/lang/invoke/VarHandle 1 1 474 10 7 12 1 1 1 10 7 12 1 1 9 12 1 1 9 12 1 1 100 1 10 8 1 10 12 1 1 10 7 12 1 1 1 10 12 1 1 10 100 12 1 1 1 9 100 12 1 1 1 10 12 1 1 10 100 12 1 1 1 10 12 1 1 9 12 1 10 12 1 9 12 1 1 10 100 12 1 1 10 12 1 9 100 12 1 1 1 9 12 1 1 10 12 1 1 100 1 100 1 10 8 1 10 12 1 1 10 12 1 8 1 10 12 1 10 12 1 9 12 1 1 9 12 1 10 12 1 10 12 1 1 10 12 1 10 10 100 12 1 1 1 10 12 1 1 10 12 1 1 10 100 12 1 1 1 10 100 12 1 1 1 10 100 12 1 1 1 9 12 1 1 9 10 12 1 10 12 1 1 10 12 1 1 10 12 1 10 100 12 1 1 1 9 12 1 1 10 12 1 1 9 12 1 10 12 1 10 12 1 10 100 12 1 1 100 1 10 9 7 12 1 1 1 9 12 1 1 10 7 12 1 1 1 10 12 1 10 12 1 10 12 1 10 12 1 10 12 1 10 12 1 1 8 10 12 1 1 7 1 10 12 1 1 100 1 1 1 1 1 1 1 1 1 1 1 1 1 1 1 1 1 1 1 1 1 1 1 1 1 1 1 1 1 1 1 1 1 1 1 1 1 1 1 1 1 1 1 1 1 1 1 1 1 1 1 1 1 1 1 1 1 1 1 1 1 1 1 1 1 1 1 1 100 1 1 1 1 1 1 1 1 100 1 1 1 1 1 1 1 1 1 1 1 1 100 1 100 1 1 100 1 100 1 100 1 100 1 100 1 100 1 100 1 100 1 100 1 100 1 100 1 100 1 100 1 100 1 100 1 100 1 100 1 100 1 100 1 100 1 100 1 100 1 100 1 100 1 100 1 100 1 100 1 100 1 100 1 100 1 100 1 100 1 100 1 100 1 100 1 1 1 1 1 1 100 1 1 1 100 1 1 100 1 100 1 100 1 100 1 100 1 100 1 1 1 1 100 1 100 1 100 1 100 1 100 1 100 1 100 1 100 1
staticfield java/lang/invoke/VarHandle VFORM_OFFSET J 16
staticfield java/lang/invoke/VarHandle $assertionsDisabled Z 1
ciInstanceKlass java/lang/invoke/MemberName 1 1 724 7 1 7 1 100 1 9 12 1 1 10 7 12 1 1 1 9 12 1 1 10 12 1 1 10 12 1 1 10 12 1 1 10 12 1 10 12 1 1 10 7 12 1 1 1 10 12 1 9 7 12 1 1 10 12 1 100 1 100 1 10 12 1 8 1 10 12 1 1 10 12 1 10 12 1 1 10 12 1 9 12 1 1 8 1 10 100 12 1 1 1 7 1 10 10 12 1 1 7 1 7 1 10 12 1 9 12 1 1 100 1 8 1 10 12 1 10 12 1 10 12 1 10 12 1 10 12 1 1 10 12 1 10 12 1 10 12 1 1 8 1 8 1 10 12 1 8 1 9 12 1 1 3 10 12 1 10 12 1 10 12 1 10 10 7 12 1 1 1 10 12 1 10 12 1 10 12 1 10 12 1 7 1 8 10 12 1 1 10 12 1 1 8 1 9 100 1 8 9 100 1 10 12 1 1 10 12 1 10 12 1 8 1 10 12 1 1 10 12 1 10 12 1 10 12 1 10 12 1 1 100 1 10 12 1 1 10 12 1 8 1 10 12 1 10 12 1 8 1 10 12 1 1 10 12 1 1 100 1 10 12 1 1 10 12 8 1 8 1 100 1 10 12 1 10 100 12 1 1 1 100 1 10 12 10 12 1 10 12 1 10 12 1 10 12 1 10 10 12 1 10 12 1 10 12 1 3 10 12 1 3 10 12 1 3 3 3 3 3 3 10 12 1 3 9 12 1 10 12 1 1 3 10 12 1 10 10 7 12 1 1 1 10 12 1 1 10 7 12 1 1 10 10 12 1 10 12 1 1 10 12 1 10 10 12 1 1 10 12 1 10 12 1 10 12 1 100 1 10 10 10 12 100 1 10 10 10 12 1 1 10 12 1 1 10 10 12 1 8 10 7 1 10 12 1 10 7 1 10 12 1 10 12 1 10 12 1 10 10 12 1 10 12 1 1 10 12 1 1 10 12 1 10 12 1 10 12 1 100 1 10 12 1 1 100 1 8 1 10 7 1 10 12 1 10 12 10 12 1 1 10 12 1 10 12 1 8 1 8 1 8 1 8 1 10 12 1 10 12 1 10 7 12 1 1 1 8 1 8 1 10 12 1 8 1 10 10 10 12 1 10 12 1 8 1 8 1 10 10 12 1 8 1 10 100 12 1 1 1 8 1 100 1 10 12 1 10 12 1 1 10 12 1 8 1 8 1 8 1 8 1 100 1 10 8 1 8 1 8 1 8 1 10 12 1 100 1 100 1 100 1 10 100 1 10 100 1 10 100 12 1 1 1 9 7 12 1 1 1 100 1 100 1 1 1 1 1 1 1 3 1 3 1 3 1 3 1 3 1 3 1 1 1 1 1 1 1 1 3 1 3 1 1 1 1 1 1 1 1 1 1 1 1 1 1 1 1 1 1 1 1 1 1 1 1 1 1 1 1 1 1 1 1 1 1 1 1 1 1 1 1 1 1 1 1 1 1 1 1 1 1 1 1 1 1 1 1 1 1 1 1 1 1 1 1 1 1 1 1 1 1 1 1 1 1 1 1 1 1 1 1 1 1 1 1 1 1 1 1 1 1 1 1 1 1 1 1 100 1 1 1 1 1 1 1 1 1 1 1 1 1 1 1
staticfield java/lang/invoke/MemberName $assertionsDisabled Z 1
ciInstanceKlass java/lang/invoke/ResolvedMethodName 1 1 16 10 100 12 1 1 1 100 1 1 1 1 1 1 1 1
ciInstanceKlass java/lang/invoke/MethodHandleNatives 1 1 685 100 1 10 7 12 1 1 1 9 7 12 1 1 1 10 12 1 1 100 1 10 10 12 1 1 10 12 1 10 12 1 8 1 8 1 8 1 8 1 8 1 8 1 8 1 8 1 8 1 8 1 10 12 1 1 7 1 10 7 12 1 1 1 10 100 12 1 1 1 7 1 10 10 12 1 1 8 1 10 12 1 8 1 10 12 1 1 8 1 10 12 1 1 9 100 12 1 1 1 8 1 10 100 12 1 1 1 100 1 10 12 100 1 100 1 8 1 7 1 10 10 12 1 7 1 9 7 12 1 1 10 12 1 1 10 12 1 10 7 12 1 1 1 10 12 1 1 9 12 1 8 1 10 12 1 1 10 12 1 8 1 10 12 1 1 7 1 10 12 1 10 7 12 1 1 1 10 12 1 10 12 1 1 10 12 1 1 8 1 10 12 1 1 8 1 10 12 1 8 1 8 1 8 1 100 1 10 12 1 8 1 10 100 12 1 1 1 10 12 1 1 10 100 12 1 1 10 10 12 1 1 10 12 1 10 100 12 1 1 1 100 1 8 1 10 100 12 1 1 1 7 1 8 1 10 12 1 8 1 8 1 8 1 8 1 8 1 10 12 1 1 10 12 1 1 10 12 1 10 12 1 1 10 12 1 1 7 1 10 12 1 100 1 100 1 10 12 1 10 12 1 8 1 8 1 10 10 12 1 1 10 12 1 1 8 1 10 100 12 1 1 8 1 8 1 10 12 1 1 10 7 12 1 1 1 100 1 10 12 1 1 7 1 9 12 1 1 10 7 12 1 1 1 10 10 12 1 9 12 1 10 12 1 9 12 1 9 12 1 10 12 1 1 10 12 1 10 12 1 1 7 1 7 1 10 12 1 1 10 12 1 10 12 1 1 10 7 12 1 1 1 10 12 1 8 1 10 12 1 10 12 1 10 12 1 1 10 12 1 10 7 12 1 1 1 10 12 1 1 100 1 8 1 10 9 7 12 1 1 1 10 12 1 1 10 12 1 1 100 1 10 12 1 1 10 12 1 1 100 1 100 1 10 10 100 1 100 1 10 100 1 10 10 12 1 1 10 100 1 10 12 1 10 12 1 1 10 12 1 1 10 12 1 1 10 12 1 10 12 1 1 10 8 1 10 12 1 10 12 1 10 12 1 10 12 1 10 12 1 1 10 12 1 10 12 1 10 12 1 10 10 7 12 1 1 10 12 1 1 1 1 1 1 1 1 1 1 1 1 1 100 1 1 1 1 1 1 1 1 1 1 1 1 1 1 1 1 1 1 1 1 1 1 1 1 1 1 1 1 1 1 1 1 1 1 1 1 1 1 1 1 1 1 1 1 1 1 1 1 1 1 1 1 1 1 1 1 1 1 1 1 1 1 1 100 1 1 1 1 1 1 1 1 1 1 1 1 1 1 1 1 1 1 1 1 1 1 1 1 1 1 1 1 1 1 1 1 1 100 1 1 1 1 1 1 1 1 1 1 1 1 1 1 1 1 1 1 1 1 1 1 1 1 1 1 1 1 1 1 1 1 100 1 1
staticfield java/lang/invoke/MethodHandleNatives $assertionsDisabled Z 1
ciInstanceKlass java/lang/invoke/LambdaForm 1 1 1059 7 1 100 1 10 7 12 1 1 1 9 12 1 1 9 12 1 9 12 1 9 12 1 1 9 12 1 1 9 12 1 1 9 12 1 1 9 12 1 1 9 12 1 10 7 12 1 1 9 12 1 10 12 1 1 100 1 10 10 12 1 1 10 12 1 10 12 1 10 12 1 1 10 12 1 9 12 1 9 12 1 10 12 1 1 10 7 12 1 1 1 10 12 1 1 9 100 12 1 1 1 10 12 1 1 9 7 12 1 1 10 12 1 10 12 1 1 10 12 1 1 10 12 1 1 7 1 10 7 12 1 1 1 10 12 1 1 10 12 1 10 12 1 1 9 12 1 1 9 12 1 9 12 1 1 10 12 1 9 12 1 10 100 12 1 1 1 10 12 1 1 100 1 10 12 1 9 12 1 1 10 100 12 1 1 1 10 12 1 10 12 1 7 1 10 12 1 10 12 1 10 12 1 1 10 12 1 1 10 12 1 10 12 1 10 12 1 10 12 1 1 8 1 10 12 1 10 12 1 10 10 12 1 8 1 8 1 9 12 1 9 12 1 1 10 12 1 1 10 12 1 9 12 1 10 12 1 1 10 7 12 1 1 1 10 12 1 1 10 12 1 10 12 1 10 100 12 1 1 1 9 12 1 10 12 1 8 1 8 1 8 1 8 1 8 1 8 1 8 1 8 1 10 12 1 9 12 1 7 1 10 12 1 1 9 12 1 10 12 1 10 12 1 1 10 12 10 12 1 10 12 1 1 10 12 1 1 10 10 12 1 1 10 12 1 1 7 1 8 1 10 12 1 1 10 12 1 10 12 1 1 10 8 1 10 12 1 1 8 1 8 1 8 1 10 12 1 10 12 1 10 12 1 1 100 1 10 12 1 1 10 12 1 1 10 7 12 1 1 1 10 12 1 1 9 12 1 1 8 1 10 100 12 1 1 1 10 7 12 1 1 10 12 10 12 1 1 10 12 1 1 9 12 1 8 10 12 1 1 100 1 10 12 1 1 10 12 1 9 7 12 1 1 9 100 12 1 1 1 8 1 10 100 12 1 1 10 12 1 1 100 1 100 1 10 10 12 1 1 10 12 1 1 8 1 8 1 100 1 8 1 10 12 10 12 1 10 12 1 10 12 1 1 8 1 8 1 10 12 1 10 12 1 1 8 1 8 1 8 1 100 1 8 1 100 1 8 1 100 1 8 1 10 12 1 8 1 9 10 7 12 1 1 1 10 12 1 9 12 1 1 10 12 1 10 10 12 1 10 12 1 10 12 1 10 12 1 1 10 12 1 10 12 1 1 10 12 1 1 10 12 1 1 10 12 1 1 8 1 100 10 12 1 10 12 1 9 12 1 1 10 7 12 1 1 8 1 8 1 100 1 8 1 8 1 8 1 8 1 8 1 8 1 8 1 8 1 10 12 1 1 10 12 1 1 10 12 1 10 12 1 10 12 1 10 12 1 8 1 8 1 8 1 10 12 1 8 1 10 12 1 8 1 8 1 8 1 8 1 8 1 10 12 1 10 12 1 10 12 1 1 10 7 12 1 1 1 10 12 1 10 12 1 10 12 1 10 12 1 10 12 1 10 12 1 10 12 1 9 12 1 1 8 1 10 12 1 1 9 12 1 1 10 12 1 1 9 12 1 9 12 1 1 9 12 1 9 12 1 1 7 1 10 7 12 1 1 1 9 12 1 10 12 1 10 12 1 8 1 10 12 1 9 12 1 1 7 1 10 7 12 1 1 1 8 1 100 1 10 12 1 9 12 1 9 12 1 10 12 1 10 12 1 10 7 12 1 1 1 10 12 1 9 7 12 1 1 10 12 1 1 10 12 1 10 12 1 10 12 1 9 12 10 12 1 10 10 12 1 9 12 1 9 9 12 1 7 9 12 1 1 10 12 1 1 9 12 1 10 12 1 10 7 1 9 1 1 1 1 3 1 3 1 1 3 1 3 1 1 1 1 1 1 1 1 1 1 1 1 1 1 1 1 1 1 1 1 1 1 1 1 1 1 1 1 1 1 1 1 1 1 1 1 1 1 1 1 1 1 1 1 1 1 1 1 1 1 1 100 1 1 1 1 1 1 1 1 1 1 1 1 1 1 1 1 1 1 1 1 1 1 1 1 1 1 1 1 1 1 1 1 1 1 1 1 1 1 1 1 1 1 1 1 1 1 1 1 1 1 1 1 1 1 1 1 1 1 1 1 1 1 100 1 1 1 1 1 1 1 1 1 1 1 1 1 1 1 1 1 1 1 1 1 1 1 1 1 1 1 1 1 1 1 1 1 1 100 1 1 1 1 1 1 1 1 1 1 1 1 1 1 1 1 1 1 1 1 1 1 100 1 1 1 100 1 1 100 1 1 1 1 1 1 1 1 1 1 1
staticfield java/lang/invoke/LambdaForm DEFAULT_CUSTOMIZED Ljava/lang/invoke/MethodHandle; 
staticfield java/lang/invoke/LambdaForm DEFAULT_KIND Ljava/lang/invoke/LambdaForm$Kind; java/lang/invoke/LambdaForm$Kind
staticfield java/lang/invoke/LambdaForm COMPILE_THRESHOLD I 0
staticfield java/lang/invoke/LambdaForm INTERNED_ARGUMENTS [[Ljava/lang/invoke/LambdaForm$Name; 5 [[Ljava/lang/invoke/LambdaForm$Name;
staticfield java/lang/invoke/LambdaForm IMPL_NAMES Ljava/lang/invoke/MemberName$Factory; java/lang/invoke/MemberName$Factory
staticfield java/lang/invoke/LambdaForm LF_identity [Ljava/lang/invoke/LambdaForm; 6 [Ljava/lang/invoke/LambdaForm;
staticfield java/lang/invoke/LambdaForm LF_zero [Ljava/lang/invoke/LambdaForm; 6 [Ljava/lang/invoke/LambdaForm;
staticfield java/lang/invoke/LambdaForm NF_identity [Ljava/lang/invoke/LambdaForm$NamedFunction; 6 [Ljava/lang/invoke/LambdaForm$NamedFunction;
staticfield java/lang/invoke/LambdaForm NF_zero [Ljava/lang/invoke/LambdaForm$NamedFunction; 6 [Ljava/lang/invoke/LambdaForm$NamedFunction;
staticfield java/lang/invoke/LambdaForm createFormsLock Ljava/lang/Object; java/lang/Object
staticfield java/lang/invoke/LambdaForm DEBUG_NAME_COUNTERS Ljava/util/HashMap; 
staticfield java/lang/invoke/LambdaForm DEBUG_NAMES Ljava/util/HashMap; 
staticfield java/lang/invoke/LambdaForm TRACE_INTERPRETER Z 0
staticfield java/lang/invoke/LambdaForm $assertionsDisabled Z 1
ciInstanceKlass java/lang/invoke/TypeDescriptor$OfMethod 1 0 43 100 1 100 1 100 1 1 1 1 1 1 1 1 1 1 1 1 1 1 1 1 1 1 1 1 1 1 1 1 1 1 1 1 1 1 1 1 1 1 100 1 1
ciInstanceKlass java/lang/invoke/MethodType 1 1 780 7 1 10 7 12 1 1 1 9 12 1 1 9 12 1 1 9 12 1 1 10 7 12 1 1 1 9 7 12 1 1 8 1 10 100 12 1 1 1 9 7 1 9 7 1 10 12 1 1 100 1 10 8 1 10 12 1 1 10 12 1 10 12 1 1 100 1 8 1 10 12 1 100 1 10 10 12 1 10 12 1 1 10 12 1 1 11 7 12 1 1 1 9 12 1 11 12 1 1 7 10 12 1 1 10 12 1 1 7 1 7 1 10 7 12 1 1 1 10 12 1 10 12 1 9 12 1 1 10 7 12 1 1 10 12 1 1 10 7 12 1 1 1 10 7 12 1 1 1 10 12 1 9 12 1 1 10 12 1 1 10 12 1 1 10 12 1 1 10 12 1 1 10 12 1 1 10 12 1 10 12 1 10 12 1 1 10 12 1 8 1 8 1 10 12 1 1 9 12 1 1 100 1 10 10 12 1 1 10 12 1 10 12 1 1 10 12 1 1 10 12 1 10 12 1 10 12 1 8 1 10 12 1 1 10 100 12 1 1 1 10 12 1 10 12 1 1 10 12 1 10 12 1 10 12 1 1 10 12 1 10 12 1 9 12 1 10 12 1 10 10 12 1 1 10 12 1 9 12 1 1 10 12 1 1 11 12 1 1 10 12 1 1 10 12 1 10 12 1 100 1 8 1 8 1 8 1 10 12 1 10 12 1 10 12 1 1 10 10 12 1 11 12 1 1 11 12 1 10 100 12 1 1 1 9 12 1 10 12 1 10 12 1 1 10 12 1 1 10 12 1 10 12 1 10 100 12 1 1 1 10 12 1 1 10 12 1 10 12 1 10 12 1 10 9 12 1 1 7 1 10 12 1 10 12 1 1 9 100 12 1 1 1 10 100 12 1 1 1 10 100 12 1 1 1 10 12 1 1 10 100 12 1 1 1 10 12 1 1 8 1 10 7 12 1 1 1 11 12 1 1 9 12 1 1 10 12 1 1 10 12 1 10 12 1 1 10 12 1 1 10 100 12 1 1 100 1 10 12 1 1 11 100 12 1 1 18 12 1 1 11 12 1 1 18 12 1 11 12 1 100 1 11 100 12 1 1 10 12 1 100 1 10 12 1 10 100 12 1 1 10 12 1 1 9 12 1 1 9 100 12 1 1 1 10 100 12 1 1 1 9 12 1 10 100 12 1 1 10 12 1 100 10 12 1 1 10 12 1 7 1 10 10 12 1 1 7 1 7 1 9 12 1 1 100 1 100 1 100 1 1 1 5 0 1 1 1 1 1 1 1 3 1 3 1 3 1 1 1 1 1 1 1 1 1 1 1 1 1 1 1 1 1 1 1 1 1 1 1 1 1 1 1 1 1 1 1 1 1 1 1 1 1 1 1 1 1 1 1 1 1 1 1 1 1 1 1 1 1 1 1 1 1 1 1 1 1 1 1 1 1 1 1 1 1 1 1 1 1 1 1 1 1 1 1 1 1 1 1 1 1 1 1 1 1 1 1 1 1 1 1 1 1 1 1 1 1 1 1 1 1 1 1 1 1 1 1 1 1 1 1 1 1 1 1 1 1 1 1 1 1 1 1 1 1 1 100 1 100 1 1 1 1 1 1 1 1 1 1 1 1 1 100 1 1 1 100 1 1 1 1 1 1 1 1 1 1 1 1 1 1 1 1 1 1 1 1 1 1 16 15 10 12 16 16 15 10 12 16 15 10 100 12 1 1 1 1 1 100 1 1 100 1 1 100 1 100 1 1
staticfield java/lang/invoke/MethodType internTable Ljdk/internal/util/ReferencedKeySet; jdk/internal/util/ReferencedKeySet
staticfield java/lang/invoke/MethodType NO_PTYPES [Ljava/lang/Class; 0 [Ljava/lang/Class;
staticfield java/lang/invoke/MethodType objectOnlyTypes [Ljava/lang/invoke/MethodType; 20 [Ljava/lang/invoke/MethodType;
staticfield java/lang/invoke/MethodType METHOD_HANDLE_ARRAY [Ljava/lang/Class; 1 [Ljava/lang/Class;
staticfield java/lang/invoke/MethodType serialPersistentFields [Ljava/io/ObjectStreamField; 0 [Ljava/io/ObjectStreamField;
staticfield java/lang/invoke/MethodType $assertionsDisabled Z 1
ciInstanceKlass java/lang/BootstrapMethodError 0 0 45 10 100 12 1 1 1 10 12 1 10 12 1 10 100 12 1 1 1 10 100 12 1 1 1 1 1 1 5 0 1 1 1 1 1 1 1 1 1 1 1 100 1 1 1
instanceKlass java/lang/invoke/VolatileCallSite
instanceKlass java/lang/invoke/MutableCallSite
instanceKlass java/lang/invoke/ConstantCallSite
ciInstanceKlass java/lang/invoke/CallSite 1 1 296 10 7 12 1 1 1 10 7 12 1 1 1 9 12 1 1 10 7 12 1 1 1 10 12 1 100 1 10 12 1 1 10 12 1 1 9 100 12 1 1 1 10 100 12 1 1 10 12 1 1 100 1 100 1 10 10 100 12 1 1 1 10 12 1 1 8 1 10 12 1 10 12 1 1 10 12 1 10 12 1 1 10 12 1 1 10 10 100 12 1 1 10 12 1 1 9 12 1 9 100 12 1 1 1 8 1 10 7 12 1 1 1 10 12 1 1 100 1 10 12 1 1 9 12 1 8 1 100 1 10 12 1 10 12 1 100 1 8 1 10 10 12 1 10 12 1 1 100 1 10 12 1 1 10 12 1 10 12 1 10 12 1 1 10 12 1 1 9 12 1 1 8 10 12 1 1 9 12 1 1 100 1 10 10 12 1 10 100 12 1 1 1 10 12 1 1 10 12 1 1 10 12 1 10 7 12 1 1 1 100 1 8 1 10 10 12 10 12 1 1 100 1 100 1 100 1 8 1 10 12 1 10 7 12 1 1 1 1 1 1 1 1 1 1 1 1 1 1 1 1 1 1 1 1 1 1 1 1 1 1 1 1 1 1 1 1 1 1 1 1 1 1 1 1 1 1 1 1 1 1 1 1 1 1 1 1 1 1 1 100 1 100 1 1 1
staticfield java/lang/invoke/CallSite $assertionsDisabled Z 1
ciInstanceKlass jdk/internal/foreign/abi/NativeEntryPoint 0 0 194 10 100 12 1 1 1 9 100 12 1 1 1 9 12 1 1 100 1 8 1 10 12 1 10 12 1 1 100 1 10 100 12 1 1 1 10 12 1 9 12 1 1 18 12 1 1 10 100 12 1 1 1 10 100 12 1 1 1 9 100 12 1 1 1 100 1 10 8 1 10 12 1 1 10 12 1 10 12 1 1 8 1 10 12 1 1 100 1 8 1 10 12 1 10 12 1 1 10 12 1 9 12 1 1 18 12 1 1 10 100 12 1 1 1 10 12 1 1 10 12 1 10 100 12 1 1 1 10 1 1 1 1 1 1 1 1 1 1 1 1 1 1 1 1 1 1 1 1 1 1 1 1 1 1 1 1 1 1 1 1 1 1 1 1 1 16 1 15 10 12 16 1 16 15 10 12 15 10 100 12 1 1 1 1 1 100 1 1 100 1 100 1 1
ciInstanceKlass jdk/internal/foreign/abi/ABIDescriptor 0 0 55 10 100 12 1 1 1 9 100 12 1 1 1 9 12 1 1 9 12 1 9 12 1 9 12 1 1 9 12 1 9 12 1 1 9 12 1 9 12 1 9 12 1 9 12 1 1 1 1 1 1 1 1 1 1
ciInstanceKlass jdk/internal/foreign/abi/VMStorage 0 0 91 10 100 12 1 1 1 9 100 12 1 1 1 9 12 1 1 9 12 1 1 9 12 1 1 100 1 10 8 1 10 12 1 1 10 12 1 10 12 1 1 10 12 1 18 12 1 18 12 1 1 18 12 1 1 1 1 1 1 1 1 1 1 1 1 1 1 1 1 1 1 1 8 1 15 15 15 15 15 10 100 12 1 1 1 1 100 1 100 1 1
ciInstanceKlass jdk/internal/foreign/abi/UpcallLinker$CallRegs 0 0 66 10 100 12 1 1 1 9 100 12 1 1 1 9 12 1 18 12 1 1 18 12 1 1 18 12 1 1 1 1 1 1 1 1 1 1 1 1 1 1 1 1 1 1 100 1 1 1 8 1 15 15 15 10 100 12 1 1 1 1 1 100 1 100 1 1
ciInstanceKlass java/lang/invoke/ConstantCallSite 1 1 65 10 7 12 1 1 1 9 7 12 1 1 1 9 12 1 1 10 7 12 1 1 1 10 12 1 100 1 10 12 9 12 1 1 100 1 10 10 12 1 1 10 12 1 1 1 1 1 1 1 1 1 1 1 1 1 100 1 1 1 1 1 1 1 1
staticfield java/lang/invoke/ConstantCallSite UNSAFE Ljdk/internal/misc/Unsafe; jdk/internal/misc/Unsafe
ciInstanceKlass java/lang/invoke/MutableCallSite 0 0 63 10 100 12 1 1 1 10 12 1 9 100 12 1 1 1 10 12 1 10 12 1 1 9 12 1 1 10 100 12 1 1 1 10 100 12 1 1 1 10 12 1 1 1 1 1 1 1 1 1 1 1 1 1 1 1 1 1 1 100 1 1 1
ciInstanceKlass java/lang/invoke/VolatileCallSite 0 0 37 10 100 12 1 1 1 10 12 1 10 100 12 1 1 1 10 12 1 10 12 1 1 1 1 1 1 1 1 1 1 1 1 1 1 1 1
ciInstanceKlass java/lang/AssertionStatusDirectives 0 0 24 10 100 12 1 1 1 100 1 1 1 1 1 1 1 1 1 1 1 1 1 1 1 1
ciInstanceKlass java/lang/Appendable 1 0 14 100 1 100 1 1 1 1 100 1 1 1 1 1
instanceKlass java/lang/StringBuilder
instanceKlass java/lang/StringBuffer
ciInstanceKlass java/lang/AbstractStringBuilder 1 1 607 7 1 10 7 12 1 1 1 9 7 12 1 1 1 9 12 1 9 12 1 1 9 12 1 1 10 100 12 1 1 1 10 12 1 1 7 1 3 3 10 12 1 10 12 1 1 11 7 1 100 1 100 1 10 8 1 10 12 1 10 12 1 10 12 1 1 10 12 1 10 12 1 9 12 1 10 12 1 9 12 1 1 10 12 1 1 10 7 12 1 1 1 10 10 12 1 10 12 1 10 12 1 1 10 12 1 1 10 7 12 1 1 1 10 7 12 1 1 1 100 1 8 1 10 10 12 1 1 100 1 10 12 10 12 1 1 10 10 12 1 1 10 12 1 1 10 12 1 1 10 12 1 1 10 10 7 12 1 1 1 10 12 1 100 1 10 10 100 12 1 1 1 9 12 1 1 9 12 1 10 12 1 1 10 10 12 1 1 10 12 10 12 1 10 12 1 1 10 12 1 1 10 12 1 1 10 12 1 10 12 1 1 10 12 1 1 10 12 1 10 12 1 1 8 1 10 12 1 1 10 12 1 10 12 1 10 12 1 10 12 1 10 12 1 10 12 1 10 7 12 1 1 10 12 1 10 12 1 10 100 12 1 1 1 100 1 100 1 10 12 1 10 100 12 1 1 10 12 1 10 12 1 1 10 12 1 10 12 1 1 10 12 1 10 12 1 1 10 12 1 1 10 10 7 12 1 1 1 10 12 1 10 12 1 10 12 1 1 10 12 1 10 12 1 10 12 1 10 12 1 10 12 1 10 12 1 10 12 1 10 12 1 1 10 12 1 10 12 1 10 12 10 12 1 1 18 12 1 1 100 1 10 100 12 1 1 1 18 10 12 1 1 10 12 1 1 10 12 1 10 12 1 1 11 12 1 1 10 12 1 10 12 1 10 12 10 10 10 12 1 10 5 0 10 10 12 1 1 100 1 8 1 10 10 12 1 1 10 100 12 1 1 1 10 12 1 10 12 1 1 100 1 10 12 100 1 10 100 1 10 100 1 1 1 1 1 1 1 1 1 1 1 100 1 1 1 1 1 1 1 1 1 1 1 1 1 1 1 1 1 1 1 1 1 1 1 1 1 1 1 1 1 1 1 1 1 1 1 1 1 1 1 1 1 1 1 1 1 1 1 1 1 1 1 1 1 1 1 1 1 1 1 1 1 1 1 1 1 1 1 1 1 1 1 1 1 1 1 1 1 1 1 1 1 1 1 1 1 1 1 1 1 1 1 1 1 1 1 1 1 1 1 1 100 1 1 1 1 1 1 1 1 1 1 1 1 1 1 1 1 1 100 1 1 1 1 1 1 100 1 1 16 1 15 10 12 16 15 10 12 15 10 100 12 1 1 1 1 1 1 1 100 1 100 1 1
staticfield java/lang/AbstractStringBuilder EMPTYVALUE [B 0
ciInstanceKlass java/lang/StringBuffer 0 0 483 10 100 12 1 1 1 10 12 1 10 12 1 10 12 1 1 9 100 12 1 1 1 10 12 1 1 10 12 1 10 12 1 1 9 12 1 1 10 12 1 10 12 1 1 10 12 1 1 10 12 1 10 12 1 1 10 12 1 10 12 1 1 10 12 1 1 10 100 12 1 1 1 10 12 1 1 10 12 1 10 12 1 10 12 1 10 12 1 10 12 1 10 12 1 10 12 1 10 12 1 10 12 1 10 12 1 10 12 1 10 12 1 10 12 1 10 12 1 1 10 12 1 10 12 1 1 10 12 1 1 10 10 12 1 1 10 12 1 10 12 1 10 12 1 10 12 1 10 12 1 10 12 1 10 12 10 12 1 10 12 1 10 12 1 10 12 1 1 10 12 1 10 12 1 10 10 12 1 1 10 12 1 10 12 1 10 12 1 10 10 100 12 1 1 1 10 10 12 1 1 9 12 1 1 10 100 12 1 1 10 100 1 8 10 100 12 1 1 1 8 10 12 1 8 1 10 12 1 10 12 1 10 100 12 1 1 1 10 100 12 1 1 1 100 1 10 12 100 1 8 1 10 10 12 1 1 10 12 1 1 10 12 1 10 12 1 10 12 1 1 10 12 1 10 12 1 10 12 1 10 12 1 10 12 1 10 12 10 12 1 10 12 1 10 12 1 10 12 1 10 12 1 10 12 1 10 12 1 10 12 1 10 12 1 10 12 1 10 12 10 12 10 12 1 10 12 1 10 12 1 10 12 10 12 1 10 12 1 10 12 1 10 12 1 10 12 1 10 12 1 10 12 1 10 12 1 10 12 1 10 12 1 10 12 1 100 1 10 12 1 9 100 12 1 1 1 9 100 1 9 12 1 1 100 1 100 1 100 1 100 1 1 1 1 5 0 1 1 1 1 1 1 1 1 1 1 1 1 1 1 1 1 1 1 1 1 1 1 1 1 1 1 1 1 1 1 1 1 1 1 1 1 1 1 1 1 1 1 1 1 1 1 1 1 1 1 1 1 1 1 1 1 1 1 1 1 1 100 1 1 1 1 1 100 1 1 1 1 1 1 1 1 1 1 1 1 1 1 1 1 1 1
ciInstanceKlass java/lang/StringBuilder 1 1 422 10 7 12 1 1 1 10 12 1 10 12 1 10 12 1 1 10 7 12 1 1 1 10 7 12 1 1 1 10 12 1 10 12 1 10 12 1 10 12 1 10 12 1 10 12 1 10 12 1 10 12 1 10 12 1 10 12 1 10 12 1 10 12 1 10 12 1 10 12 1 1 10 12 1 10 12 1 1 10 12 1 1 10 12 1 10 12 1 10 12 1 10 12 1 10 12 1 10 12 1 10 12 1 10 12 10 12 1 10 12 1 10 12 1 10 12 1 1 10 12 1 10 12 1 10 12 10 12 1 1 10 12 1 10 12 1 10 12 1 10 100 12 1 1 1 9 12 1 1 10 12 1 10 12 1 1 10 12 1 1 9 12 1 1 10 100 12 1 1 1 10 100 1 10 12 1 1 10 100 12 1 1 10 12 1 10 12 1 1 100 1 100 1 8 1 10 10 12 1 1 10 12 1 10 12 1 10 12 1 1 10 12 1 10 12 1 10 12 1 10 12 1 10 12 1 10 12 10 12 1 10 12 1 10 12 1 10 12 1 10 12 1 10 12 1 10 12 1 10 12 1 10 12 1 1 10 12 1 1 10 12 1 10 12 1 10 12 1 10 12 10 12 10 12 1 10 12 1 10 12 1 10 12 10 12 1 10 12 1 10 12 1 10 12 1 10 12 1 10 12 1 10 12 1 10 12 1 10 12 1 1 10 12 1 10 12 1 1 10 12 1 10 12 1 1 10 12 1 10 12 1 1 10 12 1 10 12 1 10 12 1 10 10 12 1 10 12 1 100 1 100 1 100 1 100 1 1 1 1 5 0 1 1 1 1 1 1 1 1 1 1 1 1 1 1 1 1 1 1 1 1 1 1 1 1 1 1 1 1 1 1 1 1 1 1 1 1 1 1 1 1 1 1 1 1 100 1 1 1 100 1 1 1 1 1 1 1 1 1 1 1
ciInstanceKlass jdk/internal/misc/UnsafeConstants 1 1 34 10 100 12 1 1 1 9 7 12 1 1 1 9 12 1 9 12 1 1 9 12 1 9 12 1 1 1 1 1 1 1 1 1
staticfield jdk/internal/misc/UnsafeConstants ADDRESS_SIZE0 I 8
staticfield jdk/internal/misc/UnsafeConstants PAGE_SIZE I 4096
staticfield jdk/internal/misc/UnsafeConstants BIG_ENDIAN Z 0
staticfield jdk/internal/misc/UnsafeConstants UNALIGNED_ACCESS Z 1
staticfield jdk/internal/misc/UnsafeConstants DATA_CACHE_LINE_FLUSH_SIZE I 0
ciInstanceKlass jdk/internal/misc/Unsafe 1 1 1287 10 7 12 1 1 1 9 7 12 1 1 1 9 12 1 1 10 12 1 1 10 7 12 1 1 1 10 12 1 1 10 12 1 1 10 12 1 1 10 12 1 1 10 12 1 1 10 12 1 1 10 12 1 1 10 12 1 1 10 12 1 1 10 12 1 1 10 12 1 1 10 12 1 1 10 12 1 1 10 12 1 10 12 1 100 1 10 10 12 1 1 10 12 1 1 5 0 10 12 1 1 10 12 1 1 10 7 12 1 1 1 10 12 1 1 10 12 1 10 12 1 10 12 1 1 10 12 1 1 10 12 1 10 12 1 100 1 100 1 10 8 1 10 12 1 1 10 12 1 8 1 10 12 1 1 10 12 1 10 12 1 10 12 1 1 10 12 1 10 12 1 1 10 12 1 1 10 12 1 10 12 1 10 12 1 10 12 1 1 10 12 1 10 12 1 10 12 1 1 10 12 1 5 0 5 0 5 0 10 12 1 10 12 1 10 12 1 10 12 1 10 12 1 10 12 1 10 12 1 10 12 1 10 12 1 1 10 12 1 10 12 1 100 1 8 1 10 100 1 10 10 12 1 1 10 12 1 1 10 12 1 10 12 1 1 10 12 1 1 10 12 1 10 12 1 1 10 12 1 9 7 12 1 1 9 12 1 100 1 10 10 12 1 1 8 1 10 8 1 8 1 10 12 1 1 9 7 12 1 1 1 9 100 1 9 7 1 9 100 1 9 9 100 1 9 100 1 9 100 1 10 12 1 1 10 12 1 1 10 12 1 1 10 12 1 1 5 0 5 0 9 12 1 1 10 12 1 10 12 1 10 12 1 1 10 12 1 1 10 12 1 8 1 3 10 12 1 1 10 12 1 1 10 12 1 10 12 1 1 10 12 1 1 10 12 1 10 12 1 10 12 1 10 12 1 10 12 1 10 12 1 1 10 12 1 1 10 12 1 10 12 1 10 12 1 10 12 1 10 12 1 10 12 1 1 10 12 1 1 10 12 1 10 12 1 10 12 1 10 12 1 10 12 1 10 12 1 1 10 12 1 1 10 12 1 1 10 12 1 1 10 12 1 10 12 1 10 12 1 10 12 1 10 12 1 10 12 1 10 12 1 1 10 12 1 1 10 12 1 10 12 1 10 12 1 10 12 1 10 12 1 10 12 1 10 12 1 1 10 12 1 1 10 12 1 10 12 1 10 12 1 10 12 1 10 12 1 10 12 1 10 12 1 10 12 1 1 10 12 1 10 12 1 10 12 1 10 12 1 10 12 1 1 10 12 1 10 12 1 10 12 1 10 12 1 10 12 1 10 12 1 10 12 1 10 12 1 1 10 12 1 10 12 1 10 12 1 10 12 1 10 12 1 10 12 1 1 10 12 1 10 12 1 10 12 1 1 10 12 1 10 12 1 10 12 1 10 12 1 10 12 1 10 12 1 10 12 1 10 12 1 10 12 1 10 12 1 10 12 1 10 12 1 10 12 1 10 12 1 10 12 1 10 12 1 10 12 1 10 12 1 10 12 1 10 12 1 10 12 1 10 12 1 10 12 1 100 1 10 100 1 10 9 12 1 5 0 10 12 1 1 5 0 10 12 1 5 0 10 12 1 10 12 1 10 12 1 1 10 12 1 1 10 12 1 10 12 1 10 12 1 10 12 1 1 10 12 1 10 12 1 10 12 1 10 12 1 10 12 1 1 10 12 1 10 12 1 10 12 1 10 12 1 1 10 12 1 10 12 1 10 12 1 1 10 12 1 10 12 1 10 12 1 10 12 1 1 10 12 1 10 10 12 1 1 10 12 1 10 12 1 1 10 12 1 10 12 5 0 5 0 5 0 10 12 1 1 10 12 1 10 12 1 10 12 10 100 12 1 1 8 1 100 1 11 12 1 1 8 1 11 12 1 1 10 100 12 1 1 10 12 1 10 12 1 10 12 1 10 12 1 10 12 1 1 10 12 1 10 12 1 10 12 1 10 12 1 10 12 1 10 12 1 10 7 1 10 12 1 9 12 1 7 1 9 12 1 7 1 9 12 1 7 1 9 12 1 7 1 9 12 1 7 1 9 12 1 7 1 9 12 1 7 1 9 12 1 7 1 9 12 1 10 12 1 9 12 1 9 12 1 9 12 1 9 12 1 9 12 1 9 12 1 9 12 1 9 12 1 9 12 1 9 12 1 1 1 3 1 1 1 1 1 1 1 1 1 1 1 1 1 1 1 1 1 1 1 1 1 1 1 1 1 1 1 1 1 1 1 1 1 1 1 1 1 1 1 1 1 1 1 1 1 1 1 1 1 1 1 1 1 1 1 1 1 1 1 1 1 1 1 1 1 1 1 1 1 1 1 1 1 1 1 1 1 1 1 1 1 1 1 1 1 1 1 1 1 100 1 1 1 1 1 1 1 1 1 1 1 1 1 1 1 1 1 1 1 1 1 1 1 1 1 1 1 1 1 1 1 1 1 1 1 1 1 1 1 1 1 1 1 1 1 1 1 1 1 1 1 1 1 1 1 1 1 1 1 1 1 1 1 1 1 1 1 1 1 1 1 1 1 1 1 1 1 1 1 1 1 1 1 1 1 1 1 1 1 1 1 1 1 1 1 1 1 1 1 1 1 1 1 1 1 1 1 1 1 1 1 1 1 1 1 1 1 1 1 1 1 1 1 1 1 1 1 1 1 1 1 1 1 1 1 1 1 1 1 1 1 1 1 1 1 1 1 1 1 1 1 1 1 1 1 1 1 1 1 1 1 1 1 1 1 1 1 1 1 1 1 1 1 1 1 1 1 1 1 1 1 1 1 1 1 1 1 1 1 1 1 1 1 1 1 1 1 1 1 1 1 1 1 1 1 1 3 1 1 1 1 1 1 1 1 1 1 1 1 1 1 1 1 1 1 1 1 1
staticfield jdk/internal/misc/Unsafe theUnsafe Ljdk/internal/misc/Unsafe; jdk/internal/misc/Unsafe
staticfield jdk/internal/misc/Unsafe ARRAY_BOOLEAN_BASE_OFFSET I 16
staticfield jdk/internal/misc/Unsafe ARRAY_BYTE_BASE_OFFSET I 16
staticfield jdk/internal/misc/Unsafe ARRAY_SHORT_BASE_OFFSET I 16
staticfield jdk/internal/misc/Unsafe ARRAY_CHAR_BASE_OFFSET I 16
staticfield jdk/internal/misc/Unsafe ARRAY_INT_BASE_OFFSET I 16
staticfield jdk/internal/misc/Unsafe ARRAY_LONG_BASE_OFFSET I 16
staticfield jdk/internal/misc/Unsafe ARRAY_FLOAT_BASE_OFFSET I 16
staticfield jdk/internal/misc/Unsafe ARRAY_DOUBLE_BASE_OFFSET I 16
staticfield jdk/internal/misc/Unsafe ARRAY_OBJECT_BASE_OFFSET I 16
staticfield jdk/internal/misc/Unsafe ARRAY_BOOLEAN_INDEX_SCALE I 1
staticfield jdk/internal/misc/Unsafe ARRAY_BYTE_INDEX_SCALE I 1
staticfield jdk/internal/misc/Unsafe ARRAY_SHORT_INDEX_SCALE I 2
staticfield jdk/internal/misc/Unsafe ARRAY_CHAR_INDEX_SCALE I 2
staticfield jdk/internal/misc/Unsafe ARRAY_INT_INDEX_SCALE I 4
staticfield jdk/internal/misc/Unsafe ARRAY_LONG_INDEX_SCALE I 8
staticfield jdk/internal/misc/Unsafe ARRAY_FLOAT_INDEX_SCALE I 4
staticfield jdk/internal/misc/Unsafe ARRAY_DOUBLE_INDEX_SCALE I 8
staticfield jdk/internal/misc/Unsafe ARRAY_OBJECT_INDEX_SCALE I 4
staticfield jdk/internal/misc/Unsafe ADDRESS_SIZE I 8
ciInstanceKlass jdk/internal/module/Modules 1 1 504 10 100 12 1 1 1 9 7 12 1 1 1 11 7 12 1 1 1 11 12 1 1 11 12 1 1 11 12 1 1 11 12 1 11 12 1 11 12 1 11 12 1 11 12 1 1 10 100 12 1 1 1 10 100 12 1 1 1 18 12 1 1 10 100 12 1 1 1 100 1 10 100 12 1 1 1 10 100 12 1 1 1 10 100 12 1 1 10 12 1 1 11 12 1 9 12 1 1 11 100 12 1 1 1 10 12 1 1 10 10 12 1 10 9 12 1 1 10 100 12 1 1 10 12 1 1 10 100 12 1 1 100 1 11 100 12 1 1 1 10 100 12 1 1 1 11 100 12 1 1 10 12 1 1 10 100 12 1 1 10 100 12 1 1 1 10 12 1 1 10 12 1 1 11 12 1 1 18 12 1 1 11 100 12 1 1 10 100 12 1 1 1 11 100 12 1 1 1 100 1 11 12 1 1 11 100 12 1 1 1 11 12 1 1 10 12 1 1 10 100 12 1 1 18 12 1 1 11 12 1 1 18 12 1 1 11 12 1 1 10 12 1 18 18 10 12 1 1 9 12 1 1 11 100 12 1 1 1 100 1 10 11 12 1 11 12 1 1 11 12 1 1 10 100 1 10 12 1 1 10 100 12 1 1 10 12 1 1 11 12 10 12 1 1 100 1 10 18 12 1 10 12 1 1 100 1 8 1 10 12 1 10 100 12 1 1 18 12 1 11 11 12 10 12 1 10 10 100 1 18 12 1 10 10 10 7 12 1 1 10 7 12 1 1 1 10 12 1 1 1 1 1 1 1 1 1 1 1 1 1 1 1 1 1 1 1 1 1 1 1 1 1 1 1 1 1 1 1 1 1 100 1 1 1 1 1 1 1 1 1 1 1 1 1 1 1 1 1 1 1 1 1 1 1 1 1 1 1 1 1 1 1 1 1 1 1 100 1 1 1 1 1 1 1 1 1 1 1 1 1 1 1 1 1 1 1 1 1 1 1 16 15 10 12 1 16 16 15 10 12 1 16 1 16 1 15 10 12 1 16 1 16 1 15 10 12 16 1 15 10 16 1 15 10 12 16 1 15 10 12 16 15 10 12 16 15 10 12 15 10 100 12 1 1 1 1 1 1 100 1 100 1 1
staticfield jdk/internal/module/Modules JLA Ljdk/internal/access/JavaLangAccess; java/lang/System$2
staticfield jdk/internal/module/Modules JLMA Ljdk/internal/access/JavaLangModuleAccess; java/lang/module/ModuleDescriptor$1
staticfield jdk/internal/module/Modules $assertionsDisabled Z 1
ciInstanceKlass java/lang/AutoCloseable 1 0 12 100 1 100 1 1 1 1 100 1 1 1
ciInstanceKlass java/io/Closeable 1 0 14 100 1 100 1 100 1 1 1 1 100 1 1 1
instanceKlass org/jetbrains/kotlin/protobuf/RopeByteString$RopeInputStream
instanceKlass org/jetbrains/kotlin/com/intellij/util/io/UnsyncByteArrayInputStream
instanceKlass org/jetbrains/kotlin/com/fasterxml/aalto/in/MergedStream
instanceKlass java/io/ObjectInputStream$PeekInputStream
instanceKlass java/io/ObjectInputStream$BlockDataInputStream
instanceKlass java/io/ObjectInputStream
instanceKlass java/util/zip/ZipFile$ZipFileInputStream
instanceKlass java/io/FilterInputStream
instanceKlass java/io/FileInputStream
instanceKlass java/io/ByteArrayInputStream
ciInstanceKlass java/io/InputStream 1 1 195 100 1 10 7 12 1 1 1 100 1 10 10 7 12 1 1 1 10 7 12 1 1 1 10 12 1 100 1 3 10 12 1 1 100 1 8 1 10 12 1 10 100 12 1 1 1 3 100 1 8 1 10 10 100 12 1 1 1 100 1 10 11 100 12 1 1 1 10 12 1 1 11 12 1 1 11 100 12 1 1 1 11 12 1 1 100 1 10 100 12 1 1 1 5 0 10 12 1 10 12 1 1 100 1 10 8 1 10 8 1 8 1 10 12 1 1 10 100 12 1 1 1 100 1 5 0 10 12 1 100 1 100 1 1 1 1 3 1 3 1 1 1 1 1 1 1 1 1 1 1 1 1 1 1 1 1 1 1 1 1 1 1 1 1 1 1 1 1 1 1 1 1 1 1 1 1 1 1 1 1 1 1 1 1 1 1 1 1 1 1 1 1 1 1
ciInstanceKlass java/io/ByteArrayInputStream 1 1 117 10 7 12 1 1 1 9 7 12 1 1 1 9 12 1 1 9 12 1 9 12 1 10 100 12 1 1 1 10 7 12 1 1 1 10 7 12 1 1 1 10 100 12 1 1 1 10 12 1 1 3 10 100 1 10 100 12 1 1 1 9 12 1 1 100 1 10 10 7 12 1 1 1 1 1 1 1 1 1 1 1 1 1 1 1 1 1 1 1 1 1 1 1 1 1 1 1 1 1 1 1 100 1 1 1 1 1 1 1 1 1 1 1 1 1 1
staticfield java/io/ByteArrayInputStream $assertionsDisabled Z 1
ciInstanceKlass java/net/URL 1 1 771 10 7 12 1 1 1 10 12 1 10 7 12 1 1 9 12 1 1 9 12 1 10 7 12 1 1 1 10 12 1 1 10 12 1 1 9 12 1 1 10 7 12 1 1 1 8 1 10 12 1 1 100 1 10 10 12 1 1 8 1 10 12 1 1 9 12 1 100 1 8 1 10 12 1 10 12 1 8 1 9 12 1 10 12 1 1 9 12 1 10 12 1 10 12 1 9 12 1 9 12 1 8 1 9 12 1 10 12 1 1 8 1 9 12 1 1 10 12 1 1 10 7 12 1 1 1 8 1 10 12 1 7 1 10 12 1 10 12 1 10 12 1 10 12 1 1 10 12 1 1 8 1 10 12 1 1 10 12 1 8 1 9 12 1 8 1 10 12 1 10 7 12 1 1 1 100 1 10 12 1 10 12 1 1 10 7 12 1 1 1 100 1 8 1 10 10 12 1 8 1 10 12 1 1 10 12 1 10 12 1 10 12 1 10 12 1 10 12 1 10 12 1 8 1 10 12 1 8 1 10 10 100 1 10 10 12 1 8 1 10 7 12 1 1 1 10 12 1 9 100 12 1 1 1 10 100 12 1 1 1 9 12 1 1 10 12 1 10 100 12 1 1 1 100 1 100 1 10 12 1 10 12 1 10 12 1 10 12 1 10 12 1 10 12 10 10 12 1 10 12 1 10 12 1 1 8 1 9 100 12 1 1 1 10 100 12 1 1 1 10 12 1 1 9 100 12 1 1 1 10 12 1 1 100 1 10 12 1 10 12 1 10 10 12 1 1 10 12 1 1 10 12 1 10 12 1 10 12 1 10 100 12 1 1 1 10 12 1 1 10 12 1 9 12 1 1 9 12 1 1 100 1 8 1 10 10 12 1 9 12 1 1 10 7 12 1 1 8 1 10 7 12 1 1 8 1 10 12 1 1 10 12 1 8 1 8 1 10 7 12 1 1 1 100 1 10 100 12 1 1 1 10 12 1 10 12 1 100 1 10 9 100 12 1 1 1 10 100 12 1 1 10 12 1 1 10 12 1 8 1 100 1 10 10 100 12 1 1 1 10 12 1 8 9 100 12 1 1 1 10 12 1 1 10 12 1 10 12 1 1 10 7 12 1 1 11 7 12 1 1 10 12 1 10 12 1 9 12 1 10 12 1 1 10 100 12 1 1 10 100 12 1 1 1 8 10 100 12 1 1 100 1 10 8 8 10 12 1 8 8 8 100 1 10 12 1 9 12 1 1 10 12 1 10 12 1 1 10 12 1 10 12 10 12 1 1 10 12 1 1 10 10 10 12 1 10 12 1 10 12 1 10 12 1 10 12 1 10 10 12 1 100 1 8 1 10 10 10 12 1 1 10 12 1 10 12 1 1 8 1 7 1 10 10 7 1 10 12 1 9 7 12 1 1 1 9 12 1 1 7 1 10 10 7 12 1 1 1 100 1 1 1 1 1 5 0 1 1 1 1 1 1 1 1 1 1 1 1 1 1 1 1 1 1 1 1 1 1 1 1 1 1 1 1 1 1 1 1 1 1 1 1 1 1 1 1 1 1 1 1 1 1 1 1 100 1 1 1 1 1 1 1 1 1 1 1 1 1 1 1 1 1 1 1 1 1 1 1 1 1 1 1 1 1 1 1 1 1 1 1 1 1 100 1 1 1 1 1 1 1 1 1 1 1 1 1 1 1 1 1 100 1 1 1 1 1 1 1 1 1 1 1 1 1 1 1 1 1 1 1
staticfield java/net/URL defaultFactory Ljava/net/URLStreamHandlerFactory; java/net/URL$DefaultFactory
staticfield java/net/URL streamHandlerLock Ljava/lang/Object; java/lang/Object
staticfield java/net/URL serialPersistentFields [Ljava/io/ObjectStreamField; 7 [Ljava/io/ObjectStreamField;
instanceKlass org/jetbrains/kotlin/types/TypeCheckerState$LowerCapturedTypePolicy
instanceKlass org/jetbrains/kotlin/descriptors/annotations/KotlinRetention
instanceKlass org/jetbrains/kotlin/descriptors/annotations/KotlinTarget
instanceKlass org/jetbrains/kotlin/types/TypeSubstitutor$VarianceConflictType
instanceKlass org/jetbrains/kotlin/resolve/jvm/jvmSignature/JvmMethodParameterKind
instanceKlass org/jetbrains/kotlin/codegen/OwnerKind
instanceKlass org/jetbrains/kotlin/resolve/ExternalOverridabilityCondition$Result
instanceKlass org/jetbrains/kotlin/resolve/ExternalOverridabilityCondition$Contract
instanceKlass org/jetbrains/kotlin/resolve/OverridingUtil$OverrideCompatibilityInfo$Result
instanceKlass org/jetbrains/kotlin/load/java/SpecialGenericSignatures$TypeSafeBarrierDescription
instanceKlass org/jetbrains/kotlin/load/java/descriptors/JavaMethodDescriptor$ParameterNamesStatus
instanceKlass org/jetbrains/kotlin/metadata/ProtoBuf$Effect$InvocationKind
instanceKlass org/jetbrains/kotlin/metadata/ProtoBuf$Expression$ConstantValue
instanceKlass org/jetbrains/kotlin/metadata/ProtoBuf$Effect$EffectType
instanceKlass org/jetbrains/kotlin/load/java/typeEnhancement/TypeComponentPosition
instanceKlass org/jetbrains/kotlin/load/java/typeEnhancement/NullabilityQualifier
instanceKlass kotlin/reflect/jvm/internal/impl/resolve/jvm/JvmPrimitiveType
instanceKlass kotlin/reflect/jvm/internal/impl/builtins/PrimitiveType
instanceKlass kotlin/reflect/jvm/internal/impl/builtins/functions/FunctionClassKind
instanceKlass org/jetbrains/kotlin/name/State
instanceKlass org/jetbrains/kotlin/load/java/lazy/types/JavaTypeFlexibility
instanceKlass org/jetbrains/kotlin/types/TypeUsage
instanceKlass org/jetbrains/kotlin/resolve/lazy/LazyImportScope$FilteringKind
instanceKlass org/jetbrains/kotlin/resolve/scopes/LexicalScopeKind
instanceKlass org/jetbrains/kotlin/com/google/common/collect/Iterators$EmptyModifiableIterator
instanceKlass org/jetbrains/kotlin/metadata/ProtoBuf$VersionRequirement$VersionKind
instanceKlass org/jetbrains/kotlin/metadata/ProtoBuf$VersionRequirement$Level
instanceKlass org/jetbrains/kotlin/serialization/deserialization/descriptors/DeserializedContainerAbiStability
instanceKlass org/jetbrains/kotlin/metadata/jvm/JvmProtoBuf$StringTableTypes$Record$Operation
instanceKlass java/lang/annotation/ElementType
instanceKlass org/jetbrains/kotlin/load/java/structure/impl/classFiles/BinaryClassSignatureParser$JavaSignatureVariance
instanceKlass org/jetbrains/kotlin/resolve/jvm/JvmPrimitiveType
instanceKlass javaslang/collection/HashArrayMappedTrieModule$Action
instanceKlass org/jetbrains/kotlin/load/java/structure/LightClassOriginKind
instanceKlass org/jetbrains/kotlin/resolve/jvm/NotFoundPackagesCachingStrategy$CacheType
instanceKlass org/jetbrains/kotlin/parsing/KotlinParsing$DeclarationParsingMode
instanceKlass org/jetbrains/kotlin/parsing/KotlinParsing$NameParsingMode
instanceKlass org/jetbrains/kotlin/parsing/KotlinParsing$AnnotationParsingMode
instanceKlass org/jetbrains/kotlin/parsing/KotlinExpressionParsing$Precedence
instanceKlass org/jetbrains/kotlin/load/kotlin/header/KotlinClassHeader$Kind
instanceKlass org/jetbrains/kotlin/load/java/AnnotationQualifierApplicabilityType
instanceKlass org/jetbrains/kotlin/metadata/ProtoBuf$MemberKind
instanceKlass org/jetbrains/kotlin/metadata/ProtoBuf$Class$Kind
instanceKlass org/jetbrains/kotlin/metadata/ProtoBuf$Modality
instanceKlass org/jetbrains/kotlin/metadata/ProtoBuf$Visibility
instanceKlass org/jetbrains/kotlin/incremental/components/NoLookupLocation
instanceKlass java/lang/invoke/MethodHandleImpl$ArrayAccess
instanceKlass org/jetbrains/kotlin/serialization/deserialization/AnnotatedCallableKind
instanceKlass org/jetbrains/kotlin/load/java/typeEnhancement/MutabilityQualifier
instanceKlass org/jetbrains/kotlin/types/expressions/FakeCallKind
instanceKlass org/jetbrains/kotlin/types/expressions/ControlStructureTypingUtils$ResolveConstruct
instanceKlass org/jetbrains/kotlin/resolve/calls/inference/components/TypeVariableDirectionCalculator$ResolveDirection
instanceKlass org/jetbrains/kotlin/resolve/calls/inference/components/ConstraintSystemCompletionMode
instanceKlass org/jetbrains/kotlin/resolve/calls/results/ResolutionStatus
instanceKlass org/jetbrains/kotlin/resolve/calls/context/CheckArgumentTypesMode
instanceKlass org/jetbrains/kotlin/resolve/calls/smartcasts/SmartCastManager$ReceiverSmartCastResult
instanceKlass org/jetbrains/kotlin/resolve/calls/util/ResolveArgumentsMode
instanceKlass org/jetbrains/kotlin/types/expressions/CoercionStrategy
instanceKlass org/jetbrains/kotlin/resolve/calls/context/ContextDependency
instanceKlass org/jetbrains/kotlin/psi/KtProjectionKind
instanceKlass org/jetbrains/kotlin/resolve/QualifierPosition
instanceKlass org/jetbrains/kotlin/resolve/lazy/FileScopeFactory$FilteringKind
instanceKlass org/jetbrains/kotlin/resolve/TopDownAnalysisMode
instanceKlass org/jetbrains/kotlin/incremental/components/ScopeKind
instanceKlass org/jetbrains/kotlin/types/model/CaptureStatus
instanceKlass org/jetbrains/kotlin/types/model/TypeVariance
instanceKlass org/jetbrains/kotlin/analyzer/ModuleInfo$DependencyOnBuiltIns
instanceKlass org/jetbrains/kotlin/types/Variance
instanceKlass org/jetbrains/kotlin/com/intellij/openapi/extensions/ExtensionDescriptor$Os
instanceKlass kotlin/DeprecationLevel
instanceKlass org/jetbrains/kotlin/com/intellij/diagnostic/ActivityCategory
instanceKlass org/jetbrains/kotlin/container/ComponentState
instanceKlass org/jetbrains/kotlin/container/ComponentStorageState
instanceKlass java/math/RoundingMode
instanceKlass org/jetbrains/kotlin/descriptors/annotations/AnnotationUseSiteTarget
instanceKlass org/jetbrains/kotlin/config/LanguageFeature$State
instanceKlass org/jetbrains/kotlin/config/LanguageFeature$Kind
instanceKlass org/jetbrains/kotlin/config/LanguageFeature
instanceKlass org/jetbrains/kotlin/metadata/ProtoBuf$Type$Argument$Projection
instanceKlass org/jetbrains/kotlin/metadata/ProtoBuf$QualifiedNameTable$QualifiedName$Kind
instanceKlass org/jetbrains/kotlin/metadata/ProtoBuf$TypeParameter$Variance
instanceKlass org/jetbrains/kotlin/metadata/ProtoBuf$Annotation$Argument$Value$Type
instanceKlass org/jetbrains/kotlin/protobuf/WireFormat$JavaType
instanceKlass org/jetbrains/kotlin/protobuf/WireFormat$FieldType
instanceKlass org/jetbrains/kotlin/types/error/ErrorScopeKind
instanceKlass org/jetbrains/kotlin/descriptors/CallableMemberDescriptor$Kind
instanceKlass java/util/Locale$Category
instanceKlass org/jetbrains/kotlin/types/error/ErrorEntity
instanceKlass org/jetbrains/kotlin/types/error/ErrorTypeKind
instanceKlass org/jetbrains/kotlin/descriptors/ClassKind
instanceKlass org/jetbrains/kotlin/descriptors/Modality
instanceKlass org/jetbrains/kotlin/renderer/AnnotationArgumentsRenderingPolicy
instanceKlass org/jetbrains/kotlin/renderer/PropertyAccessorRenderingPolicy
instanceKlass org/jetbrains/kotlin/renderer/ParameterNameRenderingPolicy
instanceKlass org/jetbrains/kotlin/renderer/RenderingFormat
instanceKlass org/jetbrains/kotlin/renderer/OverrideRenderingPolicy
instanceKlass org/jetbrains/kotlin/renderer/DescriptorRendererModifier
instanceKlass org/jetbrains/kotlin/builtins/jvm/JvmBuiltIns$Kind
instanceKlass org/jetbrains/kotlin/diagnostics/Severity
instanceKlass org/jetbrains/kotlin/com/intellij/openapi/fileEditor/impl/LoadTextUtil$AutoDetectionReason
instanceKlass org/jetbrains/kotlin/com/intellij/openapi/vfs/CharsetToolkit$GuessedEncoding
instanceKlass org/jetbrains/kotlin/cli/jvm/index/JavaRoot$RootType
instanceKlass org/jetbrains/kotlin/com/intellij/openapi/util/io/FileAttributes$CaseSensitivity
instanceKlass org/jetbrains/kotlin/com/intellij/openapi/vfs/VFileProperty
instanceKlass kotlin/collections/State
instanceKlass kotlin/io/FileWalkDirection
instanceKlass org/jetbrains/kotlin/com/intellij/pom/java/LanguageLevel
instanceKlass org/jetbrains/kotlin/com/intellij/openapi/util/LowMemoryWatcher$LowMemoryWatcherType
instanceKlass org/jetbrains/kotlin/com/intellij/diagnostic/LoadingState
instanceKlass org/jetbrains/kotlin/com/intellij/openapi/progress/impl/CoreProgressManager$CheckCanceledBehavior
instanceKlass org/jetbrains/kotlin/com/intellij/util/messages/Topic$BroadcastDirection
instanceKlass org/jetbrains/kotlin/com/intellij/openapi/extensions/ExtensionPoint$Kind
instanceKlass org/jetbrains/kotlin/cli/jvm/compiler/EnvironmentConfigFiles
instanceKlass org/jetbrains/kotlin/config/JvmSerializeIrMode
instanceKlass org/jetbrains/kotlin/config/JvmAbiStability
instanceKlass java/lang/System$Logger$Level
instanceKlass org/jetbrains/kotlin/base/kapt3/DetectMemoryLeaksMode
instanceKlass org/jetbrains/kotlin/base/kapt3/AptMode
instanceKlass org/jetbrains/kotlin/base/kapt3/KaptFlag
instanceKlass com/sun/tools/javac/comp/DeferredAttr$AttributionMode
instanceKlass com/sun/tools/javac/api/DiagnosticFormatter$PositionKind
instanceKlass javax/lang/model/SourceVersion
instanceKlass com/sun/tools/javac/jvm/Target
instanceKlass com/sun/tools/javac/parser/Tokens$Token$Tag
instanceKlass com/sun/tools/javac/parser/Tokens$TokenKind
instanceKlass com/sun/tools/javac/code/Source
instanceKlass com/sun/tools/javac/code/Lint$LintCategory
instanceKlass com/sun/tools/javac/main/Option$ChoiceKind
instanceKlass com/sun/tools/javac/main/Option$ArgKind
instanceKlass com/sun/tools/javac/main/Option$OptionGroup
instanceKlass com/sun/tools/javac/main/Option$OptionKind
instanceKlass com/sun/tools/javac/main/Option
instanceKlass org/jetbrains/kotlin/kapt/cli/CliToolOption$Format
instanceKlass org/jetbrains/kotlin/kapt/cli/KaptCliOption
instanceKlass org/jetbrains/kotlin/builtins/UnsignedType
instanceKlass kotlin/LazyThreadSafetyMode
instanceKlass org/jetbrains/kotlin/builtins/PrimitiveType
instanceKlass java/util/stream/Collector$Characteristics
instanceKlass java/util/stream/MatchOps$MatchKind
instanceKlass org/jetbrains/kotlin/config/JvmTarget
instanceKlass org/jetbrains/kotlin/storage/LockBasedStorageManager$NotValue
instanceKlass org/jetbrains/kotlin/load/java/ReportLevel
instanceKlass jdk/internal/logger/BootstrapLogger$LoggingBackend
instanceKlass java/util/stream/StreamShape
instanceKlass java/util/stream/StreamOpFlag$Type
instanceKlass java/util/stream/StreamOpFlag
instanceKlass java/util/regex/Pattern$Qtype
instanceKlass org/jetbrains/kotlin/config/LanguageVersion
instanceKlass java/lang/reflect/ProxyGenerator$PrimitiveTypeInfo
instanceKlass java/lang/annotation/RetentionPolicy
instanceKlass org/jetbrains/kotlin/config/JvmDefaultMode
instanceKlass org/jetbrains/kotlin/config/JVMAssertionsMode
instanceKlass org/jetbrains/kotlin/config/ExplicitApiMode
instanceKlass org/jetbrains/kotlin/cli/common/messages/CompilerMessageSeverity
instanceKlass org/jetbrains/kotlin/cli/common/CompilerSystemProperties
instanceKlass java/lang/invoke/MethodHandles$Lookup$ClassOption
instanceKlass java/lang/invoke/VarHandle$AccessType
instanceKlass java/lang/invoke/VarHandle$AccessMode
instanceKlass java/lang/invoke/MethodHandleImpl$Intrinsic
instanceKlass java/lang/invoke/LambdaForm$BasicType
instanceKlass java/lang/invoke/LambdaForm$Kind
instanceKlass sun/invoke/util/Wrapper
instanceKlass java/io/JbExtendedOpenOptions
instanceKlass org/jetbrains/kotlin/cli/common/ExitCode
instanceKlass java/util/zip/ZipCoder$Comparison
instanceKlass java/nio/file/LinkOption
instanceKlass sun/nio/fs/WindowsPathType
instanceKlass java/nio/file/StandardOpenOption
instanceKlass java/io/File$PathStatus
instanceKlass java/lang/module/ModuleDescriptor$Requires$Modifier
instanceKlass java/lang/reflect/AccessFlag$Location
instanceKlass java/lang/reflect/AccessFlag
instanceKlass java/lang/module/ModuleDescriptor$Modifier
instanceKlass com/jetbrains/internal/IoOverNio$Debug
instanceKlass java/lang/reflect/ClassFileFormatVersion
instanceKlass java/util/concurrent/TimeUnit
instanceKlass java/lang/Thread$State
ciInstanceKlass java/lang/Enum 1 1 204 9 7 12 1 1 1 9 12 1 1 10 7 12 1 1 1 9 12 1 10 7 12 1 1 1 100 1 10 10 12 1 1 10 12 1 100 1 10 10 7 12 1 1 10 12 1 1 18 12 1 1 10 100 12 1 1 1 10 12 1 1 11 7 12 1 1 1 100 1 8 1 10 12 1 100 1 100 1 10 8 1 10 12 1 1 10 12 1 1 8 1 10 12 1 10 100 1 8 1 10 10 12 1 1 10 100 12 1 1 1 100 1 100 1 100 1 1 1 1 1 1 1 1 1 1 1 1 1 1 1 1 1 1 1 1 1 1 1 1 1 1 1 1 1 1 1 1 1 1 1 1 1 1 1 1 1 1 1 1 1 1 1 3 1 1 1 1 100 1 100 1 1 100 1 1 1 1 1 1 1 1 1 1 1 16 15 10 12 16 15 10 100 12 1 1 1 1 1 100 1 100 1 1
ciInstanceKlass java/util/jar/Manifest 1 1 339 10 7 12 1 1 1 7 1 10 9 7 12 1 1 1 7 1 10 9 12 1 1 9 12 1 1 10 12 1 10 12 1 1 10 12 1 1 10 12 1 1 10 12 1 1 11 7 1 11 12 1 1 10 12 1 1 10 100 12 1 1 1 100 1 100 1 10 8 1 10 12 1 1 10 12 1 1 10 12 1 10 12 1 11 100 1 10 12 1 10 12 1 1 11 12 1 1 10 12 1 11 12 1 1 11 100 12 1 1 1 11 100 12 1 1 11 12 1 1 100 1 10 12 1 8 1 11 12 1 100 1 10 12 1 1 11 12 1 10 12 1 10 12 1 10 100 12 1 1 1 8 1 10 12 1 1 10 9 100 12 1 1 1 10 12 1 1 10 100 12 1 10 12 1 10 12 1 9 100 12 1 1 1 8 1 10 12 1 8 1 8 1 7 1 10 12 1 10 12 1 10 12 1 1 100 1 8 1 10 12 1 1 8 1 10 10 12 1 1 8 1 10 12 1 1 10 100 12 1 1 1 10 12 1 10 11 12 1 1 10 12 1 10 100 12 1 1 1 10 12 1 1 10 12 1 10 12 1 1 11 10 12 1 11 10 12 1 100 1 1 1 1 1 1 1 1 1 1 1 1 1 1 1 1 1 1 1 1 1 1 1 1 1 1 1 1 1 1 1 1 1 1 1 1 1 1 1 1 1 1 1 100 1 1 1 1 1 1 1 1 1 1 1 1 1 1 100 1 1 1 1 1 1 1 1 1 1 1
instanceKlass jdk/internal/loader/ClassLoaders$BootClassLoader
instanceKlass jdk/internal/loader/ClassLoaders$PlatformClassLoader
instanceKlass jdk/internal/loader/ClassLoaders$AppClassLoader
ciInstanceKlass jdk/internal/loader/BuiltinClassLoader 1 1 757 9 7 12 1 1 1 10 7 12 1 1 1 10 7 12 1 1 1 9 12 1 1 9 12 1 1 7 1 10 12 1 9 12 1 10 12 1 9 12 1 10 7 12 1 1 1 10 7 12 1 1 1 10 7 12 1 1 1 11 7 12 1 1 1 100 1 100 1 10 10 12 1 1 8 1 10 12 1 10 12 7 1 10 12 1 10 12 1 1 11 7 12 1 1 1 11 7 12 1 1 1 11 12 1 1 7 1 8 1 8 1 10 9 12 1 1 10 7 12 1 1 11 12 1 1 10 12 1 1 10 12 1 1 10 12 1 1 10 7 12 1 1 1 10 12 1 10 100 12 1 1 1 10 12 1 1 11 7 12 1 1 1 10 7 12 1 1 100 1 10 7 12 1 1 1 10 12 1 100 1 8 1 10 12 1 1 10 8 1 10 12 1 1 10 12 1 1 10 12 1 1 11 7 12 1 1 11 12 1 7 1 10 11 12 1 1 11 10 12 1 1 7 1 10 12 1 10 7 12 1 10 12 1 7 1 10 12 1 10 7 12 1 1 1 100 1 10 12 1 1 11 12 1 100 1 100 1 10 12 1 10 12 1 1 100 1 100 1 10 12 1 10 12 1 18 12 1 1 10 12 1 10 12 1 1 18 100 1 10 7 12 1 1 1 7 1 10 10 12 1 1 10 12 1 1 10 12 1 1 10 12 1 9 12 1 1 100 1 10 10 12 1 1 10 12 1 1 10 12 1 10 12 10 12 1 1 10 12 1 1 10 12 1 1 10 12 1 10 7 12 1 1 1 10 12 1 1 10 7 12 1 1 18 12 1 7 1 100 1 10 12 1 1 10 12 1 1 10 12 1 10 12 1 1 10 12 1 100 1 10 12 1 7 1 10 12 1 10 7 12 1 1 1 10 12 1 11 12 1 7 1 10 12 1 7 1 100 1 10 12 1 10 12 1 11 12 1 1 10 12 1 1 10 12 1 1 10 12 1 1 10 12 1 1 10 12 1 10 12 1 10 12 1 10 12 1 8 1 10 12 1 1 10 7 12 1 1 10 12 1 100 1 8 1 8 1 10 10 12 1 8 1 8 1 10 7 12 1 1 1 11 7 12 1 1 1 9 7 12 1 1 1 10 7 12 1 1 1 9 12 1 9 12 1 9 12 1 9 12 1 9 12 1 9 12 1 10 7 12 1 1 1 8 1 10 12 1 7 1 10 12 1 1 10 12 1 7 1 10 11 12 1 1 10 12 10 12 1 10 12 1 100 1 10 12 1 10 12 1 10 10 12 1 10 7 12 1 1 8 1 10 7 12 1 1 10 12 1 1 1 1 1 1 1 1 1 1 1 1 1 1 1 1 1 1 1 1 1 1 1 1 1 1 1 1 1 1 1 1 1 1 1 1 1 1 1 1 1 1 1 1 1 1 1 1 1 1 1 1 1 1 1 1 100 1 1 1 1 1 1 1 1 1 1 1 1 1 1 1 1 1 1 100 1 1 1 1 1 1 100 1 1 1 1 1 1 1 1 1 1 1 1 1 1 1 1 1 1 1 1 1 1 1 1 1 1 1 1 1 1 1 1 1 1 1 1 1 1 1 1 1 1 1 1 1 1 1 1 100 1 1 16 15 10 12 16 15 10 12 16 15 10 12 16 1 15 10 100 12 1 1 1 1 1 1 100 1 1 1 1 1 100 1 100 1 1
staticfield jdk/internal/loader/BuiltinClassLoader packageToModule Ljava/util/Map; java/util/concurrent/ConcurrentHashMap
staticfield jdk/internal/loader/BuiltinClassLoader $assertionsDisabled Z 1
ciInstanceKlass jdk/internal/loader/ClassLoaders 1 1 183 10 100 12 1 1 1 10 7 12 1 1 1 10 12 1 1 10 100 12 1 1 1 9 7 12 1 1 1 9 12 1 1 9 12 1 1 7 1 11 100 12 1 1 1 100 1 11 12 1 1 11 12 1 1 10 100 12 1 1 1 10 100 12 1 1 1 100 1 100 1 10 7 12 1 1 1 9 12 1 1 10 12 1 1 7 1 10 12 1 1 10 12 1 7 1 8 1 10 7 12 1 1 1 10 12 1 1 7 1 10 12 1 10 12 1 10 12 1 8 1 10 7 12 1 1 8 1 8 1 10 12 1 7 1 10 12 1 10 12 1 10 12 1 1 1 1 1 1 1 1 1 1 1 1 1 1 1 1 1 1 1 1 100 1 1 1 1 1 1 1 1 1 1 1 1 1 1 1 1 1 1 1
staticfield jdk/internal/loader/ClassLoaders JLA Ljdk/internal/access/JavaLangAccess; java/lang/System$2
staticfield jdk/internal/loader/ClassLoaders BOOT_LOADER Ljdk/internal/loader/ClassLoaders$BootClassLoader; jdk/internal/loader/ClassLoaders$BootClassLoader
staticfield jdk/internal/loader/ClassLoaders PLATFORM_LOADER Ljdk/internal/loader/ClassLoaders$PlatformClassLoader; jdk/internal/loader/ClassLoaders$PlatformClassLoader
staticfield jdk/internal/loader/ClassLoaders APP_LOADER Ljdk/internal/loader/ClassLoaders$AppClassLoader; jdk/internal/loader/ClassLoaders$AppClassLoader
ciInstanceKlass jdk/internal/loader/ClassLoaders$AppClassLoader 1 1 119 8 1 10 7 12 1 1 1 10 7 12 1 1 1 10 100 12 1 1 1 10 12 1 1 10 100 12 1 1 1 10 12 1 1 10 12 1 1 7 1 8 1 10 12 10 7 12 1 1 1 10 100 12 1 1 10 12 1 1 10 12 1 1 10 7 12 1 1 1 100 1 10 12 1 1 1 1 1 1 1 1 1 1 1 1 1 1 1 1 1 1 1 1 1 100 1 1 1 1 1 1 1 1 1 1 1 1 1 1 1 1 1 1 1 100 1 1 1
ciInstanceKlass jdk/internal/loader/ClassLoaders$PlatformClassLoader 1 1 42 8 1 10 7 12 1 1 1 10 7 12 1 1 1 100 1 10 12 1 100 1 1 1 1 1 1 1 1 1 1 1 1 1 1 100 1 1 1 100 1 1
ciInstanceKlass java/security/CodeSource 1 1 398 10 7 12 1 1 1 9 7 12 1 1 1 9 12 1 1 9 12 1 1 9 12 1 1 10 7 12 1 1 1 9 12 1 1 10 100 12 1 1 10 100 10 100 12 1 1 1 10 100 12 1 1 1 10 12 1 1 100 1 10 10 100 12 1 1 1 10 100 12 1 1 1 10 12 1 1 100 1 10 12 1 1 10 12 1 1 10 12 1 1 10 12 1 10 10 10 12 1 1 10 100 12 1 1 1 10 12 1 10 12 1 10 12 1 8 1 10 12 1 10 12 1 10 12 1 1 10 12 1 8 1 10 12 1 1 10 100 1 10 10 12 1 1 8 1 10 12 1 10 12 1 10 12 1 8 1 8 1 9 12 1 1 100 1 8 1 10 12 1 10 12 1 1 8 1 10 12 1 8 1 8 1 8 1 10 100 12 1 1 10 12 1 1 10 12 1 10 12 1 1 10 12 1 1 10 12 1 1 100 1 100 1 10 12 1 10 12 10 12 1 1 10 100 12 1 1 10 12 1 100 1 10 12 10 100 12 1 1 1 10 8 1 10 12 1 10 12 1 10 12 1 1 100 1 10 12 1 1 100 1 100 1 8 1 8 1 10 10 12 1 1 10 100 12 1 1 1 100 1 10 12 10 12 1 1 11 100 12 1 1 10 10 12 1 11 10 12 1 8 1 100 1 10 12 1 10 12 1 1 10 12 1 11 12 1 1 100 1 1 1 1 5 0 1 1 1 1 1 1 1 1 1 1 1 1 1 1 1 1 1 1 1 1 1 1 1 1 1 1 1 1 1 1 1 1 1 1 1 1 1 1 1 1 1 1 1 1 1 1 1 1 1 1 1 1 1 1 1 1 1 1 1 1 1 1 1 1 1 1 100 1 1 1 1 1 1 1
ciInstanceKlass java/util/concurrent/ConcurrentMap 1 1 208 11 100 12 1 1 1 10 100 12 1 1 11 12 1 1 11 100 12 1 1 1 11 100 12 1 1 1 11 12 1 1 100 1 11 12 1 11 12 1 100 1 11 100 12 1 1 1 18 12 1 11 12 1 1 11 100 12 1 1 11 12 1 1 11 100 12 1 11 12 1 1 11 12 1 1 100 1 100 1 1 1 1 1 1 1 1 1 1 1 1 1 1 1 1 1 1 1 1 1 1 1 1 1 1 1 1 1 1 1 1 1 1 1 1 1 1 1 1 1 1 1 1 1 1 1 1 1 1 1 1 1 1 1 1 1 1 1 1 16 15 11 12 15 10 100 12 1 1 1 1 1 100 1 100 1 1 1 100 1 8 1 1 12 10 1 1 1 8 1 1 1 8 1 1 8 1 1 1 8 1 1 1 8 1 1 1 8 1 1 1 8 1 1 1 8 1 1 1 8 1 1 1 8 1 1 8 1
instanceKlass java/util/Collections$SingletonMap
instanceKlass kotlin/collections/AbstractMutableMap
instanceKlass org/jetbrains/kotlin/protobuf/SmallSortedMap
instanceKlass org/jetbrains/kotlin/com/intellij/openapi/vfs/impl/ZipEntryMap
instanceKlass org/jetbrains/kotlin/com/intellij/util/containers/hash/LinkedHashMap
instanceKlass org/jetbrains/kotlin/com/intellij/util/containers/ConcurrentRefHashMap
instanceKlass org/jetbrains/kotlin/com/intellij/util/containers/RefHashMap
instanceKlass java/util/EnumMap
instanceKlass java/util/TreeMap
instanceKlass java/util/IdentityHashMap
instanceKlass java/util/WeakHashMap
instanceKlass java/util/Collections$EmptyMap
instanceKlass sun/util/PreHashedMap
instanceKlass java/util/HashMap
instanceKlass java/util/ImmutableCollections$AbstractImmutableMap
instanceKlass java/util/concurrent/ConcurrentHashMap
ciInstanceKlass java/util/AbstractMap 1 1 196 10 7 12 1 1 1 10 7 12 1 1 1 11 7 12 1 1 1 10 11 12 1 1 11 7 12 1 1 1 11 12 1 1 7 1 11 12 1 10 12 1 1 11 12 1 100 1 10 11 12 1 11 7 1 10 12 1 1 11 12 1 9 12 1 1 7 1 10 12 1 9 12 1 1 100 1 10 11 11 12 1 1 11 12 1 100 1 100 1 11 12 1 8 1 100 1 10 10 12 1 1 8 1 10 12 1 10 12 1 1 10 12 1 1 1 1 1 1 1 1 1 1 1 1 1 1 1 1 1 1 1 1 1 1 1 1 1 1 1 1 1 1 1 1 1 1 1 1 1 1 1 1 100 1 1 1 1 1 1 1 100 1 1 1 1 1 1 1 1 1 100 1 1 1 1 1 1 1 1 1 100 1 100 1 100 1 100 1 100 1 1 1 1 1 1
ciInstanceKlass java/util/concurrent/ConcurrentHashMap 1 1 1210 7 1 7 1 3 10 12 1 1 3 100 1 10 7 12 1 1 1 100 1 10 100 12 1 1 1 100 1 11 12 1 1 11 12 1 11 12 1 1 9 12 1 1 9 12 1 1 9 12 1 10 7 12 1 1 1 7 1 10 12 1 1 10 12 1 1 10 7 12 1 1 1 4 10 12 1 9 12 1 10 12 1 1 100 1 10 5 0 10 12 1 10 12 1 1 5 0 10 12 1 1 10 12 1 9 12 1 1 10 12 1 1 9 12 1 9 12 1 1 10 12 1 1 9 12 1 10 12 1 1 9 12 1 1 10 12 1 1 100 1 10 100 1 10 12 1 10 12 1 1 10 12 1 1 10 12 1 1 10 12 1 10 12 1 1 10 12 1 1 100 1 10 12 1 1 7 1 100 1 8 1 10 12 1 10 12 1 1 10 12 1 1 11 7 12 1 1 10 12 1 1 11 12 1 1 11 7 12 1 1 1 11 7 12 1 1 1 11 12 1 7 1 11 12 1 11 12 1 10 12 1 1 10 12 1 1 9 12 1 1 10 100 12 1 1 1 9 10 12 1 1 9 12 1 10 12 1 1 5 0 9 12 1 1 7 1 10 12 1 9 12 1 1 7 1 10 12 1 9 12 1 7 1 10 100 1 10 10 12 1 1 8 1 10 12 1 10 12 1 1 11 100 1 10 12 1 10 100 12 1 1 1 8 1 10 100 12 1 1 1 8 1 10 12 1 8 1 10 12 1 10 12 1 1 10 100 12 1 1 10 12 1 10 12 1 10 12 1 9 12 1 9 10 12 1 9 12 1 1 11 100 12 1 1 1 11 7 12 1 1 1 100 1 10 12 11 100 12 1 1 10 11 7 12 1 10 12 1 100 1 10 12 1 100 1 10 10 9 7 12 1 1 1 10 12 3 10 100 12 1 1 9 12 1 10 12 1 1 9 12 1 1 9 12 1 10 12 1 1 10 100 12 1 1 9 12 1 9 7 12 1 1 10 12 1 1 10 12 1 3 9 12 1 9 12 1 10 12 1 1 7 1 9 3 9 12 1 100 1 10 12 1 9 12 1 10 12 1 9 12 1 10 12 1 9 12 1 10 100 12 1 1 1 100 10 12 1 100 1 5 0 10 100 12 1 1 100 1 10 12 1 1 10 12 1 10 12 1 100 1 10 12 1 10 100 1 100 1 10 10 12 1 10 100 1 10 12 1 10 100 1 10 12 1 10 100 1 10 12 1 1 100 1 10 12 1 10 10 12 1 100 1 10 12 1 10 10 12 1 100 1 10 12 1 10 100 1 10 12 1 10 100 1 10 12 1 10 100 1 10 12 1 10 100 1 10 12 1 10 100 1 10 12 1 10 100 1 10 12 1 10 100 1 10 12 1 10 100 1 10 10 100 1 10 10 100 1 10 10 100 1 10 12 1 10 100 1 10 12 1 10 100 1 10 12 1 10 100 1 10 12 1 10 100 1 10 12 1 10 100 1 10 10 100 1 10 10 100 1 10 10 100 1 10 12 1 10 100 1 10 12 1 10 100 1 10 12 1 10 100 1 10 12 1 10 100 1 10 12 1 10 10 12 1 10 7 12 1 1 1 10 12 1 7 1 7 1 10 12 1 9 12 1 1 9 12 1 1 10 12 1 1 8 10 12 1 1 8 8 8 8 7 10 12 1 1 10 12 1 100 1 8 1 10 7 1 100 1 100 1 1 1 5 0 1 1 3 1 3 1 1 1 1 3 1 3 1 3 1 1 1 1 1 3 1 3 1 3 1 1 1 1 1 1 1 1 1 1 1 1 1 1 1 1 1 1 1 1 1 1 1 1 1 100 1 1 1 1 1 1 1 1 1 1 1 1 1 1 1 1 1 1 1 1 1 1 1 1 1 1 1 1 1 1 1 1 1 1 1 1 1 1 1 1 1 1 1 1 1 1 1 1 1 1 1 1 1 1 1 1 1 1 1 1 1 1 1 1 1 1 1 1 1 1 1 1 1 1 1 1 1 1 1 1 1 1 1 1 100 1 1 1 1 1 1 1 1 1 1 1 100 1 1 1 1 1 1 1 1 1 1 1 1 1 1 1 1 1 1 1 1 1 1 1 1 1 1 1 1 1 1 1 1 1 1 1 1 1 1 1 1 1 1 1 1 1 1 1 1 1 1 1 1 1 1 1 1 1 1 1 1 1 1 1 1 1 1 1 1 1 1 1 1 1 1 1 1 1 1 1 1 1 1 1 1 1 1 1 1 1 1 1 1 1 1 1 1 1 1 1 1 1 1 1 1 1 1 1 1 1 1 1 1 1 1 1 1 1 1 1 1 1 1 1 1 1 1 1 1 1 1 1 1 1 1 1 1 1 1 1 1 1 1 1 1 1 1 1 1 1 1 1 1 1 1 1 1 1 1 1 1 1 1 1 1 1 1 1 1 1 1 1 1 1 1 1 1 1 1 1 1 1 1 1 1 1 1 1 1 1 1 1 1 1 1 1 1 1 1 1 1 1 1 1 1 1 1 1 1 1 1 1 1 1 1 1 1 1 1 1 1 1 1 1 100 1 100 1 100 1 100 1 100 1 100 1 100 1 100 1 100 1 1 1 1 1 1 1 1 1 1 1 1 1 1 1 1 1 1 1 1 1 1 1 1 1 1 1 1 1 1 1 1 1 1 1 1 1 1 1 1 1 1 1 1 1 1 1 1 1 1 1 1 1 1 1 1 1 1
staticfield java/util/concurrent/ConcurrentHashMap NCPU I 8
staticfield java/util/concurrent/ConcurrentHashMap serialPersistentFields [Ljava/io/ObjectStreamField; 3 [Ljava/io/ObjectStreamField;
staticfield java/util/concurrent/ConcurrentHashMap U Ljdk/internal/misc/Unsafe; jdk/internal/misc/Unsafe
staticfield java/util/concurrent/ConcurrentHashMap SIZECTL J 20
staticfield java/util/concurrent/ConcurrentHashMap TRANSFERINDEX J 32
staticfield java/util/concurrent/ConcurrentHashMap BASECOUNT J 24
staticfield java/util/concurrent/ConcurrentHashMap CELLSBUSY J 36
staticfield java/util/concurrent/ConcurrentHashMap CELLVALUE J 144
staticfield java/util/concurrent/ConcurrentHashMap ABASE I 16
staticfield java/util/concurrent/ConcurrentHashMap ASHIFT I 2
ciInstanceKlass java/lang/Iterable 1 1 62 10 7 12 1 1 1 11 7 12 1 1 1 11 7 12 1 1 1 11 12 1 1 11 7 12 1 1 1 10 100 12 1 1 1 100 1 1 1 1 1 1 1 1 1 1 1 1 1 1 1 1 1 1 1 1 1 1 1 1 1 1
ciInstanceKlass java/util/Collection 1 1 115 11 100 12 1 1 1 100 1 11 7 12 1 1 1 10 100 12 1 1 1 11 12 1 1 11 100 12 1 1 1 11 12 1 1 11 100 12 1 1 1 11 12 1 1 10 100 12 1 1 1 11 12 1 10 7 12 1 1 1 100 1 100 1 1 1 1 1 1 1 1 1 1 1 1 1 1 1 1 1 1 1 1 1 1 1 1 1 1 1 1 1 1 1 1 1 1 1 1 1 1 1 1 1 1 1 1 1 1 1 1 1 1 1 1
ciInstanceKlass java/util/SequencedCollection 1 1 109 100 1 10 12 1 1 11 100 12 1 1 1 11 100 12 1 1 1 11 12 1 1 11 12 1 100 1 100 1 1 1 1 1 1 1 1 1 1 1 1 1 1 1 1 1 1 1 1 1 1 1 1 1 1 1 1 1 100 1 8 1 1 12 10 1 1 1 8 1 1 1 8 1 1 1 8 1 1 1 8 1 1 8 1 1 1 8 1 1 8 1 1 1 8 1 1 8 1 1 1 8 1 1 8 1 1 8 1
ciInstanceKlass java/util/List 1 1 251 10 100 12 1 1 1 11 100 12 1 1 1 11 100 12 1 1 1 11 12 1 1 11 100 12 1 1 11 12 1 1 11 12 1 1 10 100 12 1 1 1 100 1 100 1 10 12 1 1 100 1 10 100 12 1 1 1 11 12 1 1 11 12 1 11 12 1 100 1 10 12 1 11 12 1 1 11 12 1 1 11 12 1 10 100 12 1 1 1 9 7 12 1 1 1 7 1 10 12 10 12 1 7 1 10 12 1 1 10 12 1 10 12 1 1 11 12 1 1 100 1 1 1 1 1 1 1 1 1 1 1 1 1 1 1 1 1 1 1 1 1 1 1 1 1 1 1 1 1 1 1 1 1 1 1 1 1 1 1 1 1 1 1 1 100 1 100 1 1 1 1 1 1 1 1 1 1 1 1 1 1 1 1 1 1 1 1 1 1 1 1 1 1 1 1 1 1 1 1 1 1 1 1 1 1 1 1 1 1 1 1 1 1 1 1 1 1 1 1 1 1 1 1 1 1 1 1 1 1 1 1 1 1 1 1 1 1 1 1 1 1 1 1 100 1 1 100 1 1 1
ciInstanceKlass java/util/RandomAccess 1 0 7 100 1 100 1 1 1
instanceKlass org/jetbrains/kotlin/it/unimi/dsi/fastutil/ints/AbstractIntCollection
instanceKlass org/jetbrains/kotlin/com/google/common/collect/ImmutableCollection
instanceKlass org/jetbrains/kotlin/it/unimi/dsi/fastutil/objects/AbstractObjectCollection
instanceKlass org/jetbrains/kotlin/com/intellij/util/containers/UnsafeWeakList
instanceKlass java/util/AbstractQueue
instanceKlass org/jetbrains/kotlin/it/unimi/dsi/fastutil/objects/AbstractReferenceCollection
instanceKlass org/jetbrains/kotlin/com/google/common/collect/Multimaps$Entries
instanceKlass java/util/IdentityHashMap$Values
instanceKlass org/jetbrains/kotlin/com/google/common/collect/AbstractMapBasedMultimap$WrappedCollection
instanceKlass org/jetbrains/kotlin/com/intellij/util/containers/ImmutableList
instanceKlass java/util/HashMap$Values
instanceKlass java/util/LinkedHashMap$LinkedValues
instanceKlass java/util/ArrayDeque
instanceKlass java/util/AbstractSet
instanceKlass java/util/ImmutableCollections$AbstractImmutableCollection
instanceKlass java/util/AbstractList
ciInstanceKlass java/util/AbstractCollection 1 1 160 10 7 12 1 1 1 10 7 12 1 1 1 10 12 1 1 11 7 12 1 1 1 11 12 1 1 10 12 1 1 10 100 12 1 1 1 10 12 1 1 10 12 1 1 10 7 12 1 1 10 7 12 1 1 1 7 1 10 100 12 1 1 1 10 100 12 1 1 1 100 1 10 11 12 1 11 7 1 10 12 1 10 12 1 10 7 12 1 1 1 11 8 1 7 1 10 10 12 1 1 8 1 10 12 1 10 12 1 1 1 1 1 1 1 1 1 1 1 1 1 1 1 1 1 1 1 1 1 1 1 1 1 1 1 1 1 1 1 1 1 1 1 1 1 1 1 1 1 1 1 1 1 1 1 1 1 1 1 1
instanceKlass org/jetbrains/kotlin/com/google/common/collect/Lists$AbstractListWrapper
instanceKlass org/jetbrains/kotlin/com/google/common/collect/Lists$Partition
instanceKlass org/jetbrains/kotlin/com/google/common/collect/Lists$TransformingRandomAccessList
instanceKlass kotlin/collections/AbstractMutableList
instanceKlass org/jetbrains/kotlin/com/intellij/lang/impl/PsiBuilderImpl$RelativeTokenTypesView
instanceKlass java/util/AbstractSequentialList
instanceKlass org/jetbrains/kotlin/protobuf/UnmodifiableLazyStringList
instanceKlass org/jetbrains/kotlin/protobuf/LazyStringArrayList
instanceKlass org/jetbrains/kotlin/com/intellij/util/containers/ContainerUtilRt$EmptyList
instanceKlass org/jetbrains/kotlin/com/intellij/util/containers/DisposableWrapperList
instanceKlass org/jetbrains/kotlin/com/intellij/util/SmartList
instanceKlass java/util/ArrayList$SubList
instanceKlass java/util/AbstractList$SubList
instanceKlass java/util/Vector
instanceKlass java/util/Collections$SingletonList
instanceKlass org/jetbrains/kotlin/utils/SmartList
instanceKlass java/util/Arrays$ArrayList
instanceKlass java/util/Collections$EmptyList
instanceKlass java/util/ArrayList
ciInstanceKlass java/util/AbstractList 1 1 218 10 7 12 1 1 1 9 7 12 1 1 1 10 12 1 1 10 12 1 1 100 1 10 10 12 1 1 11 100 12 1 1 1 11 12 1 1 11 12 1 10 100 12 1 1 1 10 12 1 11 12 1 11 12 1 11 12 1 10 12 1 1 10 12 1 1 11 100 12 1 1 1 11 100 1 11 7 1 10 12 1 7 1 10 12 1 10 12 1 1 7 1 7 1 10 12 1 7 1 10 100 1 100 1 10 8 1 10 12 1 1 10 12 1 10 12 1 1 10 12 1 8 1 100 1 8 1 8 1 8 1 10 100 1 11 10 10 12 1 11 12 1 10 12 1 1 8 1 8 1 1 1 1 1 1 1 1 1 1 1 1 1 1 1 1 1 1 1 1 1 1 1 1 1 1 1 1 1 1 1 1 1 1 1 1 1 1 1 1 1 1 1 1 1 1 1 1 1 1 1 1 1 1 1 1 1 1 100 1 100 1 1 1 1 1 1 1
instanceKlass org/jetbrains/kotlin/com/intellij/util/containers/NotNullList
instanceKlass org/jetbrains/kotlin/com/intellij/util/containers/Stack
instanceKlass org/jetbrains/kotlin/config/MavenComparableVersion$ListItem
ciInstanceKlass java/util/ArrayList 1 1 509 10 7 12 1 1 1 7 1 9 7 12 1 1 1 9 12 1 100 1 100 1 10 8 1 10 12 1 1 10 12 1 10 12 1 1 10 12 1 9 12 1 11 7 12 1 1 1 9 12 1 1 11 12 1 1 7 10 7 12 1 1 1 9 12 1 10 12 1 10 12 1 1 10 7 12 1 1 1 10 7 12 1 1 1 10 12 1 1 10 12 1 1 10 12 1 1 10 12 1 10 12 1 1 100 1 100 1 10 12 1 10 10 7 12 1 1 1 10 7 12 1 1 10 12 1 100 1 10 10 12 10 12 1 1 10 12 1 1 10 12 1 10 12 10 12 1 1 100 1 10 12 1 1 10 12 1 1 10 12 1 100 1 10 11 12 1 1 11 100 12 1 1 1 11 12 1 10 12 1 10 12 1 10 12 1 1 100 1 10 12 1 1 10 10 12 1 1 10 12 1 8 1 8 1 8 1 8 1 10 12 1 1 10 12 1 1 11 12 1 100 1 10 100 12 1 1 10 12 1 10 12 1 1 10 100 12 1 1 10 12 1 10 100 12 1 1 1 11 100 12 1 1 1 10 12 1 100 1 8 1 10 7 1 10 12 1 7 1 10 12 1 10 12 1 1 7 1 10 12 1 10 12 1 1 11 100 12 1 1 7 1 10 12 1 10 12 1 1 11 100 12 1 1 10 12 1 1 10 12 1 1 10 12 1 1 10 12 1 1 11 100 12 1 1 10 12 1 1 100 1 100 1 100 1 1 1 1 5 0 1 3 1 1 1 1 1 1 1 1 1 1 1 1 1 1 1 1 1 1 1 1 1 1 1 1 1 1 1 1 1 1 1 1 1 1 1 1 1 1 1 1 1 1 1 1 1 1 1 1 1 1 1 1 1 1 1 1 1 1 1 1 1 1 1 1 1 1 1 1 1 1 1 1 1 1 1 1 1 1 1 1 1 1 1 1 1 1 1 1 1 1 1 1 1 1 1 1 1 1 1 1 1 1 1 1 100 1 1 1 1 100 1 1 1 1 1 1 1 1 1 1 1 1 1 1 1 1 1 1 1 1 1 1 1 1 1 1 1 1 1 100 1 1 1 1 1 1 1 1 1 1 1 1 1 1 1 1 1 1 100 1 100 1 1 1 1 1 1
staticfield java/util/ArrayList EMPTY_ELEMENTDATA [Ljava/lang/Object; 0 [Ljava/lang/Object;
staticfield java/util/ArrayList DEFAULTCAPACITY_EMPTY_ELEMENTDATA [Ljava/lang/Object; 0 [Ljava/lang/Object;
ciInstanceKlass java/lang/StackTraceElement 0 0 235 10 100 12 1 1 1 10 100 12 1 1 9 12 1 1 9 12 1 1 9 12 1 9 12 1 8 1 10 100 12 1 1 1 100 1 9 12 1 8 1 9 12 1 9 12 1 9 12 1 1 10 12 1 1 10 12 1 8 1 10 100 12 1 1 1 100 1 10 12 1 10 12 1 1 10 12 1 10 12 1 1 10 12 1 10 12 1 10 10 12 1 8 1 10 12 1 10 12 1 1 10 12 1 1 10 12 1 10 12 1 10 12 1 9 12 1 1 10 100 12 1 1 1 10 12 1 1 100 1 10 12 1 1 10 100 12 1 1 10 100 12 1 1 1 10 100 12 1 1 10 100 12 1 1 10 10 12 1 1 10 12 1 1 10 12 1 1 10 12 1 100 1 1 1 1 1 1 1 3 1 3 1 1 5 0 1 1 1 1 1 1 1 1 1 1 1 1 1 1 1 1 1 1 1 1 1 1 1 1 1 1 1 1 1 100 1 100 1 1 1 1 1 1 1 100 1 1 1 1 1 1 1 1 1
instanceKlass java/nio/CharBuffer
instanceKlass java/nio/IntBuffer
instanceKlass java/nio/LongBuffer
instanceKlass java/nio/ByteBuffer
ciInstanceKlass java/nio/Buffer 1 1 256 100 1 10 7 12 1 1 1 9 7 12 1 1 1 9 12 1 9 12 1 1 9 12 1 9 12 1 1 10 12 1 1 10 12 1 1 10 12 100 1 100 1 10 8 1 10 12 1 1 10 12 1 8 1 8 1 10 12 1 1 10 12 1 8 1 9 12 1 1 100 1 8 1 10 12 1 8 1 8 1 9 12 10 12 1 8 1 8 1 8 1 10 12 1 8 1 8 1 8 1 100 1 10 100 1 10 100 1 10 9 12 1 1 10 7 12 1 1 1 100 1 10 12 1 1 10 12 1 10 100 12 1 1 10 7 12 1 1 1 10 7 12 1 1 1 9 12 1 1 10 7 12 1 1 1 9 12 1 1 7 1 10 10 12 1 1 7 1 10 10 7 12 1 1 1 1 1 3 1 1 1 1 1 1 1 1 1 1 1 1 1 1 100 1 1 1 1 1 1 1 100 1 1 1 1 1 1 1 1 1 1 1 1 1 1 1 1 1 1 1 1 1 1 1 1 1 1 1 1 1 1 1 1 1 1 1 1 1 1 1 100 1 100 1 100 1 100 1 100 1 100 1 100 1 1
staticfield java/nio/Buffer UNSAFE Ljdk/internal/misc/Unsafe; jdk/internal/misc/Unsafe
staticfield java/nio/Buffer SCOPED_MEMORY_ACCESS Ljdk/internal/misc/ScopedMemoryAccess; jdk/internal/misc/ScopedMemoryAccess
staticfield java/nio/Buffer IOOBE_FORMATTER Ljava/util/function/BiFunction; jdk/internal/util/Preconditions$4
staticfield java/nio/Buffer $assertionsDisabled Z 1
ciInstanceKlass java/lang/StackWalker 0 0 271 9 100 12 1 1 1 100 1 10 100 12 1 1 1 10 12 1 1 10 100 12 1 1 1 10 12 1 1 10 12 1 11 100 12 1 1 1 10 12 1 1 10 12 1 1 10 12 1 1 100 1 8 1 10 12 1 10 12 1 10 12 1 10 100 12 1 1 9 12 1 1 9 12 1 1 9 12 1 1 9 12 1 1 10 12 1 1 9 12 1 1 9 12 1 1 9 12 1 1 10 100 12 1 1 1 11 12 1 1 100 1 8 1 10 10 100 12 1 1 9 12 1 1 10 12 1 1 10 100 12 1 1 1 10 100 12 1 1 1 18 12 1 1 100 1 8 1 10 8 1 10 12 1 1 10 100 12 1 1 1 10 12 1 1 9 100 12 1 1 11 100 12 1 1 1 10 12 1 1 1 1 1 1 1 1 1 1 1 1 1 1 1 1 1 1 1 1 1 1 1 1 1 1 1 1 1 1 1 1 1 1 1 1 1 1 1 1 1 1 1 1 1 1 1 1 1 1 1 1 1 1 1 1 1 1 1 1 1 1 1 1 1 1 100 1 1 16 15 10 12 16 1 15 10 100 12 1 1 1 1 1 1 1 1 1 100 1 100 1 1
ciInstanceKlass java/lang/StackStreamFactory$AbstractStackWalker 1 0 375 100 1 100 1 3 10 100 12 1 1 1 10 100 12 1 1 10 100 12 1 1 1 9 12 1 1 10 12 1 1 9 12 1 1 9 12 1 1 9 12 1 1 9 12 1 10 100 12 1 1 1 10 12 1 1 10 100 12 1 1 9 12 1 1 9 12 1 1 10 12 1 1 9 100 12 1 1 1 10 12 1 1 10 12 1 9 12 1 1 10 100 12 1 1 1 10 12 1 1 9 12 1 1 9 100 12 1 1 1 100 1 10 8 1 10 12 1 1 10 12 1 8 1 10 12 1 1 10 100 12 1 1 1 100 1 8 1 10 12 1 8 1 10 12 10 100 12 1 1 9 12 1 8 1 5 0 8 1 8 1 9 12 1 1 10 12 1 1 18 12 1 1 10 100 12 1 1 1 10 12 1 1 10 12 1 10 12 1 9 12 1 10 12 1 10 12 1 10 12 1 10 12 1 10 12 1 10 12 1 1 8 1 10 12 1 10 12 1 10 12 1 10 12 1 1 8 1 10 12 1 1 10 12 1 1 10 12 1 1 10 12 1 10 12 1 10 100 12 1 1 1 10 12 1 10 12 1 9 12 1 8 1 10 12 1 10 12 1 10 12 1 1 10 12 1 10 12 1 10 12 1 1 10 12 1 10 12 1 10 12 1 10 12 1 10 12 1 10 12 1 1 10 12 1 1 10 12 1 8 1 1 1 1 1 1 1 1 1 1 1 1 1 100 1 1 1 1 1 1 1 100 1 1 1 1 100 1 1 1 1 1 1 1 1 1 1 1 1 1 1 1 1 1 1 1 16 15 15 10 100 12 1 1 1 1 1 1 1 1 100 1 100 1 1
ciInstanceKlass java/lang/StackWalker$StackFrame 0 0 41 100 1 10 12 1 1 100 1 100 1 1 1 1 1 1 1 1 1 1 1 1 1 1 1 1 1 1 1 1 1 1 1 1 1 1 1 100 1 1 1
instanceKlass java/lang/LiveStackFrameInfo
ciInstanceKlass java/lang/StackFrameInfo 0 0 142 10 100 12 1 1 1 9 100 12 1 1 1 9 100 1 9 12 1 1 11 100 12 1 1 1 9 12 1 1 11 12 1 1 10 12 1 1 10 100 12 1 1 1 10 12 1 11 12 1 11 12 1 1 11 12 1 10 12 1 1 9 12 1 1 10 12 1 1 10 100 12 1 1 10 12 1 1 11 12 1 1 9 12 1 1 10 100 1 10 12 1 9 12 1 1 10 12 1 1 100 1 8 1 10 12 1 10 100 12 1 1 1 100 1 1 1 1 1 1 1 1 1 1 1 1 1 1 1 1 1 1 100 1 1 100 1 1 1 1 1 1
ciInstanceKlass java/lang/LiveStackFrame 0 0 135 100 1 10 100 12 1 1 1 11 100 12 1 1 1 11 12 1 10 100 12 1 1 1 100 1 8 1 10 12 1 1 10 100 12 1 1 1 9 100 12 1 1 1 10 100 12 1 1 1 10 100 12 1 1 1 11 12 1 10 12 1 100 1 100 1 1 1 1 1 1 1 1 1 1 1 1 1 1 1 1 1 1 1 1 1 1 1 1 1 1 1 1 100 1 1 1 1 1 1 1 100 1 8 1 1 12 10 1 1 1 8 1 1 1 8 1 1 1 8 1 1 1 8 1 1 1 8 1 1 8 1 1 8 1
ciInstanceKlass java/lang/LiveStackFrameInfo 0 0 97 10 100 12 1 1 1 9 100 12 1 1 1 9 12 1 9 12 1 9 12 1 9 12 1 1 100 1 10 12 1 1 10 12 1 8 1 10 12 1 1 8 1 8 1 8 1 10 100 1 10 12 1 100 1 10 12 1 100 1 100 1 1 1 3 1 3 1 1 1 1 1 1 1 1 1 1 1 1 1 1 1 1 1 1 1 1 1 1 1 1 1 1 1 100 1 1
instanceKlass java/util/concurrent/locks/AbstractQueuedSynchronizer
ciInstanceKlass java/util/concurrent/locks/AbstractOwnableSynchronizer 1 1 32 10 7 12 1 1 1 9 7 12 1 1 1 100 1 1 1 1 5 0 1 1 1 1 1 1 1 1 1 1 1 1
ciInstanceKlass java/lang/Boolean 1 1 152 10 7 12 1 1 1 9 7 12 1 1 1 10 12 1 1 10 12 1 8 1 10 7 12 1 1 9 12 1 1 9 12 1 10 12 1 1 10 12 1 1 10 12 1 1 10 7 12 1 1 1 100 1 100 1 10 12 1 1 9 100 12 1 1 9 12 10 100 12 1 1 1 10 12 1 1 8 1 10 7 12 1 1 1 9 12 1 1 100 1 100 1 100 1 1 1 1 1 1 5 0 1 1 1 1 1 1 1 1 1 1 3 1 1 1 1 1 1 1 1 1 1 1 1 1 1 1 1 1 1 100 1 1 1 1 1 1 1 1 1 1 100 1 1 1 1 1 1 1 1 1
staticfield java/lang/Boolean TRUE Ljava/lang/Boolean; java/lang/Boolean
staticfield java/lang/Boolean FALSE Ljava/lang/Boolean; java/lang/Boolean
staticfield java/lang/Boolean TYPE Ljava/lang/Class; java/lang/Class
ciInstanceKlass java/lang/Character 1 1 604 7 1 100 1 100 1 9 12 1 1 8 1 9 12 1 1 100 1 9 12 1 1 10 100 12 1 1 1 10 100 12 1 1 1 10 100 12 1 1 1 10 7 12 1 1 1 9 7 12 1 1 1 10 12 1 10 12 1 1 10 12 1 1 10 100 12 1 1 10 12 1 1 3 3 3 3 3 10 12 1 1 10 12 1 3 11 7 12 1 1 1 11 12 1 1 10 12 1 1 10 12 1 1 100 1 10 10 12 1 3 10 12 1 1 10 12 1 10 12 1 1 100 1 8 1 10 12 1 1 10 12 1 10 12 1 10 12 1 10 100 12 1 1 1 10 12 1 10 12 1 10 12 1 1 10 12 1 10 7 12 1 1 10 10 12 1 10 10 12 1 10 12 1 1 10 12 1 10 10 12 1 10 12 1 10 12 1 10 12 1 10 12 1 10 12 1 10 12 1 10 12 10 10 12 10 10 12 1 10 10 12 1 10 10 12 1 10 10 12 1 10 12 1 10 12 1 10 12 1 10 12 1 10 12 1 10 12 1 10 10 12 1 10 10 12 1 10 10 12 1 1 10 10 12 1 10 5 0 10 12 1 10 12 1 10 10 12 1 10 10 12 1 1 10 10 12 1 10 10 12 1 9 12 1 1 100 1 10 10 12 1 10 12 1 1 3 10 100 12 1 1 1 10 12 1 10 100 12 1 1 100 1 10 10 12 1 1 10 12 1 1 10 12 1 1 8 1 10 12 1 9 100 12 1 1 1 10 12 1 10 10 12 1 10 12 1 1 10 12 1 10 10 12 1 1 10 10 12 1 1 100 1 8 1 10 12 1 1 10 7 12 1 1 1 8 1 10 12 1 1 9 12 1 1 100 1 100 1 100 1 1 1 1 3 1 3 1 3 1 3 1 1 1 1 1 3 1 1 3 1 3 1 3 1 3 1 3 1 3 1 3 1 3 1 3 1 3 1 3 1 3 1 3 1 3 1 3 1 3 1 3 1 3 1 3 1 3 1 3 1 3 1 3 1 3 1 3 1 3 1 3 1 3 1 1 1 1 1 1 1 1 1 1 1 1 1 1 1 1 1 1 1 3 1 1 1 1 1 1 1 3 1 1 3 1 1 1 1 1 3 1 1 5 0 1 1 1 1 1 1 1 1 1 1 1 1 1 1 1 1 1 1 1 1 1 1 1 1 1 1 1 1 1 1 1 1 1 1 1 1 1 1 1 1 1 1 1 1 1 1 1 1 1 1 1 1 1 1 1 1 1 1 1 1 1 1 1 1 1 1 1 1 1 1 1 1 1 1 1 1 1 1 1 1 1 1 1 1 1 1 1 1 1 1 100 1 100 1 1 1 1 1 1
staticfield java/lang/Character TYPE Ljava/lang/Class; java/lang/Class
staticfield java/lang/Character $assertionsDisabled Z 1
instanceKlass java/math/BigInteger
instanceKlass java/util/concurrent/atomic/AtomicLong
instanceKlass java/util/concurrent/atomic/AtomicInteger
instanceKlass java/lang/Long
instanceKlass java/lang/Integer
instanceKlass java/lang/Short
instanceKlass java/lang/Byte
instanceKlass java/lang/Double
instanceKlass java/lang/Float
ciInstanceKlass java/lang/Number 1 1 37 10 7 12 1 1 1 10 100 12 1 1 1 100 1 1 1 1 5 0 1 1 1 1 1 1 1 1 1 1 1 1 1 1 1 1 1
ciInstanceKlass java/lang/Float 1 1 279 7 1 100 1 10 100 12 1 1 1 10 100 12 1 1 1 4 100 1 10 12 1 1 10 12 1 1 8 1 8 1 10 100 12 1 1 1 10 12 1 1 10 12 1 1 10 100 1 4 10 7 12 1 1 9 12 1 1 10 12 1 1 10 12 1 10 10 12 1 1 10 12 1 10 12 1 3 3 100 1 4 4 4 3 10 12 1 1 9 12 1 1 100 1 10 3 3 4 4 10 12 1 3 3 3 10 12 1 1 10 12 1 1 10 12 1 10 100 12 1 1 1 10 12 1 1 10 12 1 1 10 7 12 1 1 1 8 1 10 12 1 1 9 12 1 1 100 1 100 1 100 1 1 1 1 4 1 4 1 1 1 4 1 1 3 1 3 1 3 1 3 1 3 1 1 1 1 5 0 1 1 1 1 1 1 1 1 1 1 100 1 1 1 1 1 1 1 1 1 1 1 1 1 3 1 1 1 1 1 1 1 1 1 1 1 1 1 1 1 1 1 1 1 1 1 1 1 1 1 1 1 1 1 1 1 1 1 1 1 1 1 1 1 1 1 1 1 1 1 1 1 1 1 1 1 1 1 1 1 1 1 1 1 1 1 100 1 1 1 1 1 1 1 100 1 100 1 1
staticfield java/lang/Float TYPE Ljava/lang/Class; java/lang/Class
staticfield java/lang/Float $assertionsDisabled Z 1
ciInstanceKlass java/lang/Double 1 1 290 7 1 100 1 10 100 12 1 1 1 10 12 1 1 10 100 1 10 12 1 1 10 100 12 1 1 1 6 0 8 1 10 12 1 1 8 1 10 12 1 1 8 1 6 0 10 12 1 1 100 1 5 0 5 0 8 1 8 1 10 100 12 1 1 1 10 100 12 1 1 1 8 1 10 12 1 1 8 1 8 1 8 1 10 12 1 1 10 12 1 10 12 1 1 10 12 1 10 12 1 10 12 1 1 10 12 1 10 100 1 6 0 10 7 12 1 1 9 12 1 1 10 12 1 10 12 1 10 12 1 10 12 1 10 12 1 5 0 10 12 1 1 10 12 1 10 12 1 10 100 12 1 1 1 10 12 1 1 10 12 1 1 8 1 10 7 12 1 1 1 9 12 1 1 100 1 100 1 100 1 1 1 6 0 1 6 0 1 6 0 1 1 1 6 0 1 1 3 1 3 1 3 1 3 1 3 1 1 1 1 5 0 1 1 1 1 1 1 1 1 1 1 1 1 1 1 1 1 100 1 1 1 1 1 1 1 1 1 1 1 1 3 1 1 1 1 1 1 1 1 1 1 1 1 1 1 1 1 1 1 1 1 1 1 1 1 1 1 1 1 1 1 1 1 1 1 100 1 1 1 1 1 1 1 100 1 100 1 1
staticfield java/lang/Double TYPE Ljava/lang/Class; java/lang/Class
ciInstanceKlass java/lang/Byte 1 1 213 7 1 100 1 10 100 12 1 1 1 9 12 1 1 8 1 9 12 1 1 100 1 10 12 1 1 10 12 1 1 10 100 12 1 1 1 10 100 12 1 1 1 9 100 12 1 1 1 10 12 1 1 100 1 100 1 10 12 1 1 8 1 10 12 1 1 8 1 10 12 1 10 12 1 10 12 1 10 12 1 1 10 12 1 10 12 1 10 12 1 1 10 8 1 8 1 10 7 1 9 12 1 1 10 12 1 1 10 12 1 1 10 12 1 1 10 12 1 5 0 10 12 1 1 8 1 10 7 12 1 1 1 9 12 1 1 100 1 100 1 1 1 3 1 3 1 1 1 1 3 1 3 1 1 5 0 1 1 1 1 1 1 1 1 1 1 1 1 1 1 1 1 1 1 1 1 1 1 1 1 1 1 1 1 1 1 1 1 1 1 1 1 1 1 1 1 1 1 1 1 1 1 1 1 1 1 1 1 1 1 1 1
staticfield java/lang/Byte TYPE Ljava/lang/Class; java/lang/Class
ciInstanceKlass java/lang/Short 1 1 222 7 1 100 1 100 1 10 100 12 1 1 1 10 12 1 1 100 1 100 1 10 12 1 1 8 1 10 12 1 1 8 1 10 12 1 10 12 1 10 12 1 10 12 1 1 10 12 1 1 10 12 1 9 12 1 1 8 1 9 12 1 1 100 1 10 12 1 1 10 12 1 10 100 12 1 1 1 10 100 12 1 1 1 9 100 12 1 1 1 10 12 1 10 12 1 1 10 8 1 8 1 10 100 1 9 12 1 1 10 12 1 1 10 12 1 1 10 12 1 1 10 12 1 3 3 5 0 10 12 1 1 8 1 10 7 12 1 1 1 9 12 1 1 100 1 100 1 1 1 3 1 3 1 1 1 1 3 1 3 1 1 5 0 1 1 1 1 1 1 1 1 1 1 1 1 1 1 1 1 1 1 1 1 1 1 1 1 1 1 1 3 1 1 1 1 1 1 1 1 1 1 1 1 1 1 1 1 1 1 1 1 1 1 1 1 1 1 1 1 1 1
staticfield java/lang/Short TYPE Ljava/lang/Class; java/lang/Class
ciInstanceKlass java/lang/Integer 1 1 453 7 1 100 1 7 1 7 1 10 12 1 1 9 12 1 1 9 12 1 1 10 100 12 1 1 1 10 12 1 1 10 100 12 1 1 1 10 10 12 1 1 10 100 12 1 1 1 10 12 1 10 12 1 1 10 7 12 1 1 1 10 12 1 1 10 12 1 1 10 12 1 10 12 1 10 12 1 1 10 10 12 1 9 12 1 1 9 12 1 100 1 8 1 10 12 1 100 1 10 12 1 8 1 10 12 1 1 10 12 1 8 1 10 12 1 8 1 10 12 1 1 3 10 12 1 1 3 10 12 1 1 10 12 1 1 10 7 12 1 1 1 11 7 1 10 12 1 1 11 10 12 1 1 8 1 10 12 1 1 8 1 100 1 10 12 1 1 10 12 1 1 5 0 8 1 10 12 1 10 12 1 10 12 1 10 12 1 1 7 1 9 12 1 1 9 12 1 1 10 12 1 10 7 1 9 12 1 10 12 1 10 12 1 10 12 1 1 10 7 12 1 1 1 100 1 100 1 10 12 1 1 10 12 1 1 8 1 8 1 10 12 1 1 8 1 8 1 8 1 8 1 8 1 8 1 10 12 1 10 12 1 5 0 3 3 3 3 10 12 1 10 12 1 3 10 12 1 10 100 12 1 1 1 10 12 1 1 10 12 1 1 8 1 10 7 12 1 1 1 9 12 1 1 100 1 100 1 100 1 1 1 1 3 1 1 1 3 1 3 1 1 5 0 1 1 1 1 1 1 1 1 1 100 1 1 1 1 1 1 1 1 1 1 1 1 1 1 1 1 1 1 1 1 1 1 1 1 1 1 1 1 1 1 1 1 1 1 1 1 1 1 1 1 3 1 1 1 1 1 1 1 1 1 1 1 1 1 1 1 1 100 1 1 1 1 1 1 1 1 1 1 1 1 1 1 1 1 1 1 1 1 1 1 1 1 1 1 1 1 1 1 1 1 1 1 1 1 1 1 1 1 1 1 1 1 1 1 100 1 1 1 1 1 1 1 1 1 100 1 100 1 1
staticfield java/lang/Integer TYPE Ljava/lang/Class; java/lang/Class
staticfield java/lang/Integer digits [C 36
staticfield java/lang/Integer DigitTens [B 100
staticfield java/lang/Integer DigitOnes [B 100
ciInstanceKlass java/lang/Long 1 1 524 7 1 100 1 7 1 100 1 10 12 1 1 9 12 1 1 9 7 12 1 1 1 10 100 12 1 1 1 10 12 1 1 10 100 12 1 1 1 10 10 12 10 12 1 10 12 1 10 12 1 5 0 5 0 100 1 10 12 1 1 10 12 1 1 10 12 1 10 12 1 10 12 1 10 12 1 1 10 100 12 1 1 10 12 1 10 12 1 1 10 12 1 1 10 12 1 1 10 12 1 1 10 100 12 1 1 1 10 12 1 1 10 12 1 10 12 1 10 12 1 10 12 1 1 10 10 12 1 5 0 5 0 9 12 1 1 9 12 1 5 0 100 1 8 1 10 12 1 8 1 10 12 1 8 1 8 1 10 12 1 1 5 0 10 12 1 1 5 0 10 12 1 1 10 12 1 1 10 100 12 1 1 1 11 100 1 10 12 1 1 11 10 12 1 1 8 1 10 12 1 1 8 1 100 1 10 12 1 1 10 12 1 8 1 8 1 11 12 1 1 10 12 1 10 12 1 10 12 1 5 0 5 0 9 7 12 1 1 1 10 12 1 10 12 1 1 8 1 8 1 10 12 1 1 8 1 8 1 8 1 8 1 8 1 8 1 10 12 1 10 7 1 9 12 1 1 10 12 1 10 12 1 1 10 12 1 1 10 100 12 1 1 1 100 1 100 1 10 12 1 1 10 12 1 1 5 0 10 12 1 10 12 1 5 0 5 0 5 0 10 12 1 1 10 12 1 5 0 5 0 10 12 1 10 12 1 10 100 12 1 1 1 10 12 1 1 10 12 1 1 8 1 10 7 12 1 1 1 9 12 1 1 100 1 100 1 100 1 1 1 1 5 0 1 1 1 1 3 1 3 1 5 0 1 1 1 1 1 1 1 1 1 100 1 1 1 1 1 1 1 1 1 1 1 1 1 1 1 1 1 1 1 1 1 1 1 1 1 1 1 1 1 1 1 1 1 1 1 1 1 1 1 1 1 1 1 1 1 1 1 1 1 1 1 1 1 1 1 3 1 1 1 1 1 1 1 1 1 1 1 1 1 1 1 100 1 1 1 1 1 1 1 1 1 1 1 1 1 1 1 1 1 1 1 1 1 1 1 1 1 1 1 1 1 1 1 1 1 1 1 1 1 1 1 1 1 1 1 100 1 1 1 1 1 1 1 1 1 100 1 100 1 1
staticfield java/lang/Long TYPE Ljava/lang/Class; java/lang/Class
ciInstanceKlass java/util/Iterator 1 1 53 100 1 8 1 10 12 1 1 10 100 12 1 1 1 11 100 12 1 1 1 11 12 1 1 11 100 12 1 1 1 100 1 1 1 1 1 1 1 1 1 1 1 1 1 1 1 1 1 1 1 1 1
ciInstanceKlass java/lang/reflect/RecordComponent 0 0 196 10 100 12 1 1 1 9 100 12 1 1 1 9 12 1 1 9 12 1 10 12 1 1 10 12 1 1 10 100 12 1 1 1 10 12 1 1 9 12 1 1 10 12 1 1 10 12 1 1 10 12 1 10 100 12 1 1 10 100 12 1 1 9 12 1 1 10 100 12 1 1 1 11 100 12 1 1 1 10 9 100 12 1 1 1 10 100 12 1 1 1 9 12 1 1 10 100 12 1 1 1 10 12 1 1 11 100 12 1 1 10 100 12 1 1 100 1 9 12 1 9 12 1 1 9 12 1 10 100 12 1 1 1 10 12 1 1 10 12 1 1 100 1 10 10 12 1 10 12 1 1 8 1 10 12 1 10 12 1 9 12 1 100 1 1 1 1 1 1 1 1 1 1 1 1 1 1 1 1 1 1 1 1 1 1 100 1 1 1 1 1 1 100 1 1
ciInstanceKlass jdk/internal/vm/vector/VectorSupport 0 0 573 100 1 10 100 12 1 1 1 9 12 1 1 10 12 1 1 100 1 10 12 1 11 100 12 1 1 1 11 100 12 1 1 1 11 100 12 1 1 11 100 12 1 1 11 100 12 1 1 1 11 100 12 1 1 11 100 12 1 1 11 100 12 1 1 11 100 12 1 1 11 100 12 1 1 11 100 12 1 1 11 100 12 1 1 1 11 100 12 1 1 11 100 12 1 1 1 11 100 12 1 1 1 11 100 12 1 1 11 100 12 1 1 1 11 100 12 1 1 100 1 10 12 1 1 11 100 12 1 1 11 100 12 1 1 11 100 12 1 1 11 100 12 1 1 11 100 12 1 1 11 100 12 1 1 9 12 1 1 10 100 12 1 1 11 100 12 1 1 10 12 1 1 10 100 12 1 1 1 10 12 1 10 12 1 1 10 12 1 1 1 1 1 3 1 3 1 3 1 3 1 3 1 3 1 3 1 3 1 3 1 3 1 3 1 3 1 3 1 3 1 3 1 3 1 3 1 3 1 3 1 3 1 3 1 3 1 3 1 3 1 3 1 3 1 3 1 3 1 3 1 3 1 3 1 3 1 3 1 3 1 3 1 3 1 3 1 3 1 3 1 3 1 3 1 3 1 3 1 3 1 3 1 3 1 3 1 3 1 3 1 3 1 3 1 3 1 3 1 1 1 1 1 1 1 1 1 1 1 1 1 1 1 1 1 1 1 1 1 1 1 1 1 1 1 1 1 1 1 1 1 1 1 1 1 1 1 1 1 1 1 1 1 1 1 1 1 1 1 1 1 1 1 1 1 1 1 1 1 1 1 1 1 1 1 1 1 1 1 1 1 1 1 1 1 1 1 1 1 1 1 1 1 1 1 1 1 1 1 1 1 1 1 1 1 1 1 1 1 1 1 1 1 1 1 1 1 1 1 1 1 1 1 1 1 1 1 1 1 1 1 1 1 1 1 1 1 1 1 1 1 1 1 1 1 1 1 1 1 1 1 1 1 1 1 1 1 1 1 1 1 1 1 1 1 1 1 1 1 1 1 1 1 1 1 1 1 1 1 1 1 1 1 1 1 1 1 1 1 1 1 1 1 1 1 1 1 1 1 1 1 1 1 1 1 1 1 1 1 1 1 1 1 1 1 1 1 1 1 1 1 1 1 1 1 1 1 1 1 1 1 1 1 1 1 1 1 1 1 1 1 1 1 100 1 100 1 100 1 100 1 100 1 1 1 1 1 1 1 1 1 1 1 1 1 1 1 1 1 1 1 1 1 1 1 1 1 1 1 1 1 1 1
instanceKlass jdk/internal/vm/vector/VectorSupport$VectorShuffle
instanceKlass jdk/internal/vm/vector/VectorSupport$VectorMask
instanceKlass jdk/internal/vm/vector/VectorSupport$Vector
ciInstanceKlass jdk/internal/vm/vector/VectorSupport$VectorPayload 0 0 32 10 100 12 1 1 1 9 100 12 1 1 1 10 100 12 1 1 1 1 1 1 1 1 1 1 1 1 1 1 1 1
ciInstanceKlass jdk/internal/vm/vector/VectorSupport$Vector 0 0 28 10 100 12 1 1 1 100 1 1 1 1 1 1 1 1 1 1 1 1 1 1 1 100 1 1 1 1
ciInstanceKlass jdk/internal/vm/vector/VectorSupport$VectorMask 0 0 28 10 100 12 1 1 1 100 1 1 1 1 1 1 1 1 1 1 1 1 1 1 1 100 1 1 1 1
ciInstanceKlass jdk/internal/vm/vector/VectorSupport$VectorShuffle 0 0 28 10 100 12 1 1 1 100 1 1 1 1 1 1 1 1 1 1 1 1 1 1 1 100 1 1 1 1
ciInstanceKlass jdk/internal/vm/FillerObject 0 0 16 10 100 12 1 1 1 100 1 1 1 1 1 1 1 1
instanceKlass kotlin/KotlinNullPointerException
ciInstanceKlass java/lang/NullPointerException 1 1 52 10 100 12 1 1 1 10 12 1 9 100 12 1 1 1 10 12 1 1 9 12 1 1 10 12 1 1 10 12 1 1 1 1 5 0 1 1 1 1 1 1 1 1 100 1 100 1 100 1 1 1
ciInstanceKlass java/lang/ArithmeticException 1 1 26 10 100 12 1 1 1 10 12 1 100 1 1 1 1 5 0 1 1 1 1 1 1 1 1 1
ciInstanceKlass java/lang/StringLatin1 1 1 395 7 1 10 100 12 1 1 1 10 12 1 1 10 7 12 1 1 1 10 7 12 1 1 1 10 12 1 10 7 12 1 1 1 10 12 1 1 10 7 12 1 1 1 10 7 12 1 1 1 10 12 1 1 10 12 1 1 10 10 12 1 10 12 1 10 9 7 12 1 1 1 10 12 1 1 10 100 12 1 1 1 10 12 10 12 1 1 10 12 1 1 10 12 1 10 12 1 1 10 12 1 1 10 12 1 10 7 12 1 1 1 10 12 1 10 12 1 1 9 12 1 1 100 1 10 10 12 1 1 10 7 12 1 1 1 10 12 1 10 12 1 100 1 100 1 8 1 10 12 1 8 1 10 12 1 1 100 1 10 10 12 10 7 12 1 1 1 8 1 8 1 8 1 10 12 1 1 10 100 12 1 1 10 12 1 10 12 1 1 10 12 1 1 10 12 1 1 10 12 1 10 12 10 12 10 12 1 10 12 10 10 12 1 10 12 1 10 12 1 10 100 12 1 1 1 10 100 12 1 1 1 10 12 1 1 10 12 1 1 10 10 7 12 1 1 1 1 1 1 1 1 1 1 1 1 1 1 1 1 1 1 1 1 1 1 1 1 1 1 1 1 1 1 1 1 1 1 1 1 1 1 1 1 1 1 1 1 1 1 1 1 1 1 1 1 100 1 1 1 1 1 1 1 1 1 1 1 1 1 1 1 1 1 1 1 1 1 1 1 1 1 1 1 1 1 1 1 1 1 1 1 1 1 1 1 1 1 1 100 1 1 1 1 1 1 1 1 1 1 1 1 1 1 1 1 1 1 1 1 1 1 1 100 1 1 1 1 1 1 1 1 1 1 1 1 1 1 1 1 1 1 1 1 1 1 1 1 1 1 100 1 1 1 1
staticfield java/lang/StringLatin1 $assertionsDisabled Z 1
ciInstanceKlass java/lang/Math 1 1 460 7 1 10 100 12 1 1 1 10 7 12 1 1 1 10 12 1 10 12 1 10 12 1 10 12 1 10 12 1 6 0 6 0 10 12 1 10 12 1 10 12 1 10 12 1 10 12 1 10 12 1 1 10 12 1 10 12 1 10 12 1 10 12 1 10 12 1 10 7 12 1 1 1 100 1 3 3 3 10 7 12 1 1 1 100 1 5 0 5 0 5 0 5 0 5 0 9 100 12 1 1 1 10 100 12 1 1 1 100 1 8 1 10 12 1 8 1 10 12 1 1 10 12 1 1 100 1 5 0 5 0 100 1 3 5 0 3 5 0 10 12 1 10 12 1 10 12 1 10 12 1 10 12 1 8 1 10 12 1 8 1 10 12 1 1 10 12 1 1 9 12 1 1 9 12 1 100 1 100 1 10 10 12 1 1 8 1 10 12 1 10 12 1 1 10 10 12 1 10 12 1 10 12 1 10 12 1 1 8 1 8 1 10 12 1 1 10 12 1 10 12 10 12 10 12 1 10 12 1 10 12 1 10 12 1 10 12 6 0 10 12 1 9 12 1 1 100 1 10 10 12 1 100 1 10 12 1 10 12 1 1 10 12 1 10 12 1 10 12 10 12 1 1 10 12 1 1 10 12 1 1 10 12 6 0 10 12 1 1 10 12 10 12 1 4 10 12 1 10 12 1 10 12 10 12 1 10 12 1 10 12 1 10 12 1 10 12 1 10 12 1 5 0 6 0 4 6 0 4 6 0 4 10 12 1 9 12 1 1 10 12 9 12 1 10 7 12 1 1 1 4 6 0 1 1 6 0 1 6 0 1 6 0 1 1 1 1 1 1 1 1 1 1 1 1 1 1 1 1 1 1 1 1 1 1 1 1 1 1 1 1 1 1 1 1 1 1 1 1 1 1 1 1 1 1 1 1 1 1 1 1 1 1 1 1 1 1 1 1 1 1 1 1 1 1 1 1 1 1 1 1 1 1 1 1 1 1 1 1 1 1 1 1 1 1 1 1 1 1 1 1 1 1 1 1 1 1 1 1
staticfield java/lang/Math negativeZeroFloatBits J -2147483648
staticfield java/lang/Math negativeZeroDoubleBits J -9223372036854775808
staticfield java/lang/Math $assertionsDisabled Z 1
ciInstanceKlass jdk/internal/util/Preconditions 1 1 194 10 100 12 1 1 1 11 100 12 1 1 1 11 100 12 1 1 1 100 1 100 1 10 7 12 1 1 1 10 12 1 8 1 100 1 10 100 12 1 1 1 10 12 1 1 8 1 8 1 10 100 12 1 1 7 1 10 12 1 8 1 10 100 12 1 1 1 8 1 10 12 1 1 10 12 1 1 11 12 1 8 1 8 1 11 12 1 1 8 1 8 1 8 1 10 12 1 1 10 12 1 1 10 12 1 10 12 1 10 12 1 10 12 7 1 10 10 12 1 1 9 12 1 1 7 1 10 9 12 1 7 1 10 9 12 1 1 1 1 1 1 1 1 1 1 1 1 1 1 1 1 1 1 1 1 1 1 1 1 1 1 1 1 1 1 1 1 1 1 1 1 1 1 1 1 1 1 1 1 1 1 1 1 1 1 1 1 1 1 1 1 1 1
staticfield jdk/internal/util/Preconditions SIOOBE_FORMATTER Ljava/util/function/BiFunction; jdk/internal/util/Preconditions$4
staticfield jdk/internal/util/Preconditions AIOOBE_FORMATTER Ljava/util/function/BiFunction; jdk/internal/util/Preconditions$4
staticfield jdk/internal/util/Preconditions IOOBE_FORMATTER Ljava/util/function/BiFunction; jdk/internal/util/Preconditions$4
ciInstanceKlass java/util/function/Function 1 1 77 10 100 12 1 1 1 18 12 1 1 18 18 12 1 11 100 12 1 100 1 1 1 1 1 1 1 1 1 1 1 1 1 1 1 1 1 1 1 1 1 1 1 1 1 1 1 1 1 1 1 1 1 1 16 15 11 12 15 11 12 15 11 12 15 10 100 12 1 1 1 1 100 1 100 1 1
ciInstanceKlass java/util/function/BiFunction 1 1 65 10 100 12 1 1 1 18 12 1 1 11 100 12 1 1 11 100 12 1 100 1 1 1 1 1 1 1 1 1 1 1 1 1 1 1 1 1 1 1 1 1 1 1 1 1 1 1 16 15 11 12 15 10 100 12 1 1 1 1 100 1 100 1 1
ciInstanceKlass jdk/internal/util/Preconditions$4 1 1 61 9 7 12 1 1 1 10 7 12 1 1 1 10 100 12 1 1 1 11 100 12 1 1 1 100 1 100 1 100 1 10 12 1 100 1 1 1 1 1 1 1 1 1 1 1 1 1 1 1 1 1 1 1 1 1 12 1 1 1 1
ciInstanceKlass java/lang/StringUTF16 1 1 635 100 1 7 1 10 100 12 1 1 1 10 7 12 1 1 1 100 1 10 3 100 1 100 1 10 8 1 10 12 1 1 10 12 1 8 1 10 12 1 1 10 12 1 9 12 1 1 10 12 1 1 100 1 8 1 10 12 1 9 12 1 1 9 12 1 10 10 12 1 1 10 12 1 1 10 100 12 1 1 1 10 12 1 10 12 1 1 10 12 1 1 10 12 1 1 10 12 1 1 10 12 1 10 12 1 1 10 12 1 1 10 12 1 1 10 12 1 1 10 12 1 1 10 12 1 10 7 12 1 1 1 10 12 1 1 10 7 12 1 1 1 10 12 1 1 10 12 1 10 12 1 1 10 12 1 1 10 12 1 1 10 12 1 10 12 1 100 1 10 12 1 10 10 12 1 10 12 1 1 10 12 1 10 7 12 1 1 1 10 12 1 1 10 12 10 12 1 1 10 12 1 10 12 1 1 10 12 1 10 12 1 10 12 1 10 12 1 7 1 10 12 1 1 10 12 1 3 10 12 1 1 10 12 1 10 12 1 10 12 1 10 12 1 10 12 1 10 12 1 1 9 12 1 10 12 1 10 12 10 12 1 1 10 12 1 10 12 1 10 12 1 10 10 12 10 12 10 10 12 1 1 10 12 1 10 12 1 10 12 1 100 1 8 1 8 1 10 12 1 1 100 1 10 10 100 12 1 1 1 10 100 12 1 1 8 1 8 1 8 1 10 12 1 1 10 12 1 1 10 12 10 100 12 1 1 10 12 1 1 10 12 1 1 10 12 1 10 12 10 12 10 12 1 10 12 10 12 1 10 12 1 10 12 1 10 12 1 10 100 12 1 1 1 10 100 12 1 1 1 10 12 1 1 10 12 1 1 11 100 12 1 1 10 12 1 10 12 1 10 12 1 1 9 12 1 1 9 12 1 5 0 5 0 10 12 1 10 12 10 12 10 7 12 1 1 1 10 12 1 1 1 1 1 1 1 1 1 1 1 1 1 1 1 1 1 1 1 1 1 1 1 1 1 1 1 1 1 100 1 1 1 1 1 1 1 1 1 1 1 1 1 1 1 1 1 1 1 1 1 1 1 1 1 1 1 1 1 1 1 1 1 1 1 1 1 1 1 1 1 1 1 1 1 1 1 1 1 1 1 1 1 1 1 1 1 1 1 1 1 1 1 1 1 1 1 1 1 1 1 1 1 1 1 1 1 1 1 1 1 1 1 1 1 1 1 1 1 1 100 1 1 1 1 1 1 1 1 1 1 1 1 1 1 1 1 1 100 1 1 1 1 1 1 1 1 1 1 1 1 1 1 1 1 1 1 1 1 1 1 1 1 1 1 1 1 1 1 1 1 1 1 1 1 1 1 1 1 1 1 1 1 1 1 1 1 1 1 1 1 1 1 1 1 1 1 1 100 1 100 1 1 1 1 1
staticfield java/lang/StringUTF16 HI_BYTE_SHIFT I 0
staticfield java/lang/StringUTF16 LO_BYTE_SHIFT I 8
staticfield java/lang/StringUTF16 $assertionsDisabled Z 1
instanceKlass org/jetbrains/kotlin/container/UnresolvedServiceException
instanceKlass java/nio/charset/UnsupportedCharsetException
instanceKlass java/nio/charset/IllegalCharsetNameException
instanceKlass java/nio/file/InvalidPathException
instanceKlass java/lang/NumberFormatException
ciInstanceKlass java/lang/IllegalArgumentException 1 1 35 10 7 12 1 1 1 10 12 1 10 12 1 10 12 1 100 1 1 1 1 5 0 1 1 1 1 1 1 1 1 1 1 1 1
ciInstanceKlass java/lang/AssertionError 0 0 79 10 100 12 1 1 1 10 12 1 10 100 12 1 1 1 10 100 1 100 1 10 12 1 1 10 12 1 10 12 1 10 12 1 10 12 1 10 12 1 10 12 1 10 12 1 1 1 1 5 0 1 1 1 1 1 1 1 1 1 1 100 1 1 1 1 1 1 1 1 1 1 1 1 1 1 1 1 1
ciInstanceKlass sun/nio/ch/Util$1 1 1 55 10 7 12 1 1 1 7 1 10 10 12 1 1 10 12 1 1 10 100 12 1 1 1 10 7 12 1 1 1 10 12 1 1 1 1 1 1 1 1 1 1 1 1 1 1 1 1 1 1 1 1 1 1 1
instanceKlass java/lang/ArrayIndexOutOfBoundsException
ciInstanceKlass java/lang/IndexOutOfBoundsException 0 0 49 10 100 12 1 1 1 10 12 1 100 1 10 8 1 10 12 1 1 10 12 1 10 12 1 1 10 12 1 100 1 1 1 1 5 0 1 1 1 1 1 1 1 1 1 1 1 1 1
instanceKlass org/jetbrains/kotlin/com/intellij/openapi/editor/impl/LockFreeCOWSortedArray
instanceKlass org/jetbrains/kotlin/com/intellij/util/containers/LockFreeCopyOnWriteArrayList
instanceKlass org/jetbrains/kotlin/com/intellij/openapi/util/UserDataHolderBase
ciInstanceKlass java/util/concurrent/atomic/AtomicReference 1 1 178 10 7 12 1 1 1 9 7 12 1 1 1 9 12 1 1 10 7 12 1 1 1 10 12 1 1 10 12 1 10 12 1 1 10 12 1 1 11 7 12 1 1 1 10 12 1 1 11 100 12 1 1 10 100 12 1 1 1 10 12 1 10 12 1 10 12 1 10 12 1 10 12 1 10 12 1 1 10 12 1 10 12 1 10 12 1 10 12 1 10 12 1 10 7 12 1 1 1 8 10 7 12 1 1 1 100 1 100 1 10 12 1 100 1 1 1 1 5 0 1 1 1 1 1 1 1 1 1 1 1 1 1 1 1 1 1 1 1 1 1 1 1 1 1 1 1 1 1 1 1 1 1 1 1 1 1 1 1 1 1 1 1 1 1 1 1 1 1 1 1 1 1 1 1 1 1 1
staticfield java/util/concurrent/atomic/AtomicReference VALUE Ljava/lang/invoke/VarHandle; java/lang/invoke/VarHandleReferences$FieldInstanceReadWrite
ciInstanceKlass java/util/function/IntFunction 1 0 14 100 1 100 1 1 1 1 1 1 1 1 1 1
instanceKlass org/jetbrains/kotlin/com/intellij/openapi/diagnostic/DefaultLogger
ciInstanceKlass org/jetbrains/kotlin/com/intellij/openapi/diagnostic/Logger 1 1 409 1 7 1 7 1 1 100 1 7 1 1 7 1 1 100 1 100 1 1 1 1 1 1 1 1 1 1 12 10 1 1 1 1 1 1 1 100 1 1 12 10 1 1 12 10 12 9 1 7 1 1 12 10 1 12 10 1 1 12 10 1 100 1 1 12 10 1 1 12 10 1 12 10 1 100 1 12 10 1 1 1 1 1 1 1 1 1 1 1 12 10 1 100 1 1 12 9 1 7 10 1 8 1 1 12 10 1 1 12 10 1 8 1 12 10 1 100 10 1 100 1 1 12 10 1 12 10 1 100 1 1 12 10 1 1 1 1 1 12 11 1 1 1 1 1 8 1 12 10 1 1 1 1 1 1 1 12 10 1 100 1 12 10 12 10 1 1 1 1 1 1 1 1 1 1 8 1 100 1 1 12 11 1 12 10 1 8 1 12 11 1 8 1 1 12 11 1 100 1 12 11 1 1 12 11 1 8 1 1 1 1 1 1 1 10 12 10 1 1 1 12 10 12 10 1 12 10 1 12 10 1 1 1 12 10 12 10 12 10 1 12 10 1 100 1 1 12 9 1 12 10 1 1 100 1 1 12 10 12 10 1 1 12 10 1 1 12 9 1 100 1 1 12 10 16 1 100 1 12 11 15 1 16 1 7 1 1 12 10 15 1 1 12 18 1 100 1 1 12 10 100 1 1 1 1 1 1 8 1 8 12 10 1 1 1 12 10 1 1 1 1 1 100 1 8 1 12 10 1 8 12 10 1 1 12 9 1 12 10 12 10 1 1 100 1 12 10 1 12 10 1 1 1 1 12 10 12 10 15 1 12 18 1 8 1 8 8 8 8 8 8 8 8 8 8 8 8 8 8 8 8 8 8 8 8 8 1 1 12 10 1 100 10 1 100 10 1 1 1 1 1 1 1 1 1 1 1 1
staticfield org/jetbrains/kotlin/com/intellij/openapi/diagnostic/Logger ATTACHMENT_TO_STRING Ljava/util/function/Function; org/jetbrains/kotlin/com/intellij/openapi/diagnostic/Logger$$Lambda+0x00000001000c2b98
instanceKlass org/jetbrains/kotlin/util/slicedMap/KeyWithSlice
instanceKlass org/jetbrains/kotlin/com/intellij/openapi/util/NotNullLazyKey
instanceKlass org/jetbrains/kotlin/com/intellij/openapi/util/KeyWithDefaultValue
ciInstanceKlass org/jetbrains/kotlin/com/intellij/openapi/util/Key 1 1 186 1 7 1 1 7 1 1 1 1 1 1 1 1 1 1 1 1 1 1 1 1 12 10 1 12 10 12 9 1 7 1 1 12 10 12 9 12 9 12 9 1 7 1 1 12 11 1 100 1 1 1 1 1 1 1 1 1 1 1 1 1 1 12 10 1 1 1 1 1 1 1 1 7 1 1 12 11 1 1 1 1 1 12 10 1 1 1 1 1 100 1 1 12 10 1 1 1 1 1 1 1 12 11 1 1 1 1 1 12 11 1 1 1 1 1 1 12 11 1 100 1 1 12 11 1 100 1 1 12 11 1 1 12 11 1 100 12 10 1 1 1 10 1 7 1 1 12 10 1 8 1 8 1 100 8 8 8 8 8 8 8 1 1 12 10 1 100 10 1 100 10 1 100 1 1 1 1 1 1 1 1 1 1 1 1
staticfield org/jetbrains/kotlin/com/intellij/openapi/util/Key ourKeysCounter Ljava/util/concurrent/atomic/AtomicInteger; java/util/concurrent/atomic/AtomicInteger
staticfield org/jetbrains/kotlin/com/intellij/openapi/util/Key allKeys Lorg/jetbrains/kotlin/com/intellij/util/containers/IntObjectMap; org/jetbrains/kotlin/com/intellij/util/containers/IntKeyWeakValueHashMap
ciInstanceKlass org/jetbrains/kotlin/it/unimi/dsi/fastutil/Function 1 1 41 1 100 1 1 100 1 100 1 1 1 1 1 1 12 11 1 1 1 1 1 1 1 1 1 1 1 1 1 1 100 1 12 10 1 1 1 1 1 1 1
ciInstanceKlass org/jetbrains/kotlin/it/unimi/dsi/fastutil/ints/Int2ObjectFunction 1 1 93 1 100 1 1 100 1 100 1 100 1 1 1 100 1 100 1 1 1 1 1 12 11 1 1 1 1 1 1 1 1 1 100 1 1 12 10 1 1 1 1 1 1 1 1 1 100 1 1 12 10 1 1 12 11 12 11 1 1 1 1 1 1 1 1 12 11 1 1 1 1 12 11 1 1 1 1 1 12 11 1 1 1 1 1 1 1 1 1 1 1 1 1
ciInstanceKlass org/jetbrains/kotlin/it/unimi/dsi/fastutil/ints/Int2ObjectMap 1 1 238 1 100 1 1 100 1 100 1 100 1 1 100 1 1 100 1 1 100 1 100 1 100 1 1 1 1 1 1 100 1 12 10 1 1 1 1 1 1 1 1 1 12 11 1 1 1 12 11 1 1 1 1 1 1 1 1 12 11 1 12 11 1 1 1 1 1 1 1 12 11 1 1 1 1 16 1 1 12 11 15 1 16 1 100 1 1 12 10 15 1 1 12 18 1 1 12 11 1 100 1 100 12 11 1 1 1 1 1 1 1 1 1 1 1 12 11 1 1 12 11 1 12 11 1 1 1 1 12 11 1 1 12 11 1 1 1 1 12 11 1 1 1 1 1 1 1 12 11 1 1 1 1 12 11 1 1 1 1 12 11 1 1 100 11 12 11 12 11 12 11 12 11 12 11 12 11 12 11 1 12 11 1 12 11 12 11 1 12 11 1 1 12 10 1 1 12 11 1 100 1 12 11 1 1 1 1 1 1 1 1 1 1 1 1 1 1 100 1 8 1 1 12 10 1 1 1 8 1 1 1 8 1 1 1 8 1 1
ciInstanceKlass org/jetbrains/kotlin/com/intellij/util/containers/IntKeyWeakValueHashMap$MyReference 1 1 74 1 7 1 1 7 1 1 100 1 1 100 1 1 1 1 1 1 1 1 12 10 1 12 10 12 9 1 1 1 1 1 1 1 1 1 1 1 1 1 12 10 1 1 1 1 1 8 1 100 8 8 8 1 100 1 1 12 10 1 100 1 12 10 1 1 1 1 1 1 1 1 1 1
ciInstanceKlass org/jetbrains/kotlin/it/unimi/dsi/fastutil/Hash 1 0 278 1 100 1 100 1 1 100 1 1 1 1 1 1 3 3 3 3 3 3 3 3 3 3 3 3 3 3 3 3 3 3 3 3 3 3 3 3 3 3 3 3 3 3 3 3 3 3 3 3 3 3 3 3 3 3 3 3 3 3 3 3 3 3 3 3 3 3 3 3 3 3 3 3 3 3 3 3 3 3 3 3 3 3 3 3 3 3 3 3 3 3 3 3 3 3 3 3 3 3 3 3 3 3 3 3 3 3 3 3 3 3 3 3 3 3 3 3 3 3 3 3 3 3 3 3 3 3 3 3 3 3 3 3 3 3 3 3 3 3 3 3 3 3 3 3 3 3 3 3 3 3 3 3 3 3 3 3 3 3 3 3 3 3 3 3 3 3 3 3 3 3 3 3 3 3 3 3 3 3 3 3 3 3 3 3 3 3 3 3 3 3 3 3 3 3 3 3 3 3 3 3 3 3 3 3 3 3 3 3 3 3 3 3 3 3 3 3 3 3 3 3 3 3 3 3 3 3 3 3 3 3 3 3 3 3 3 3 3 3 3 3 3 3 3 3 3 3 3 3 3 3 3 3 3 3 3 3 3 3 3 3 3 3 3 3 3 3 3 3 12 9 1 1 1 1 1 1
instanceKlass org/jetbrains/kotlin/it/unimi/dsi/fastutil/ints/AbstractInt2ObjectMap
ciInstanceKlass org/jetbrains/kotlin/it/unimi/dsi/fastutil/ints/AbstractInt2ObjectFunction 1 1 50 1 100 1 1 7 1 100 1 100 1 1 1 5 0 1 1 1 1 1 12 10 1 1 1 1 1 1 12 9 1 1 1 1 1 1 1 1 1 1 1 100 1 8 1 1 12 10 1 1
instanceKlass org/jetbrains/kotlin/it/unimi/dsi/fastutil/ints/Int2ObjectOpenHashMap
ciInstanceKlass org/jetbrains/kotlin/it/unimi/dsi/fastutil/ints/AbstractInt2ObjectMap 1 1 213 1 100 1 1 7 1 100 1 100 1 1 100 1 1 100 1 100 1 100 1 100 1 100 1 1 1 5 0 1 1 12 10 1 1 1 1 1 1 1 12 10 1 100 1 1 12 11 1 100 1 1 12 11 1 1 12 11 1 1 12 11 1 1 1 1 1 1 1 1 100 1 12 11 1 1 1 1 12 10 1 1 1 12 10 1 1 1 10 1 1 1 1 100 1 1 12 10 1 1 12 10 11 1 1 12 11 1 100 1 12 11 1 100 11 1 12 11 1 100 11 1 12 10 1 1 1 1 1 1 1 1 1 1 1 1 12 10 1 1 1 1 12 11 1 1 1 1 1 100 10 1 8 1 1 12 10 1 8 1 100 1 1 12 10 1 8 1 8 1 12 10 1 8 12 10 1 1 1 1 1 1 12 10 12 10 1 1 1 1 1 1 1 1 1 1 100 1 8 1 1 12 10 1 1 1 8 1 1 1 8 1 1
instanceKlass org/jetbrains/kotlin/com/intellij/psi/impl/source/CharTableImpl$StringHashToCharSequencesMap
ciInstanceKlass org/jetbrains/kotlin/it/unimi/dsi/fastutil/ints/Int2ObjectOpenHashMap 1 1 471 1 7 1 1 7 1 100 1 100 1 100 1 1 100 1 100 1 1 100 1 1 100 1 100 1 1 100 1 1 100 1 1 100 1 1 100 1 1 100 1 1 100 1 1 100 1 1 100 1 1 100 1 1 100 1 1 1 5 0 1 1 1 1 1 1 1 1 1 1 1 1 1 1 1 1 1 1 1 1 1 1 1 1 1 1 12 10 1 100 1 8 1 12 10 1 8 12 9 1 7 1 1 12 10 12 9 12 9 12 9 12 10 12 9 12 9 1 7 12 9 1 1 1 1 1 4 12 10 1 1 1 100 1 12 11 1 1 12 10 1 1 1 1 12 10 1 1 11 1 1 1 1 12 10 1 1 1 100 10 1 8 1 1 12 10 1 12 10 1 8 1 8 1 1 12 10 100 100 1 1 12 10 1 1 1 1 1 12 10 1 12 9 12 9 1 1 12 10 1 1 1 1 5 0 5 0 1 100 1 1 12 10 1 1 12 10 1 1 12 10 1 12 10 1 1 1 1 12 10 1 1 1 1 1 1 1 6 0 12 10 10 12 10 10 1 1 1 12 10 1 1 1 1 1 12 10 12 10 1 12 9 1 1 1 12 10 12 10 1 1 1 1 1 1 100 1 1 12 10 1 1 1 1 1 1 1 1 1 1 1 1 12 10 1 100 1 12 11 1 1 1 1 1 1 1 100 12 11 12 11 1 1 1 1 1 1 100 1 1 12 10 1 100 1 12 11 1 1 1 1 1 1 1 1 1 1 1 100 1 1 12 10 1 12 10 1 1 1 1 1 12 9 1 12 10 1 1 12 9 10 1 1 12 9 1 12 10 1 12 10 1 100 12 10 1 1 1 12 10 1 1 1 1 1 1 1 100 12 10 1 100 10 10 10 1 1 1 1 12 10 1 1 1 1 1 100 10 1 100 1 12 10 1 12 10 1 12 10 1 12 10 1 1 1 1 1 1 1 1 100 1 100 1 12 10 1 12 10 12 10 1 1 12 10 1 12 10 1 12 10 12 10 1 1 1 1 1 1 1 1 1 1 1 1 1 1 1 1 1 1
ciInstanceKlass org/jetbrains/kotlin/it/unimi/dsi/fastutil/HashCommon 1 1 101 1 7 1 100 1 1 1 3 1 1 1 1 5 0 1 1 1 1 100 1 12 10 1 1 1 1 1 100 1 1 12 10 1 1 1 1 1 1 1 1 1 7 1 1 12 10 1 1 12 10 1 1 5 0 12 10 1 1 12 10 5 0 1 100 1 100 1 1 12 10 1 8 1 1 12 10 1 12 10 1 8 1 12 10 1 8 1 1 12 10 1 12 10 1 1 1 1 1 1 1
ciInstanceKlass jdk/internal/jimage/ImageBufferCache$1 1 1 34 100 1 10 7 12 1 1 1 7 1 10 7 12 1 1 1 1 1 1 1 1 1 1 1 1 1 1 1 1 1 100 1 1
ciInstanceKlass org/jetbrains/kotlin/com/intellij/openapi/util/UserDataHolder 1 0 19 1 100 1 100 1 1 1 1 1 1 1 1 1 1 1 1 1 1
instanceKlass org/jetbrains/kotlin/com/intellij/openapi/progress/ProgressManager
ciInstanceKlass org/jetbrains/kotlin/com/intellij/openapi/progress/ProgressIndicatorProvider 1 1 46 1 100 1 7 1 1 1 12 10 1 1 1 1 1 7 1 12 10 1 1 1 1 100 1 1 1 1 12 9 12 10 1 100 1 1 12 10 1 1 1 1 1 1 1 1
instanceKlass org/jetbrains/kotlin/com/intellij/openapi/progress/impl/CoreProgressManager
ciInstanceKlass org/jetbrains/kotlin/com/intellij/openapi/progress/ProgressManager 1 1 281 1 7 1 7 1 1 100 1 100 1 1 100 1 100 1 1 100 1 1 100 1 1 100 1 100 1 1 1 1 1 12 10 1 1 1 1 12 9 1 7 1 1 12 10 1 7 1 1 12 11 1 1 12 10 1 1 1 1 1 1 1 1 100 1 1 1 1 100 10 16 1 1 12 10 15 1 100 1 1 12 10 15 1 1 12 18 12 10 1 1 12 10 1 1 1 1 1 1 1 1 1 1 1 1 8 1 12 10 1 1 1 12 10 12 10 1 100 1 12 11 1 12 11 1 1 12 11 1 100 1 1 1 1 1 1 1 100 1 1 1 1 1 1 1 1 1 1 1 1 1 1 12 10 1 12 10 1 1 1 1 1 1 1 1 12 10 1 12 10 1 1 1 1 100 1 100 10 1 100 1 1 12 11 1 100 1 100 10 1 1 12 10 1 8 1 12 10 1 1 12 10 12 10 1 12 11 1 1 1 1 1 1 1 1 1 1 1 100 1 1 100 1 12 11 1 1 12 10 1 1 7 1 12 10 1 8 1 8 1 100 1 100 8 8 8 8 8 8 8 8 8 8 8 8 8 8 1 1 12 10 1 100 10 1 100 1 1 1 1 1 1 1 1 1 1 1 1 1 1 1
ciInstanceKlass org/jetbrains/kotlin/com/intellij/openapi/progress/impl/CoreProgressManager 1 1 1153 1 7 1 7 1 100 1 1 100 1 1 100 1 1 7 1 1 100 1 100 1 100 1 100 1 100 1 1 100 1 100 1 1 100 1 1 100 1 7 1 1 100 1 100 1 1 100 1 100 1 1 1 1 1 1 1 1 1 1 1 1 1 1 1 1 1 1 1 1 1 1 1 1 1 1 1 1 1 1 1 1 1 1 1 1 1 1 1 1 1 1 1 12 10 1 7 1 12 10 12 9 1 7 1 1 12 10 12 9 12 9 12 9 8 1 7 1 1 12 10 12 9 1 1 1 12 9 1 100 1 1 12 10 16 1 12 10 15 1 7 1 1 12 10 15 1 1 12 18 5 0 1 7 1 1 12 9 1 100 1 1 12 11 1 1 100 1 1 12 11 1 12 9 12 10 1 7 1 7 1 1 1 1 12 9 1 12 11 1 1 1 1 1 100 1 12 10 1 7 1 12 10 12 9 1 12 9 1 12 9 1 1 12 10 1 7 1 12 11 12 10 1 1 1 1 1 1 12 10 1 1 12 11 1 16 1 12 10 15 16 1 1 12 18 1 1 12 10 1 1 1 12 10 1 1 12 10 1 1 12 10 15 1 12 18 1 12 10 1 1 1 12 11 1 100 1 12 11 1 1 12 11 1 100 1 1 12 11 1 1 12 10 12 9 1 8 1 7 1 1 12 10 1 100 10 1 1 12 10 1 100 1 1 12 10 1 100 10 1 8 1 1 12 10 1 12 10 1 1 12 10 1 1 1 1 1 1 1 1 1 16 1 1 12 10 15 1 1 12 18 1 1 12 10 1 1 1 100 1 7 12 11 12 9 1 7 1 1 12 9 1 7 1 1 12 10 1 7 1 1 12 9 1 1 12 10 1 12 10 1 100 1 8 1 12 10 1 1 1 1 1 1 1 1 12 10 1 1 1 1 1 1 1 1 100 10 1 12 10 1 12 10 12 10 1 100 1 1 12 10 1 1 1 1 1 1 1 1 1 1 12 10 1 1 1 1 1 1 1 12 10 1 12 10 1 1 1 1 1 1 8 1 100 1 1 12 10 1 1 12 10 12 10 1 100 1 12 10 1 100 10 1 100 1 1 12 10 1 1 12 10 1 12 10 1 1 12 10 1 1 12 10 1 12 10 1 12 10 1 1 12 10 1 1 1 1 100 1 1 12 10 1 100 1 12 11 1 12 10 15 1 12 18 1 1 12 11 1 1 12 10 1 100 1 1 12 11 1 12 10 1 1 1 1 1 1 7 12 10 1 100 1 1 12 11 12 11 1 12 10 1 100 1 1 12 10 1 100 1 1 12 10 1 1 12 10 1 1 1 1 1 1 100 10 16 1 1 12 10 15 1 16 1 1 12 18 1 12 10 1 1 12 9 1 1 12 10 1 1 12 10 1 1 12 10 1 16 1 1 12 10 15 1 16 1 1 12 18 1 100 1 1 12 10 1 1 12 10 1 1 1 1 1 1 1 100 10 1 1 12 10 15 1 12 18 1 100 1 1 12 10 1 12 10 1 12 10 1 1 12 10 1 1 12 10 1 12 10 1 100 1 12 11 1 1 12 10 1 12 11 1 1 12 10 15 1 12 18 1 100 1 1 12 10 1 1 1 1 1 1 1 1 12 10 15 1 12 18 12 10 1 12 11 1 1 12 10 15 1 12 18 1 1 1 1 1 12 10 1 12 10 1 12 10 1 12 10 1 1 1 1 12 10 1 12 10 15 18 1 1 1 12 11 1 1 1 12 10 1 1 12 10 1 1 12 10 1 1 12 10 1 12 10 1 100 1 1 1 1 1 7 10 1 1 12 10 15 16 1 12 18 1 1 12 11 1 7 1 12 11 1 7 11 1 7 12 9 1 16 1 1 12 10 15 16 1 12 18 1 12 11 12 10 1 7 1 12 11 1 1 12 10 1 12 11 1 12 11 12 11 11 12 11 1 12 10 15 18 1 1 1 1 1 1 1 1 1 1 1 12 9 1 12 10 1 1 1 1 1 12 10 12 9 1 12 9 1 1 11 1 12 11 1 1 10 1 1 1 12 10 1 7 1 12 10 12 9 1 12 10 1 12 9 100 1 1 12 11 1 12 10 1 12 10 1 1 1 12 11 12 9 1 7 1 12 11 12 9 1 1 12 11 1 12 11 12 11 1 1 1 7 10 12 10 12 10 10 10 1 100 10 12 10 12 10 10 1 12 9 10 1 1 12 10 15 1 12 18 1 12 10 1 1 1 1 1 12 10 1 12 10 1 12 10 1 12 10 1 10 1 100 1 12 11 1 8 1 12 10 1 12 11 12 11 12 10 1 12 11 1 12 11 1 11 12 10 1 1 1 12 10 1 8 1 8 1 1 12 10 1 7 1 12 10 1 7 10 1 1 12 10 1 7 10 10 1 12 9 5 0 1 1 12 10 12 9 1 8 1 8 1 100 8 8 8 8 8 8 8 8 8 8 8 8 8 8 8 1 8 8 8 1 8 8 8 8 8 8 8 8 8 8 8 8 8 8 8 8 8 8 1 8 8 8 1 8 1 1 12 10 1 100 12 10 1 100 10 1 1 1 1 1 1 1 1 1 1 1 1 1 1 1
staticfield org/jetbrains/kotlin/com/intellij/openapi/progress/impl/CoreProgressManager LOG Lorg/jetbrains/kotlin/com/intellij/openapi/diagnostic/Logger; org/jetbrains/kotlin/com/intellij/openapi/diagnostic/DefaultLogger
staticfield org/jetbrains/kotlin/com/intellij/openapi/progress/impl/CoreProgressManager ENABLED Z 1
staticfield org/jetbrains/kotlin/com/intellij/openapi/progress/impl/CoreProgressManager threadsUnderIndicator Ljava/util/Map; java/util/HashMap
staticfield org/jetbrains/kotlin/com/intellij/openapi/progress/impl/CoreProgressManager currentIndicators Lorg/jetbrains/kotlin/com/intellij/util/containers/ConcurrentLongObjectMap; org/jetbrains/kotlin/com/intellij/util/containers/ConcurrentLongObjectHashMap
staticfield org/jetbrains/kotlin/com/intellij/openapi/progress/impl/CoreProgressManager threadTopLevelIndicators Lorg/jetbrains/kotlin/com/intellij/util/containers/ConcurrentLongObjectMap; org/jetbrains/kotlin/com/intellij/util/containers/ConcurrentLongObjectHashMap
staticfield org/jetbrains/kotlin/com/intellij/openapi/progress/impl/CoreProgressManager threadsUnderCanceledIndicator Ljava/util/Set; java/util/HashSet
staticfield org/jetbrains/kotlin/com/intellij/openapi/progress/impl/CoreProgressManager nonStandardIndicators Ljava/util/Map; java/util/concurrent/ConcurrentHashMap
staticfield org/jetbrains/kotlin/com/intellij/openapi/progress/impl/CoreProgressManager isInNonCancelableSection Ljava/lang/ThreadLocal; java/lang/ThreadLocal
staticfield org/jetbrains/kotlin/com/intellij/openapi/progress/impl/CoreProgressManager MAX_PRIORITIZATION_NANOS J 12000000000
staticfield org/jetbrains/kotlin/com/intellij/openapi/progress/impl/CoreProgressManager EMPTY_THREAD_ARRAY [Ljava/lang/Thread; 0 [Ljava/lang/Thread;
ciInstanceKlass org/jetbrains/kotlin/com/intellij/openapi/util/ModificationTracker 1 1 49 1 7 1 100 1 1 1 7 1 100 1 100 1 1 1 1 1 1 1 1 1 1 12 10 12 9 16 12 11 15 1 7 1 1 12 10 15 1 12 18 12 9 1 1 1 1 1 1
staticfield org/jetbrains/kotlin/com/intellij/openapi/util/ModificationTracker EVER_CHANGED Lorg/jetbrains/kotlin/com/intellij/openapi/util/ModificationTracker; org/jetbrains/kotlin/com/intellij/openapi/util/ModificationTracker$1
staticfield org/jetbrains/kotlin/com/intellij/openapi/util/ModificationTracker NEVER_CHANGED Lorg/jetbrains/kotlin/com/intellij/openapi/util/ModificationTracker; org/jetbrains/kotlin/com/intellij/openapi/util/ModificationTracker$$Lambda+0x000000010021fb80
instanceKlass org/jetbrains/kotlin/com/intellij/openapi/util/ClassExtension
instanceKlass org/jetbrains/kotlin/com/intellij/openapi/fileTypes/FileTypeExtension
instanceKlass org/jetbrains/kotlin/com/intellij/lang/LanguageExtension
ciInstanceKlass org/jetbrains/kotlin/com/intellij/openapi/util/KeyedExtensionCollector 1 1 503 1 7 1 1 7 1 100 1 1 100 1 7 1 1 100 1 7 1 1 100 1 100 1 1 100 1 100 1 1 1 1 1 1 1 1 1 1 1 1 1 1 1 1 1 1 1 1 1 1 1 12 10 1 7 1 1 12 10 1 12 10 1 1 1 1 1 1 1 12 10 1 7 1 1 12 10 12 9 1 7 10 12 9 1 7 10 12 9 1 7 10 12 9 12 9 1 7 10 1 8 1 1 12 10 1 12 10 12 9 1 1 7 1 12 11 1 12 10 1 1 1 1 1 12 10 1 12 10 1 7 1 12 11 1 1 1 1 1 1 12 11 1 1 1 1 1 1 12 10 1 7 10 1 100 16 1 1 12 10 15 16 1 7 1 1 12 10 15 1 1 12 18 1 1 12 11 1 7 1 1 12 11 12 10 1 100 1 1 1 1 1 1 1 1 1 1 12 10 16 1 12 10 15 1 1 12 18 1 7 1 1 12 10 1 1 1 1 12 11 12 11 1 1 12 11 11 1 10 1 1 1 11 1 1 12 10 1 7 1 1 12 10 1 7 1 1 12 10 1 1 1 12 10 1 12 11 1 1 1 12 10 1 7 1 12 10 16 1 1 12 10 15 1 16 1 1 12 18 1 1 12 10 1 12 10 1 1 1 1 1 1 12 10 1 12 10 12 10 1 12 11 1 1 1 100 1 100 1 100 1 100 1 100 1 1 12 11 1 7 1 12 11 1 1 12 11 1 100 12 11 1 12 11 12 9 1 7 1 1 12 10 1 7 10 1 1 1 1 1 1 1 1 1 1 1 1 1 1 1 1 100 1 12 10 1 100 1 12 11 15 1 16 1 12 18 1 1 12 10 1 1 12 10 15 18 1 1 1 1 1 1 12 11 11 1 12 11 1 12 11 1 1 12 11 1 1 1 1 1 1 1 7 1 1 12 10 1 7 1 1 12 11 1 11 1 1 12 11 1 1 12 10 1 12 11 1 12 10 12 10 1 1 1 1 1 1 1 1 12 10 1 8 1 8 1 100 8 8 8 8 8 8 8 8 8 8 8 8 8 8 8 8 8 8 8 8 8 8 1 1 12 10 1 100 10 1 100 10 1 100 1 1 1 1 1 1 1 1 1 1 1 1
staticfield org/jetbrains/kotlin/com/intellij/openapi/util/KeyedExtensionCollector LOG Lorg/jetbrains/kotlin/com/intellij/openapi/diagnostic/Logger; org/jetbrains/kotlin/com/intellij/openapi/diagnostic/DefaultLogger
instanceKlass org/jetbrains/kotlin/com/intellij/psi/LanguageFileViewProviders
instanceKlass org/jetbrains/kotlin/com/intellij/psi/LanguageSubstitutors
instanceKlass org/jetbrains/kotlin/com/intellij/lang/folding/LanguageFolding
instanceKlass org/jetbrains/kotlin/com/intellij/psi/impl/LanguageConstantExpressionEvaluator
instanceKlass org/jetbrains/kotlin/com/intellij/lang/LanguageASTFactory
instanceKlass org/jetbrains/kotlin/com/intellij/lang/LanguageParserDefinitions
ciInstanceKlass org/jetbrains/kotlin/com/intellij/lang/LanguageExtension 1 1 318 1 7 1 1 7 1 1 1 1 1 1 1 1 1 1 1 1 1 1 1 12 10 1 7 1 1 12 10 1 12 10 1 1 1 1 1 1 1 1 1 1 1 1 1 1 12 10 12 9 1 7 1 12 10 1 8 1 1 12 10 1 12 10 1 7 1 1 12 10 12 9 1 8 12 9 1 1 1 7 1 12 10 1 100 1 1 1 1 1 1 12 10 12 10 1 1 7 1 1 12 10 1 7 1 1 12 11 1 7 1 1 12 11 1 1 12 11 1 12 10 1 1 12 10 1 7 11 1 7 1 1 12 10 1 1 1 1 1 1 1 1 1 1 1 1 1 1 1 12 10 1 12 10 1 1 12 10 1 1 1 1 1 12 10 1 12 10 1 100 1 1 12 10 1 1 1 1 1 12 10 1 7 1 12 11 1 1 12 11 1 1 12 10 1 1 1 1 1 1 1 12 10 1 100 1 100 1 1 12 10 1 12 10 1 1 12 11 1 1 1 1 1 1 11 1 12 10 1 100 10 1 1 12 11 12 10 1 12 10 1 1 1 1 12 10 1 12 9 1 1 1 1 12 10 1 1 12 10 1 1 1 12 10 12 10 1 12 10 12 10 1 8 1 8 1 100 8 8 8 8 8 8 8 8 8 8 8 8 8 8 8 8 8 8 8 1 1 12 10 1 100 10 1 100 10 1 100 1 1 1 1 1 1 1 1 1 1
ciInstanceKlass org/jetbrains/kotlin/com/intellij/lang/LanguageParserDefinitions 1 1 27 1 7 1 1 7 1 1 1 1 1 1 8 1 12 10 1 1 12 10 12 9 1 1 1 1 1
staticfield org/jetbrains/kotlin/com/intellij/lang/LanguageParserDefinitions INSTANCE Lorg/jetbrains/kotlin/com/intellij/lang/LanguageParserDefinitions; org/jetbrains/kotlin/com/intellij/lang/LanguageParserDefinitions
ciInstanceKlass org/jetbrains/kotlin/com/intellij/openapi/util/UserDataHolderEx 1 0 21 1 100 1 100 1 100 1 1 1 1 1 1 1 1 1 1 1 1 1 1
instanceKlass org/jetbrains/kotlin/com/intellij/psi/AbstractFileViewProvider
instanceKlass org/jetbrains/kotlin/com/intellij/psi/PsiManager
instanceKlass org/jetbrains/kotlin/com/intellij/psi/impl/ElementBase
instanceKlass org/jetbrains/kotlin/com/intellij/openapi/editor/impl/DocumentImpl
instanceKlass org/jetbrains/kotlin/com/intellij/openapi/vfs/VirtualFile
instanceKlass org/jetbrains/kotlin/com/intellij/lang/Language
instanceKlass org/jetbrains/kotlin/com/intellij/mock/MockComponentManager
ciInstanceKlass org/jetbrains/kotlin/com/intellij/openapi/util/UserDataHolderBase 1 1 209 1 7 1 1 7 1 100 1 1 1 1 1 1 1 12 10 1 7 1 1 12 9 1 1 12 10 1 1 1 1 1 100 1 100 12 10 1 1 12 10 1 1 12 10 1 100 1 12 10 1 1 1 1 1 1 1 12 10 12 9 1 1 12 10 1 100 10 1 1 12 10 1 8 1 12 10 1 100 1 12 10 10 1 1 1 1 1 1 12 10 1 1 1 12 11 1 7 1 12 10 1 1 12 10 1 1 1 1 1 12 10 1 1 1 1 1 1 12 11 1 1 12 11 1 1 12 10 1 1 1 1 1 12 10 1 1 1 7 1 1 1 12 11 1 1 1 1 1 1 1 12 10 1 1 1 8 1 1 12 10 1 8 1 8 1 100 8 8 8 8 8 8 8 8 8 8 8 8 8 8 8 8 8 8 8 1 1 12 10 1 100 1 12 10 1 100 10 1 1 1 1 1 1 1 1 1 1 1
staticfield org/jetbrains/kotlin/com/intellij/openapi/util/UserDataHolderBase COPYABLE_USER_MAP_KEY Lorg/jetbrains/kotlin/com/intellij/openapi/util/Key; org/jetbrains/kotlin/com/intellij/openapi/util/Key
instanceKlass org/jetbrains/kotlin/idea/KotlinLanguage
instanceKlass org/jetbrains/kotlin/com/intellij/lang/Language$1
instanceKlass org/jetbrains/kotlin/com/intellij/lang/MetaLanguage
instanceKlass org/jetbrains/kotlin/com/intellij/lang/java/JavaLanguage
instanceKlass org/jetbrains/kotlin/com/intellij/openapi/fileTypes/PlainTextLanguage
ciInstanceKlass org/jetbrains/kotlin/com/intellij/lang/Language 1 1 407 1 7 1 7 1 1 7 1 100 1 100 1 1 1 1 1 1 1 1 1 1 1 1 1 1 1 1 1 1 1 1 1 1 1 1 1 12 10 1 7 1 12 9 1 12 10 1 1 1 12 10 1 1 1 12 10 1 7 1 1 12 10 12 9 1 100 1 100 1 100 10 1 8 1 1 12 10 1 8 1 1 12 10 1 8 1 12 10 1 7 1 12 10 1 100 100 12 9 12 9 12 9 1 1 12 10 12 9 1 7 1 1 12 11 1 8 1 12 10 1 8 12 9 1 8 1 7 1 1 12 10 12 9 1 7 1 1 12 11 1 7 1 1 12 10 1 7 1 1 12 10 1 1 12 11 1 1 1 1 1 1 1 1 1 1 1 12 11 1 100 1 12 10 1 100 1 1 12 10 1 100 1 1 1 1 1 1 1 1 12 11 1 1 12 11 1 100 1 1 12 11 1 1 12 11 1 100 1 1 12 10 11 1 1 12 10 1 100 1 12 10 1 1 1 1 1 12 10 1 100 1 1 12 10 1 100 1 100 1 1 12 11 1 12 10 1 12 11 1 1 12 10 11 1 1 12 10 1 12 10 1 1 1 12 11 1 1 1 1 1 1 1 1 1 1 1 12 10 1 1 8 1 1 1 100 1 1 12 10 1 1 12 10 1 1 1 100 1 100 1 12 10 1 12 10 1 1 12 10 1 1 1 1 1 1 1 1 1 12 10 1 1 3 12 10 1 1 12 10 1 1 1 1 1 1 1 12 10 1 100 1 8 1 8 1 8 12 10 1 1 1 1 7 10 1 8 10 12 9 1 8 1 8 1 100 8 8 8 8 8 8 8 8 8 8 8 8 8 8 8 8 8 8 8 8 8 1 1 12 10 1 100 10 1 100 1 1 1 1 1 1 1 1 1 1 1
staticfield org/jetbrains/kotlin/com/intellij/lang/Language ourRegisteredLanguages Ljava/util/Map; java/util/concurrent/ConcurrentHashMap
staticfield org/jetbrains/kotlin/com/intellij/lang/Language ourRegisteredMimeTypes Ljava/util/concurrent/ConcurrentMap; java/util/concurrent/ConcurrentHashMap
staticfield org/jetbrains/kotlin/com/intellij/lang/Language ourRegisteredIDs Ljava/util/Map; java/util/concurrent/ConcurrentHashMap
staticfield org/jetbrains/kotlin/com/intellij/lang/Language ANY Lorg/jetbrains/kotlin/com/intellij/lang/Language; org/jetbrains/kotlin/com/intellij/lang/Language$1
ciInstanceKlass org/jetbrains/kotlin/com/intellij/lang/LanguageASTFactory 1 1 37 1 7 1 1 7 1 1 7 1 100 1 1 1 1 1 1 8 1 1 12 9 1 12 10 1 1 12 10 12 9 1 1 1 1 1 1
staticfield org/jetbrains/kotlin/com/intellij/lang/LanguageASTFactory INSTANCE Lorg/jetbrains/kotlin/com/intellij/lang/LanguageASTFactory; org/jetbrains/kotlin/com/intellij/lang/LanguageASTFactory
ciInstanceKlass org/jetbrains/kotlin/com/intellij/lang/ParserDefinition 1 1 104 1 100 1 100 1 1 100 1 1 100 1 100 1 1 1 1 1 1 1 1 1 1 1 100 1 1 12 9 1 1 12 11 1 1 1 1 1 1 1 1 1 1 1 12 11 1 1 1 1 1 1 12 9 1 1 1 1 1 100 1 1 1 1 8 1 8 1 100 1 100 8 8 8 8 8 8 8 1 1 12 10 1 100 1 1 12 10 1 100 10 1 100 1 1 1 1 1 1 1 1 1 1 1
ciInstanceKlass org/jetbrains/kotlin/com/intellij/util/keyFMap/KeyFMap 1 1 55 1 7 1 100 1 1 1 1 1 1 1 1 1 100 1 100 1 1 1 1 1 1 1 1 1 1 1 1 1 1 1 1 1 1 1 1 1 1 1 7 1 1 12 10 12 9 1 1 1 1 1 1 1 1
staticfield org/jetbrains/kotlin/com/intellij/util/keyFMap/KeyFMap EMPTY_MAP Lorg/jetbrains/kotlin/com/intellij/util/keyFMap/KeyFMap; org/jetbrains/kotlin/com/intellij/util/keyFMap/EmptyFMap
ciInstanceKlass org/jetbrains/kotlin/com/intellij/util/keyFMap/EmptyFMap 1 1 120 1 7 1 7 1 100 1 1 1 1 1 12 10 1 1 1 1 1 1 1 1 12 10 1 7 1 7 1 12 10 1 1 1 1 1 1 1 1 1 1 1 1 1 1 1 1 1 12 9 100 1 1 1 8 1 1 1 1 1 1 7 1 1 12 9 1 100 1 1 12 10 1 12 10 10 1 1 8 1 8 1 100 1 100 8 8 8 1 8 8 8 8 8 1 8 1 1 12 10 1 100 1 12 10 1 100 10 1 100 1 1 1 1 1 1 1 1 1 1
staticfield org/jetbrains/kotlin/com/intellij/util/keyFMap/EmptyFMap EMPTY_KEYS_ARRAY [Lorg/jetbrains/kotlin/com/intellij/openapi/util/Key; 0 [Lorg/jetbrains/kotlin/com/intellij/openapi/util/Key;
ciInstanceKlass org/jetbrains/kotlin/com/intellij/util/ArrayFactory 1 0 16 1 100 1 1 100 1 1 1 1 1 1 1 1 1 1
instanceKlass org/jetbrains/kotlin/com/intellij/psi/impl/source/tree/LazyParseablePsiElement
instanceKlass org/jetbrains/kotlin/com/intellij/psi/impl/source/tree/FileElement
ciInstanceKlass org/jetbrains/kotlin/com/intellij/psi/impl/source/tree/LazyParseableElement 1 1 422 1 7 1 7 1 1 100 1 100 1 1 1 1 1 1 1 1 1 1 1 1 1 1 1 1 1 1 1 12 10 1 12 10 1 7 1 12 10 12 9 1 1 12 10 12 9 12 9 12 9 1 7 1 7 1 1 12 10 1 16 1 12 10 15 1 16 1 7 1 1 12 10 15 1 1 12 18 1 1 12 11 1 12 10 1 12 10 1 7 1 1 1 1 1 1 1 1 12 10 1 7 12 11 1 1 12 10 1 12 11 1 100 12 10 1 7 1 12 10 1 1 1 1 12 10 1 12 10 1 100 1 1 12 10 1 1 1 1 12 10 12 10 1 1 1 1 1 1 1 12 10 12 9 1 8 1 7 1 1 12 10 12 10 1 1 1 12 10 1 12 9 1 8 12 9 1 100 10 1 7 1 1 12 10 1 100 10 1 8 1 1 12 10 1 12 10 10 1 7 1 12 10 1 1 12 10 1 8 1 8 16 1 1 12 10 15 1 1 12 18 1 7 1 1 12 10 1 1 1 1 1 7 10 1 12 10 1 8 1 1 12 10 1 100 1 1 12 10 1 8 1 100 1 1 12 10 1 100 1 1 12 10 1 100 1 8 1 12 10 1 12 10 1 1 7 1 1 12 10 1 12 10 15 1 12 18 1 1 12 10 1 1 1 8 12 10 1 1 12 10 12 10 1 12 10 1 1 1 100 1 7 1 12 10 1 1 1 1 1 100 5 0 1 7 1 1 12 9 1 1 12 10 1 12 10 1 1 10 10 1 1 12 10 1 8 1 12 10 1 1 1 1 100 1 7 1 1 12 11 12 10 12 10 1 1 1 7 1 12 10 1 12 10 12 10 15 1 12 18 1 8 1 8 1 100 8 8 8 8 8 8 8 8 8 8 8 8 8 1 1 12 10 1 100 12 10 1 100 10 1 1 1 1 1 1 1 1 1 1 1 1
staticfield org/jetbrains/kotlin/com/intellij/psi/impl/source/tree/LazyParseableElement LOG Lorg/jetbrains/kotlin/com/intellij/openapi/diagnostic/Logger; org/jetbrains/kotlin/com/intellij/openapi/diagnostic/DefaultLogger
staticfield org/jetbrains/kotlin/com/intellij/psi/impl/source/tree/LazyParseableElement NO_TEXT Ljava/util/function/Supplier; org/jetbrains/kotlin/com/intellij/psi/impl/source/tree/LazyParseableElement$$Lambda+0x00000001005399e0
staticfield org/jetbrains/kotlin/com/intellij/psi/impl/source/tree/LazyParseableElement $assertionsDisabled Z 1
instanceKlass org/jetbrains/kotlin/com/intellij/psi/impl/source/tree/LeafElement
instanceKlass org/jetbrains/kotlin/com/intellij/psi/impl/source/tree/CompositeElement
ciInstanceKlass org/jetbrains/kotlin/com/intellij/psi/impl/source/tree/TreeElement 1 1 485 1 7 1 7 1 100 1 100 1 100 1 1 1 1 1 1 1 1 1 1 1 1 1 1 1 1 1 1 1 12 10 1 12 10 12 9 12 9 1 1 1 1 1 7 1 1 12 10 1 7 1 1 12 10 1 100 1 1 1 1 1 12 10 12 9 12 9 12 9 1 1 1 1 12 10 1 100 1 12 10 1 1 1 1 1 7 1 1 12 10 1 100 1 1 12 10 1 1 12 10 12 10 1 7 10 1 1 1 1 1 1 1 1 1 1 1 1 1 1 1 1 12 10 1 100 1 12 10 1 12 10 1 1 12 10 1 1 1 7 1 12 9 1 12 10 1 12 10 1 12 10 1 1 1 1 1 1 1 1 12 10 1 1 1 1 1 1 100 1 12 11 12 10 1 1 1 100 11 1 1 12 11 12 10 1 1 1 1 100 10 1 8 1 1 12 10 1 1 12 10 1 12 10 1 8 12 10 1 1 12 10 1 12 10 10 1 7 1 12 9 1 1 12 10 1 1 1 1 1 12 10 1 1 1 1 1 1 1 1 1 1 12 10 1 1 12 10 1 12 10 12 10 1 12 10 1 1 1 1 1 12 10 1 12 10 12 9 1 100 1 8 1 12 10 12 10 12 10 12 10 1 12 10 1 12 10 1 1 1 1 1 12 10 1 1 12 10 1 12 10 1 1 12 10 1 12 10 1 12 10 1 1 8 1 8 1 8 1 1 1 100 1 7 1 1 12 10 1 7 1 1 12 11 1 100 1 1 12 10 1 100 1 1 12 11 1 100 1 1 12 11 1 100 11 1 1 1 1 1 1 12 10 12 10 12 10 1 1 7 1 12 10 12 9 1 8 1 8 1 100 1 100 1 100 8 8 8 8 8 8 8 8 8 8 8 8 8 8 8 8 8 1 1 12 10 1 100 1 12 10 1 100 10 1 100 1 1 1 1 1 1 1 1 1 100 1 8 1 1 12 10 1 1 1 8 1 1 1 8 1 1 1 8 1 1 1 8 1 1 1 8 1 1 1 8 1 1 8 1 1 1 8 1 1 8 1 1 8 1 1 1 8 1 1 1 8 1 1 8 1 1 1 8 1
staticfield org/jetbrains/kotlin/com/intellij/psi/impl/source/tree/TreeElement EMPTY_ARRAY [Lorg/jetbrains/kotlin/com/intellij/psi/impl/source/tree/TreeElement; 0 [Lorg/jetbrains/kotlin/com/intellij/psi/impl/source/tree/TreeElement;
staticfield org/jetbrains/kotlin/com/intellij/psi/impl/source/tree/TreeElement $assertionsDisabled Z 1
instanceKlass org/jetbrains/kotlin/com/intellij/psi/impl/source/tree/CompositePsiElement
instanceKlass org/jetbrains/kotlin/com/intellij/psi/impl/source/tree/LazyParseableElement
ciInstanceKlass org/jetbrains/kotlin/com/intellij/psi/impl/source/tree/CompositeElement 1 1 1019 1 7 1 7 1 1 100 1 100 1 100 1 1 100 1 100 1 1 1 1 1 1 1 1 1 1 1 1 1 1 1 1 1 1 1 1 1 12 10 12 10 12 9 12 9 1 1 1 1 1 1 1 12 10 12 9 12 9 12 9 1 1 12 10 1 7 11 1 1 12 10 1 1 12 11 1 1 12 10 1 1 1 1 7 1 100 12 10 1 100 11 1 1 12 10 1 12 10 1 1 1 12 10 1 100 1 1 12 10 1 100 1 1 12 11 1 1 12 10 12 9 1 100 12 10 1 8 1 1 12 10 1 1 12 10 1 1 12 10 1 7 1 1 12 10 1 1 1 1 1 1 8 1 12 10 1 8 1 1 12 11 1 8 1 12 11 1 12 10 1 8 1 1 100 1 100 1 1 1 7 1 1 12 10 1 1 1 1 10 1 1 12 10 1 12 10 1 12 10 1 100 1 100 12 10 1 12 10 1 1 1 1 1 1 1 1 1 1 12 10 1 1 12 11 1 1 1 12 10 1 1 1 7 1 12 9 1 12 10 10 1 7 1 1 12 11 1 1 100 1 1 12 10 1 1 7 1 1 12 10 1 1 12 10 1 1 1 7 1 1 12 10 1 12 10 1 1 12 10 1 100 10 1 7 1 1 12 10 1 8 1 12 10 1 8 1 8 1 8 1 100 1 12 10 1 100 1 8 1 8 1 100 1 1 12 10 1 12 10 1 1 12 10 1 100 1 12 10 1 1 1 1 1 1 1 1 1 1 100 1 8 1 8 1 100 1 1 12 10 1 8 1 8 1 8 1 1 12 10 1 8 1 1 12 10 12 10 1 8 10 1 8 10 1 8 1 8 1 1 12 11 1 100 1 8 10 10 1 12 11 1 8 1 12 11 1 8 1 8 11 1 8 11 1 8 1 8 1 100 1 1 12 11 1 1 12 10 1 100 1 12 10 1 1 12 11 1 8 1 8 1 1 1 1 1 1 1 1 1 1 12 11 1 1 1 12 10 12 10 1 1 1 1 1 1 1 12 10 1 100 1 1 12 10 1 1 1 12 10 12 11 1 1 12 10 1 1 1 1 1 1 12 10 12 9 100 1 100 1 1 1 1 1 1 1 7 1 1 12 11 1 7 1 1 1 1 1 1 1 1 1 12 10 1 1 1 100 1 12 10 1 100 1 1 12 10 1 1 1 1 1 1 1 1 1 12 10 1 1 1 1 12 10 1 1 12 10 1 100 1 1 12 10 1 8 1 8 1 100 1 12 10 1 8 1 1 1 1 12 10 1 1 1 12 10 1 12 10 1 12 10 1 12 10 1 1 12 10 1 10 1 100 1 1 12 10 1 100 1 8 1 8 1 100 1 1 12 10 12 10 1 1 1 1 8 1 12 10 1 1 12 10 1 16 1 1 12 10 15 1 100 1 1 12 10 15 1 1 12 18 1 1 12 10 1 1 1 1 12 10 1 12 10 1 1 12 10 1 100 1 1 12 10 1 100 1 1 12 11 1 100 1 12 10 1 1 12 10 1 12 10 12 10 1 1 1 1 1 12 10 1 1 1 12 10 1 1 12 10 15 1 12 18 1 1 1 1 1 1 12 11 1 1 12 10 15 1 12 18 1 12 10 15 1 12 18 1 12 10 1 12 10 1 1 1 7 1 12 10 1 12 10 12 9 1 7 1 1 12 10 1 100 1 1 12 10 1 1 1 1 12 10 1 1 1 10 10 1 7 1 1 12 9 1 1 12 10 1 7 1 12 11 1 1 1 1 1 1 12 10 1 1 1 1 12 10 1 12 10 1 12 10 10 10 10 1 1 1 1 1 1 1 12 10 1 100 11 1 100 1 12 10 11 1 1 12 10 1 1 10 1 1 12 10 12 10 12 10 1 12 10 1 12 10 1 1 1 12 10 1 12 10 1 1 12 10 1 1 1 100 1 1 12 10 1 1 1 1 1 100 1 12 10 1 1 1 1 1 12 10 1 1 1 12 10 1 1 1 12 10 1 1 12 10 15 1 12 18 1 1 12 10 12 10 12 10 1 12 10 1 12 10 12 10 1 100 1 1 1 12 10 8 1 1 12 10 1 8 1 8 1 100 8 8 8 8 8 8 8 8 8 8 8 8 8 8 8 8 8 8 8 8 8 8 8 8 8 8 8 8 8 8 8 8 8 8 8 8 8 8 8 8 8 8 8 8 8 8 8 8 8 8 8 8 8 8 8 8 8 8 8 8 8 8 8 8 8 8 8 1 1 12 10 1 100 10 1 1 1 1 1 1 1 1 1 1 1 1
staticfield org/jetbrains/kotlin/com/intellij/psi/impl/source/tree/CompositeElement LOG Lorg/jetbrains/kotlin/com/intellij/openapi/diagnostic/Logger; org/jetbrains/kotlin/com/intellij/openapi/diagnostic/DefaultLogger
staticfield org/jetbrains/kotlin/com/intellij/psi/impl/source/tree/CompositeElement EMPTY_ARRAY [Lorg/jetbrains/kotlin/com/intellij/psi/impl/source/tree/CompositeElement; 0 [Lorg/jetbrains/kotlin/com/intellij/psi/impl/source/tree/CompositeElement;
staticfield org/jetbrains/kotlin/com/intellij/psi/impl/source/tree/CompositeElement myWrapperUpdater Ljava/util/concurrent/atomic/AtomicReferenceFieldUpdater; java/util/concurrent/atomic/AtomicReferenceFieldUpdater$AtomicReferenceFieldUpdaterImpl
ciInstanceKlass org/jetbrains/kotlin/com/intellij/lang/FileASTNode 1 0 129 1 100 1 100 1 100 1 1 1 1 1 1 1 1 1 1 100 1 8 1 1 12 10 1 1 1 8 1 1 1 8 1 1 1 8 1 1 1 8 1 1 1 8 1 1 1 8 1 1 1 8 1 1 8 1 1 1 8 1 1 8 1 1 1 8 1 1 1 8 1 1 1 8 1 1 8 1 1 8 1 1 1 8 1 1 1 8 1 1 8 1 1 1 8 1 1 8 1 1 8 1 1 8 1 1 1 8 1 1 1 8 1 1 8 1 1 8 1 1 1 8 1 1 8 1 1 8 1
ciInstanceKlass org/jetbrains/kotlin/com/intellij/lang/DefaultASTFactory 1 0 13 1 100 1 100 1 1 1 1 1 1 1 1
instanceKlass org/jetbrains/kotlin/com/intellij/psi/impl/source/tree/JavaASTFactory
instanceKlass org/jetbrains/kotlin/com/intellij/psi/impl/source/tree/PlainTextASTFactory
instanceKlass org/jetbrains/kotlin/com/intellij/lang/DefaultASTFactoryImpl
ciInstanceKlass org/jetbrains/kotlin/com/intellij/lang/ASTFactory 1 1 190 1 7 1 7 1 1 100 1 1 1 1 1 12 10 1 1 1 1 1 1 1 1 12 10 1 1 1 1 1 1 1 1 1 1 100 1 1 7 1 1 12 10 1 7 1 7 1 12 9 1 100 1 12 10 1 12 9 1 100 10 1 1 12 10 12 10 1 1 12 9 1 100 10 1 1 1 1 1 1 7 1 1 12 11 1 100 1 7 12 10 10 1 1 1 1 12 9 1 100 10 1 7 1 12 11 1 100 12 10 10 1 1 1 7 1 1 12 9 1 1 12 10 1 1 12 10 1 1 12 9 1 100 1 1 12 11 1 100 1 1 12 10 1 1 1 1 7 10 1 8 1 8 1 100 1 100 8 8 8 8 8 8 8 8 8 8 1 1 12 10 1 100 1 12 10 1 100 10 1 100 1 1 1 1 1 1 1 1 1
staticfield org/jetbrains/kotlin/com/intellij/lang/ASTFactory WHITESPACES Lorg/jetbrains/kotlin/com/intellij/util/CharTable; org/jetbrains/kotlin/com/intellij/psi/impl/source/CharTableImpl
ciInstanceKlass org/jetbrains/kotlin/com/intellij/lang/DefaultASTFactoryImpl 1 1 131 1 7 1 7 1 100 1 1 1 12 10 1 1 1 1 1 1 1 12 10 1 100 1 100 1 7 1 7 1 12 10 1 100 10 1 1 1 1 1 1 1 7 1 7 1 12 10 1 1 1 1 1 12 10 1 7 1 1 12 9 1 1 12 10 1 7 1 1 12 11 1 7 1 1 12 10 1 12 10 1 100 1 7 10 1 1 1 1 1 7 10 1 8 1 8 1 100 1 100 1 100 8 8 8 8 8 8 8 1 1 12 10 1 100 1 12 10 1 100 10 1 100 1 1 1 1 1 1 1 1
ciInstanceKlass org/jetbrains/kotlin/com/intellij/util/CharTable 1 1 32 1 7 1 100 1 1 1 1 1 1 1 1 1 1 1 7 1 8 1 1 12 10 12 9 1 1 1 1 1 1 1
staticfield org/jetbrains/kotlin/com/intellij/util/CharTable CHAR_TABLE_KEY Lorg/jetbrains/kotlin/com/intellij/openapi/util/Key; org/jetbrains/kotlin/com/intellij/openapi/util/Key
ciInstanceKlass org/jetbrains/kotlin/com/intellij/lang/ASTNode 1 1 95 1 7 1 100 1 100 1 1 1 1 1 1 1 1 1 1 1 1 1 1 1 1 1 12 11 12 11 1 1 1 1 1 1 1 1 1 1 1 1 1 1 1 1 1 1 1 1 1 1 1 1 1 1 1 1 1 1 1 1 1 1 1 1 1 1 1 1 1 1 12 9 1 1 1 1 1 1 1 1 1 1 100 1 8 1 1 12 10 1 1 1 8 1 1
staticfield org/jetbrains/kotlin/com/intellij/lang/ASTNode EMPTY_ARRAY [Lorg/jetbrains/kotlin/com/intellij/lang/ASTNode; 0 [Lorg/jetbrains/kotlin/com/intellij/lang/ASTNode;
ciInstanceKlass org/jetbrains/kotlin/com/intellij/psi/impl/ReparseableASTNode 1 1 74 1 100 1 100 1 1 1 100 1 100 1 1 1 1 1 1 1 12 11 1 100 1 1 12 10 1 1 1 1 1 1 1 1 1 1 1 100 1 1 1 1 1 8 1 100 1 100 8 8 8 8 8 8 8 8 1 1 12 10 1 100 1 12 10 1 1 1 1 1 1 1 1 1
ciInstanceKlass org/jetbrains/kotlin/com/intellij/openapi/util/Iconable 1 0 9 1 100 1 100 1 1 1 1
instanceKlass org/jetbrains/kotlin/com/intellij/psi/impl/PsiElementBase
instanceKlass org/jetbrains/kotlin/com/intellij/psi/impl/source/PsiFileImpl
instanceKlass org/jetbrains/kotlin/com/intellij/psi/impl/source/tree/TreeElement
ciInstanceKlass org/jetbrains/kotlin/com/intellij/psi/impl/ElementBase 1 1 378 1 7 1 7 1 100 1 1 100 1 100 1 1 100 1 100 1 1 100 1 100 1 1 1 1 1 3 1 1 1 1 1 1 1 1 12 10 1 1 1 1 1 1 100 1 100 1 100 1 100 1 12 10 1 100 12 9 1 7 1 1 12 10 1 1 1 1 1 1 12 11 1 8 1 100 1 1 12 10 1 100 1 1 12 10 1 16 1 12 10 15 1 16 1 7 1 1 12 10 15 1 1 12 18 1 100 1 1 12 10 1 100 1 100 1 1 12 11 1 1 12 11 1 12 10 12 9 1 1 12 11 1 1 12 10 1 1 1 1 1 1 1 12 10 1 12 10 15 1 12 18 1 1 1 100 1 12 10 1 100 1 1 12 11 1 12 10 1 1 1 12 10 1 12 10 1 1 12 10 1 1 12 11 1 1 1 7 1 100 1 1 12 11 1 1 12 10 1 100 12 11 1 12 9 1 1 1 100 1 12 11 1 100 1 1 1 100 1 1 12 10 12 9 1 7 1 12 10 1 1 12 11 1 1 1 1 1 1 12 10 1 1 12 11 1 100 1 12 11 1 1 12 11 1 100 1 100 11 1 12 11 1 1 1 1 1 1 1 1 1 1 1 1 12 10 1 12 10 12 10 1 1 100 1 12 9 1 1 12 11 1 1 1 1 12 10 1 100 1 1 12 11 1 1 12 10 1 1 12 10 1 1 1 1 12 10 1 16 12 10 15 16 1 1 12 18 12 10 15 1 1 12 18 1 1 12 10 1 8 1 8 1 100 1 100 1 100 8 8 8 8 8 1 1 12 10 1 100 1 12 10 1 100 10 1 1 1 1 1 1 1 1 1 1 1 1 1
staticfield org/jetbrains/kotlin/com/intellij/psi/impl/ElementBase LOG Lorg/jetbrains/kotlin/com/intellij/openapi/diagnostic/Logger; org/jetbrains/kotlin/com/intellij/openapi/diagnostic/DefaultLogger
staticfield org/jetbrains/kotlin/com/intellij/psi/impl/ElementBase ICON_COMPUTE Ljava/util/function/Function; org/jetbrains/kotlin/com/intellij/psi/impl/ElementBase$$Lambda+0x0000000100292560
staticfield org/jetbrains/kotlin/com/intellij/psi/impl/ElementBase VISIBILITY_ICON_PLACEHOLDER Lorg/jetbrains/kotlin/com/intellij/openapi/util/NotNullLazyValue; org/jetbrains/kotlin/com/intellij/openapi/util/NotNullLazyValue$1
instanceKlass org/jetbrains/kotlin/com/intellij/psi/impl/source/JavaDummyElement
instanceKlass org/jetbrains/kotlin/com/intellij/psi/impl/source/DummyHolderElement
instanceKlass org/jetbrains/kotlin/com/intellij/psi/impl/source/CodeFragmentElement
ciInstanceKlass org/jetbrains/kotlin/com/intellij/psi/impl/source/tree/FileElement 1 1 264 1 7 1 7 1 100 1 1 100 1 100 1 100 1 1 1 1 1 1 1 1 1 1 1 12 9 12 10 1 7 1 1 1 1 1 12 10 1 1 1 12 9 1 1 12 10 1 100 1 1 1 1 12 10 1 1 12 10 1 100 1 100 12 10 1 1 12 10 1 1 12 10 1 100 1 12 10 1 1 1 12 10 1 7 12 10 1 1 1 1 1 1 1 12 10 1 100 12 10 1 12 10 1 100 1 1 12 10 1 12 11 1 7 1 1 1 1 1 1 1 100 1 12 10 1 1 12 10 1 1 1 1 1 1 1 12 10 12 9 1 1 1 1 12 10 1 100 1 12 9 1 100 1 16 1 1 12 10 15 16 1 100 1 1 12 10 15 1 1 12 18 1 100 1 1 12 10 1 100 1 8 1 12 10 1 1 1 1 1 1 1 100 10 1 100 1 1 12 11 1 12 10 1 1 12 10 1 1 1 1 1 1 12 10 12 10 1 12 10 1 12 9 1 8 1 8 1 100 1 100 1 100 8 8 8 8 8 8 8 1 1 12 10 1 100 10 1 100 10 1 100 1 1 1 1 1 1 1 1 1 1 1 1
staticfield org/jetbrains/kotlin/com/intellij/psi/impl/source/tree/FileElement EMPTY_ARRAY [Lorg/jetbrains/kotlin/com/intellij/psi/impl/source/tree/FileElement; 0 [Lorg/jetbrains/kotlin/com/intellij/psi/impl/source/tree/FileElement;
ciInstanceKlass org/jetbrains/kotlin/com/intellij/psi/impl/source/CodeFragmentElement 0 0 25 1 100 1 100 1 1 1 1 100 1 1 12 9 1 12 10 1 1 1 1 1 1 1 1
ciInstanceKlass org/jetbrains/kotlin/com/intellij/psi/impl/source/DummyHolderElement 0 0 51 1 100 1 100 1 1 1 1 1 1 12 10 1 100 1 1 12 9 1 12 10 1 1 1 1 1 8 1 100 8 8 8 1 100 1 1 12 10 1 100 1 12 10 1 1 1 1 1 1 1
instanceKlass org/jetbrains/kotlin/kdoc/parser/KDocElementType
instanceKlass org/jetbrains/kotlin/com/intellij/lang/TokenWrapper
instanceKlass org/jetbrains/kotlin/com/intellij/psi/tree/IElementType$TombstoneElementType
instanceKlass org/jetbrains/kotlin/KtNodeType
instanceKlass org/jetbrains/kotlin/com/intellij/psi/TokenType$1
instanceKlass org/jetbrains/kotlin/com/intellij/psi/WhiteSpaceTokenType
instanceKlass org/jetbrains/kotlin/lexer/KtToken
instanceKlass org/jetbrains/kotlin/com/intellij/psi/stubs/IStubElementType
instanceKlass org/jetbrains/kotlin/com/intellij/psi/tree/ILazyParseableElementType
ciInstanceKlass org/jetbrains/kotlin/com/intellij/psi/tree/IElementType 1 1 416 1 7 1 7 1 1 7 1 1 100 1 1 100 1 100 1 1 100 1 100 1 1 100 1 100 1 1 1 1 1 1 1 1 1 1 1 1 3 1 1 1 1 1 1 1 1 1 1 1 1 1 1 1 12 10 12 9 12 9 1 7 1 1 12 10 1 7 1 1 12 10 1 7 1 12 11 12 9 7 1 100 1 1 1 1 1 1 12 10 1 100 1 1 12 10 1 100 1 1 12 10 1 8 1 1 12 10 12 9 1 1 12 10 1 12 10 1 1 1 1 1 1 1 1 7 1 12 9 1 100 1 8 10 1 1 12 10 1 1 12 10 1 1 1 1 12 10 1 7 1 7 1 1 12 9 1 12 10 1 1 10 12 9 12 9 1 100 1 1 12 11 16 1 100 1 12 10 15 1 16 1 7 1 1 12 10 15 1 1 12 18 1 1 12 11 1 16 1 1 12 10 15 16 1 1 12 18 1 100 1 1 12 10 1 1 12 11 1 1 12 11 1 16 1 1 12 10 15 16 1 1 12 18 1 100 1 1 12 11 1 100 1 1 12 10 1 1 12 11 12 9 1 8 1 12 10 1 8 1 12 11 1 12 10 1 8 1 8 1 100 1 1 12 10 1 1 12 10 1 7 1 12 10 12 9 1 7 1 1 12 10 1 1 1 1 1 1 1 1 1 1 1 1 1 12 10 1 12 10 1 1 7 1 1 1 1 1 8 1 1 1 1 100 10 1 12 11 1 12 11 1 1 12 11 1 1 1 1 1 1 1 12 9 1 1 1 1 12 10 1 16 12 10 15 16 1 1 12 18 12 10 15 1 12 18 12 9 1 8 10 1 8 12 10 1 1 8 1 8 1 100 8 8 8 8 8 8 8 8 8 8 8 8 1 1 12 10 1 100 10 1 100 1 1 1 1 1 1 1 1 1 1 1 1 1
staticfield org/jetbrains/kotlin/com/intellij/psi/tree/IElementType LOG Lorg/jetbrains/kotlin/com/intellij/openapi/diagnostic/Logger; org/jetbrains/kotlin/com/intellij/openapi/diagnostic/DefaultLogger
staticfield org/jetbrains/kotlin/com/intellij/psi/tree/IElementType EMPTY_ARRAY [Lorg/jetbrains/kotlin/com/intellij/psi/tree/IElementType; 0 [Lorg/jetbrains/kotlin/com/intellij/psi/tree/IElementType;
staticfield org/jetbrains/kotlin/com/intellij/psi/tree/IElementType ARRAY_FACTORY Lorg/jetbrains/kotlin/com/intellij/util/ArrayFactory; org/jetbrains/kotlin/com/intellij/psi/tree/IElementType$$Lambda+0x0000000100210fb0
staticfield org/jetbrains/kotlin/com/intellij/psi/tree/IElementType TRUE Lorg/jetbrains/kotlin/com/intellij/psi/tree/IElementType$Predicate; org/jetbrains/kotlin/com/intellij/psi/tree/IElementType$$Lambda+0x0000000100211430
staticfield org/jetbrains/kotlin/com/intellij/psi/tree/IElementType lock Ljava/lang/Object; "registry lock"
ciInstanceKlass org/jetbrains/kotlin/com/intellij/psi/tree/ILazyParseableElementTypeBase 1 1 21 1 100 1 100 1 1 1 1 1 1 1 1 1 1 1 1 1 1 1 1
instanceKlass org/jetbrains/kotlin/com/intellij/psi/tree/IReparseableElementType
instanceKlass org/jetbrains/kotlin/kdoc/lexer/KDocTokens$2
instanceKlass org/jetbrains/kotlin/kdoc/lexer/KDocTokens$1
instanceKlass org/jetbrains/kotlin/com/intellij/psi/tree/IFileElementType
ciInstanceKlass org/jetbrains/kotlin/com/intellij/psi/tree/ILazyParseableElementType 1 1 205 1 7 1 7 1 100 1 1 1 1 1 1 1 1 1 1 1 1 12 10 1 12 10 1 1 1 1 1 10 1 1 1 12 10 1 1 1 1 100 1 1 12 11 1 1 12 11 12 9 1 100 1 100 1 12 10 1 8 1 1 12 10 1 12 10 1 1 12 10 1 12 10 1 100 1 1 12 10 1 1 1 1 1 1 12 11 1 1 12 10 1 100 1 1 12 10 1 1 12 11 1 1 12 10 1 100 1 1 12 9 1 1 12 10 1 100 1 1 12 11 1 100 1 1 12 11 1 12 11 1 1 1 1 1 1 1 1 1 1 1 12 10 1 100 1 1 1 1 1 1 7 1 1 12 10 8 1 7 1 1 12 10 12 9 1 8 1 8 1 100 1 100 1 100 8 8 8 8 8 8 8 8 1 1 12 10 1 100 12 10 1 100 10 1 100 1 1 1 1 1 1 1 1 1
staticfield org/jetbrains/kotlin/com/intellij/psi/tree/ILazyParseableElementType LANGUAGE_KEY Lorg/jetbrains/kotlin/com/intellij/openapi/util/Key; org/jetbrains/kotlin/com/intellij/openapi/util/Key
staticfield org/jetbrains/kotlin/com/intellij/psi/tree/ILazyParseableElementType $assertionsDisabled Z 1
instanceKlass org/jetbrains/kotlin/com/intellij/psi/impl/source/tree/OwnBufferLeafPsiElement
instanceKlass org/jetbrains/kotlin/com/intellij/psi/impl/source/tree/LeafPsiElement
ciInstanceKlass org/jetbrains/kotlin/com/intellij/psi/impl/source/tree/LeafElement 1 1 391 1 7 1 7 1 1 1 1 1 1 1 1 1 1 1 1 1 1 1 12 10 1 12 10 12 9 1 1 1 1 1 1 1 1 12 10 1 1 12 10 1 1 1 7 1 12 11 1 1 1 1 1 100 12 9 1 1 12 10 1 100 1 100 1 1 12 10 1 12 11 1 12 10 1 1 12 10 1 1 1 1 12 11 1 1 1 1 1 1 7 1 12 10 1 1 1 1 1 1 12 10 100 1 1 1 1 12 10 1 1 1 1 1 1 1 1 12 9 1 100 12 10 1 1 12 10 3 1 1 1 1 1 12 10 1 100 1 1 12 10 1 1 12 10 1 1 12 10 1 1 1 1 100 1 1 12 10 1 1 12 10 1 100 1 1 12 10 1 1 1 1 12 10 1 1 12 10 1 1 1 1 1 7 1 1 12 10 1 1 1 1 1 1 1 1 1 1 1 1 1 1 12 10 1 1 1 1 1 1 1 1 12 9 100 1 1 1 100 1 8 1 12 10 1 1 1 1 1 1 1 1 1 100 1 1 1 1 1 1 1 1 1 1 1 1 1 1 1 12 10 12 9 1 12 10 1 1 1 1 1 7 1 1 12 10 1 100 12 10 1 8 1 1 12 10 1 12 10 1 8 1 100 1 7 1 100 1 1 12 10 10 1 1 12 10 1 1 1 12 10 1 12 10 1 12 10 12 10 1 1 1 12 10 1 1 12 10 8 1 7 1 1 12 10 1 8 1 8 1 100 8 8 8 8 8 8 8 8 8 8 8 8 8 8 8 8 8 8 8 8 8 8 8 8 8 8 8 8 8 8 8 8 8 8 8 8 8 8 1 1 12 10 1 100 10 1 100 10 1 100 1 1 1 1 1 1 1 1 1 1
staticfield org/jetbrains/kotlin/com/intellij/psi/impl/source/tree/LeafElement LOG Lorg/jetbrains/kotlin/com/intellij/openapi/diagnostic/Logger; org/jetbrains/kotlin/com/intellij/openapi/diagnostic/DefaultLogger
staticfield org/jetbrains/kotlin/com/intellij/psi/impl/source/tree/LeafElement CACHED_TEXT Lorg/jetbrains/kotlin/com/intellij/openapi/util/Key; org/jetbrains/kotlin/com/intellij/openapi/util/Key
staticfield org/jetbrains/kotlin/com/intellij/psi/impl/source/tree/LeafElement $assertionsDisabled Z 1
ciInstanceKlass org/jetbrains/kotlin/com/intellij/psi/PsiElement 1 1 229 1 7 1 100 1 100 1 100 1 1 100 1 100 1 1 100 1 100 1 1 1 1 1 1 1 1 1 100 1 1 1 3 1 1 1 1 1 1 1 1 1 1 1 1 1 1 1 1 1 1 1 12 11 1 12 11 1 100 1 1 12 10 1 1 12 11 1 1 1 1 1 1 1 1 1 1 1 1 1 1 1 1 1 1 1 1 1 1 1 1 1 1 1 100 1 1 1 1 1 1 1 1 1 1 1 1 1 1 1 1 1 1 1 1 1 1 1 1 100 1 1 12 10 1 100 1 1 1 1 1 1 1 1 1 1 1 1 1 1 1 1 1 1 1 1 1 1 1 1 1 1 12 9 100 1 1 1 1 16 12 11 15 16 1 7 1 1 12 10 15 1 1 12 18 12 9 1 8 8 1 100 1 100 8 8 8 1 1 12 10 1 100 1 1 12 10 1 1 1 1 1 1 1 1 1 1 1 1 1 1 1 100 1 8 1 1 12 10 1 1 1 8 1 1 1 8 1 1
staticfield org/jetbrains/kotlin/com/intellij/psi/PsiElement EMPTY_ARRAY [Lorg/jetbrains/kotlin/com/intellij/psi/PsiElement; 0 [Lorg/jetbrains/kotlin/com/intellij/psi/PsiElement;
staticfield org/jetbrains/kotlin/com/intellij/psi/PsiElement ARRAY_FACTORY Lorg/jetbrains/kotlin/com/intellij/util/ArrayFactory; org/jetbrains/kotlin/com/intellij/psi/PsiElement$$Lambda+0x0000000100292a38
ciInstanceKlass org/jetbrains/kotlin/com/intellij/psi/PsiWhiteSpace 1 0 205 1 100 1 100 1 100 1 1 1 100 1 8 1 1 12 10 1 1 1 8 1 1 1 8 1 1 8 1 1 1 8 1 1 8 1 1 1 8 1 1 1 8 1 1 8 1 1 8 1 1 1 8 1 1 1 8 1 1 1 8 1 1 8 1 1 1 8 1 1 1 8 1 1 1 8 1 1 1 8 1 1 1 8 1 1 8 1 1 1 8 1 1 1 8 1 1 1 8 1 1 8 1 1 8 1 1 1 8 1 1 8 1 1 1 8 1 1 1 8 1 1 1 8 1 1 1 8 1 1 1 8 1 1 1 8 1 1 1 8 1 1 8 1 1 8 1 1 8 1 1 8 1 1 1 8 1 1 8 1 1 1 8 1 1 8 1 1 8 1 1 1 8 1 1 1 8 1 1 1 8 1 1 8 1 1 8 1 1 1 8 1 1 8 1 1 8 1 1 1 8 1 1 8 1
ciInstanceKlass org/jetbrains/kotlin/com/intellij/pom/Navigatable 1 0 20 1 100 1 100 1 1 1 1 1 1 1 1 1 1 12 9 1 1 1
ciInstanceKlass org/jetbrains/kotlin/com/intellij/navigation/NavigationItem 1 0 24 1 100 1 100 1 100 1 1 1 1 1 1 1 1 1 1 12 9 1 1 1 1 1
instanceKlass org/jetbrains/kotlin/com/intellij/psi/impl/source/tree/ForeignLeafPsiElement
instanceKlass org/jetbrains/kotlin/com/intellij/psi/impl/source/javadoc/PsiDocTokenImpl
instanceKlass org/jetbrains/kotlin/com/intellij/psi/impl/source/tree/java/PsiJavaTokenImpl
instanceKlass org/jetbrains/kotlin/com/intellij/psi/impl/source/tree/java/PsiKeywordImpl
instanceKlass org/jetbrains/kotlin/com/intellij/psi/impl/source/tree/java/PsiIdentifierImpl
instanceKlass org/jetbrains/kotlin/com/intellij/psi/impl/source/tree/PsiCommentImpl
instanceKlass org/jetbrains/kotlin/com/intellij/psi/impl/source/tree/PsiWhiteSpaceImpl
ciInstanceKlass org/jetbrains/kotlin/com/intellij/psi/impl/source/tree/LeafPsiElement 1 1 391 1 7 1 7 1 100 1 100 1 1 1 1 1 1 1 1 12 10 12 10 1 1 1 1 1 1 1 1 1 1 12 9 100 1 1 1 1 1 1 1 1 1 7 1 12 10 1 12 10 1 12 10 1 1 1 12 10 1 100 1 1 12 11 1 1 12 10 1 1 1 1 1 1 100 1 12 10 1 100 12 10 1 100 1 8 1 1 12 10 1 100 1 1 12 10 1 100 1 1 12 10 1 12 10 1 1 12 10 1 12 10 1 1 12 10 1 100 1 12 10 1 12 10 1 1 1 1 1 1 1 1 1 1 1 100 1 12 10 1 1 1 12 10 1 100 1 12 10 1 1 1 12 10 1 12 10 1 1 1 1 1 12 10 1 100 1 1 1 100 10 1 1 1 1 1 1 1 1 1 1 1 1 1 1 12 9 10 1 7 1 1 12 10 1 100 1 12 10 1 100 1 1 12 10 1 12 10 1 1 1 1 1 1 12 10 1 1 8 10 1 100 10 1 8 1 1 100 1 12 10 1 1 1 100 1 1 1 1 1 1 1 12 10 1 1 1 12 10 12 11 1 1 1 100 1 1 12 10 1 100 1 1 1 12 10 1 1 1 100 1 12 10 1 100 1 1 12 10 1 100 1 100 12 10 1 1 1 1 1 1 12 10 1 100 1 1 1 1 1 1 1 100 1 1 12 10 1 1 12 10 1 100 12 11 1 1 1 1 1 1 12 10 1 12 10 1 1 1 10 1 1 12 10 1 8 1 8 1 100 1 100 8 8 8 8 8 8 8 8 8 8 8 8 8 8 8 8 8 8 8 8 8 8 8 8 8 8 1 1 12 10 1 100 1 12 10 1 100 10 1 100 1 1 1 1 1 1 1 1 1
staticfield org/jetbrains/kotlin/com/intellij/psi/impl/source/tree/LeafPsiElement LOG Lorg/jetbrains/kotlin/com/intellij/openapi/diagnostic/Logger; org/jetbrains/kotlin/com/intellij/openapi/diagnostic/DefaultLogger
ciInstanceKlass org/jetbrains/kotlin/com/intellij/psi/impl/source/tree/PsiWhiteSpaceImpl 1 1 96 1 100 1 7 1 100 1 1 1 1 7 1 1 12 9 1 12 10 1 1 1 1 1 1 1 1 1 12 10 1 100 1 1 12 10 1 1 1 1 1 8 1 1 1 1 12 10 1 100 12 11 1 100 1 1 12 9 1 1 1 8 1 8 1 100 1 100 1 100 8 8 8 8 1 1 12 10 1 100 1 12 10 1 100 10 1 100 1 1 1 1 1 1 1 1
ciInstanceKlass org/jetbrains/kotlin/com/intellij/model/psi/PsiExternalReferenceHost 1 0 203 1 100 1 100 1 100 1 100 1 8 1 1 12 10 1 1 1 8 1 1 1 8 1 1 8 1 1 1 8 1 1 8 1 1 1 8 1 1 1 8 1 1 8 1 1 8 1 1 1 8 1 1 1 8 1 1 1 8 1 1 8 1 1 1 8 1 1 1 8 1 1 1 8 1 1 1 8 1 1 1 8 1 1 8 1 1 1 8 1 1 1 8 1 1 1 8 1 1 8 1 1 8 1 1 1 8 1 1 8 1 1 1 8 1 1 1 8 1 1 1 8 1 1 1 8 1 1 1 8 1 1 1 8 1 1 1 8 1 1 8 1 1 8 1 1 8 1 1 8 1 1 1 8 1 1 8 1 1 1 8 1 1 8 1 1 8 1 1 1 8 1 1 1 8 1 1 1 8 1 1 8 1 1 8 1 1 1 8 1 1 8 1 1 8 1 1 1 8 1 1 8 1
ciInstanceKlass org/jetbrains/kotlin/com/intellij/model/psi/UrlReferenceHost 1 0 203 1 100 1 100 1 100 1 100 1 8 1 1 12 10 1 1 1 8 1 1 1 8 1 1 1 8 1 1 1 8 1 1 1 8 1 1 8 1 1 1 8 1 1 8 1 1 1 8 1 1 1 8 1 1 8 1 1 8 1 1 1 8 1 1 1 8 1 1 1 8 1 1 8 1 1 1 8 1 1 1 8 1 1 1 8 1 1 1 8 1 1 1 8 1 1 8 1 1 8 1 1 8 1 1 1 8 1 1 8 1 1 8 1 1 1 8 1 1 8 1 1 1 8 1 1 1 8 1 1 1 8 1 1 1 8 1 1 1 8 1 1 1 8 1 1 1 8 1 1 8 1 1 8 1 1 8 1 1 8 1 1 1 8 1 1 8 1 1 1 8 1 1 8 1 1 8 1 1 1 8 1 1 1 8 1 1 1 8 1 1 8 1 1 8 1 1 1 8 1 1 8 1
ciInstanceKlass org/jetbrains/kotlin/com/intellij/psi/PsiComment 1 0 212 1 100 1 100 1 100 1 100 1 1 1 1 1 1 1 1 100 1 8 1 1 12 10 1 1 1 8 1 1 1 8 1 1 1 8 1 1 1 8 1 1 1 8 1 1 8 1 1 1 8 1 1 8 1 1 1 8 1 1 1 8 1 1 8 1 1 8 1 1 1 8 1 1 1 8 1 1 1 8 1 1 8 1 1 1 8 1 1 1 8 1 1 1 8 1 1 1 8 1 1 1 8 1 1 8 1 1 8 1 1 8 1 1 1 8 1 1 8 1 1 8 1 1 1 8 1 1 8 1 1 1 8 1 1 1 8 1 1 1 8 1 1 1 8 1 1 1 8 1 1 1 8 1 1 1 8 1 1 8 1 1 8 1 1 8 1 1 8 1 1 1 8 1 1 8 1 1 1 8 1 1 8 1 1 8 1 1 1 8 1 1 1 8 1 1 1 8 1 1 8 1 1 8 1 1 1 8 1 1 8 1
ciInstanceKlass org/jetbrains/kotlin/com/intellij/psi/PsiLanguageInjectionHost 1 0 224 1 100 1 100 1 100 1 1 100 1 1 100 1 1 1 1 1 1 1 1 1 1 1 1 1 1 1 1 100 1 8 1 1 12 10 1 1 1 8 1 1 1 8 1 1 1 8 1 1 1 8 1 1 1 8 1 1 8 1 1 1 8 1 1 8 1 1 1 8 1 1 1 8 1 1 8 1 1 8 1 1 1 8 1 1 1 8 1 1 1 8 1 1 8 1 1 1 8 1 1 1 8 1 1 1 8 1 1 1 8 1 1 1 8 1 1 8 1 1 8 1 1 8 1 1 1 8 1 1 8 1 1 8 1 1 1 8 1 1 8 1 1 1 8 1 1 1 8 1 1 1 8 1 1 1 8 1 1 1 8 1 1 1 8 1 1 1 8 1 1 8 1 1 8 1 1 8 1 1 8 1 1 1 8 1 1 8 1 1 1 8 1 1 8 1 1 8 1 1 1 8 1 1 1 8 1 1 1 8 1 1 8 1 1 8 1 1 1 8 1 1 8 1
ciInstanceKlass org/jetbrains/kotlin/com/intellij/psi/impl/source/tree/PsiCommentImpl 1 1 129 1 100 1 7 1 100 1 100 1 1 1 1 1 1 12 10 12 10 1 1 1 1 1 1 1 1 1 12 10 1 100 1 1 1 100 1 1 12 10 1 1 1 1 1 100 1 12 10 1 8 1 1 12 10 12 10 1 8 10 1 1 1 100 1 1 12 10 1 100 1 1 1 1 1 1 12 10 1 1 1 1 1 100 1 12 10 1 8 1 8 1 100 1 100 1 100 8 8 8 8 8 8 8 8 8 1 1 12 10 1 100 1 12 10 1 100 10 1 100 1 1 1 1 1 1 1 1 1
ciInstanceKlass org/jetbrains/kotlin/com/intellij/psi/impl/source/CharTableImpl 1 1 387 1 7 1 7 1 100 1 1 100 1 7 1 1 1 1 1 1 12 10 4 1 12 10 12 9 1 1 1 1 1 1 1 12 10 1 7 1 1 12 11 1 1 12 10 1 12 10 1 1 1 1 1 12 10 12 9 1 1 12 10 1 100 1 12 10 1 1 1 1 1 12 10 12 10 1 12 10 1 1 1 7 1 1 12 10 1 1 12 11 1 1 12 11 1 1 1 1 12 10 1 1 1 1 12 10 1 1 1 1 8 1 8 1 8 1 8 1 8 1 8 1 8 1 8 1 8 1 8 1 8 1 8 1 8 1 8 1 8 1 8 1 8 1 8 1 8 1 8 1 8 1 8 1 8 1 8 1 8 1 8 1 8 1 8 1 8 1 8 1 8 1 8 1 8 1 8 1 8 1 8 1 8 1 8 1 8 1 8 1 8 1 8 1 8 1 8 1 8 1 8 1 8 1 8 1 8 1 8 1 8 1 8 1 8 1 8 1 8 1 8 1 8 1 8 1 8 1 8 1 8 1 8 1 8 1 8 1 8 1 8 1 8 1 8 1 8 1 8 1 8 1 8 1 8 1 8 1 8 1 8 1 8 1 8 1 8 1 8 1 8 1 8 1 8 1 8 1 8 1 8 1 1 1 1 1 7 1 1 12 10 1 100 1 7 1 12 10 1 1 12 10 1 1 12 10 1 12 10 1 7 1 1 12 10 12 10 1 1 1 1 1 1 1 7 1 1 12 10 12 10 1 1 1 1 1 1 1 12 10 1 7 12 10 1 8 1 8 1 100 8 8 8 8 8 8 8 8 8 8 8 8 8 1 1 12 10 1 100 12 10 1 100 10 1 100 1 1 1 1 1 1 1 1 1 1 1
staticfield org/jetbrains/kotlin/com/intellij/psi/impl/source/CharTableImpl STATIC_ENTRIES Lorg/jetbrains/kotlin/com/intellij/psi/impl/source/CharTableImpl$StringHashToCharSequencesMap; org/jetbrains/kotlin/com/intellij/psi/impl/source/CharTableImpl$StringHashToCharSequencesMap
ciInstanceKlass org/jetbrains/kotlin/com/intellij/psi/impl/source/CharTableImpl$StringHashToCharSequencesMap 1 1 204 1 7 1 1 7 1 1 7 1 1 100 1 100 1 100 1 1 1 1 1 12 10 1 1 1 1 1 1 1 1 1 1 1 12 10 1 1 12 10 1 1 12 10 1 1 1 1 1 12 10 1 7 1 100 1 1 12 10 1 100 12 9 1 100 1 1 12 10 1 12 10 1 1 1 1 1 1 12 11 1 1 12 11 1 1 1 1 12 10 1 1 1 12 10 1 1 12 10 1 1 12 10 1 16 1 1 12 10 15 16 1 100 1 1 12 10 15 1 1 12 18 1 100 1 1 12 10 1 100 1 1 1 1 1 1 1 1 10 1 1 1 1 1 1 1 1 1 1 1 12 10 1 1 12 10 1 1 1 7 1 1 12 10 1 8 1 8 1 100 8 8 8 8 8 8 8 8 8 1 1 12 10 1 100 1 12 10 1 100 10 1 100 1 1 1 1 1 1 1 1 1 1 1
staticfield org/jetbrains/kotlin/com/intellij/psi/impl/source/CharTableImpl$StringHashToCharSequencesMap $assertionsDisabled Z 1
ciInstanceKlass org/jetbrains/kotlin/com/intellij/openapi/util/text/StringUtil 1 1 2026 1 7 1 100 1 1 100 1 1 100 1 1 100 1 1 100 1 100 1 100 1 100 1 1 100 1 100 1 1 100 1 100 1 1 1 1 8 1 1 8 1 1 1 1 1 1 1 1 1 1 1 1 1 1 1 1 1 1 1 12 10 1 1 1 1 1 1 12 10 1 100 1 100 1 12 10 1 12 10 1 7 1 1 12 11 1 1 1 1 1 1 1 1 1 1 1 3 1 12 10 1 16 1 1 12 10 15 16 1 7 1 1 12 10 15 1 1 12 18 1 100 1 1 12 11 1 1 1 1 1 8 1 8 1 1 12 10 1 8 1 8 1 1 1 1 1 1 1 1 1 16 1 100 1 1 12 10 15 1 16 1 1 12 18 1 100 1 1 1 1 12 10 1 7 1 1 1 1 1 1 12 10 1 1 1 1 10 1 100 1 1 12 10 1 1 12 10 1 1 12 10 12 10 1 12 10 10 1 8 1 1 1 1 1 1 7 10 1 1 1 1 12 10 1 12 10 1 1 100 1 1 12 10 1 1 12 10 1 1 12 10 1 1 1 1 1 12 10 1 1 1 12 10 1 1 1 1 8 1 12 10 1 1 1 1 8 1 12 10 1 8 1 1 1 1 12 10 1 1 12 10 1 1 1 12 10 1 1 12 10 1 1 1 1 11 1 1 1 1 1 12 10 1 1 8 1 8 1 12 10 1 1 1 1 1 1 1 1 1 1 1 1 12 10 1 100 12 9 1 1 1 1 12 10 1 1 1 1 100 1 100 1 1 1 1 1 12 9 12 9 1 100 1 1 12 10 1 1 12 10 1 1 1 1 100 1 12 9 1 100 1 12 10 1 12 10 1 12 10 100 1 1 12 10 1 12 10 1 1 12 10 12 10 1 1 12 10 1 1 1 1 1 1 1 1 1 1 1 1 1 1 12 10 15 16 1 12 18 1 100 1 1 1 1 1 8 1 12 10 1 12 10 1 12 10 1 8 1 8 1 8 1 8 12 10 1 8 1 12 10 1 100 1 1 12 10 12 10 1 8 1 12 10 1 12 10 1 1 1 1 1 1 1 1 12 10 1 1 1 12 10 1 1 1 1 1 12 10 1 12 10 12 10 1 1 100 1 12 10 1 12 10 1 100 10 1 8 1 12 10 1 1 1 1 1 1 1 1 12 10 10 1 100 1 1 12 10 1 1 1 1 1 1 1 1 1 12 10 1 1 1 8 1 12 10 1 1 100 1 12 10 1 1 12 10 1 12 10 1 12 10 1 1 1 1 1 1 1 1 100 12 10 1 1 12 10 10 1 12 10 1 1 1 1 10 1 1 12 10 1 1 12 10 12 10 1 1 1 12 10 1 1 12 10 1 12 10 12 10 12 10 12 10 1 1 12 10 1 1 1 1 1 1 12 10 1 1 1 1 12 10 1 12 10 1 12 10 12 10 1 1 1 8 1 1 1 12 10 11 1 12 10 1 1 12 11 12 10 1 1 10 1 1 12 10 1 1 12 10 1 12 10 1 12 9 1 1 1 1 1 12 10 1 12 10 1 1 10 1 1 1 1 100 12 9 1 100 10 1 100 1 12 11 1 100 1 1 12 10 1 1 12 10 1 1 1 1 1 12 10 1 1 12 10 1 10 12 10 1 1 12 10 12 10 1 12 10 12 10 1 1 12 10 10 1 1 1 100 12 10 1 1 1 12 10 1 1 7 1 1 12 10 1 1 1 1 1 12 10 1 1 1 1 12 10 1 1 1 12 10 1 1 12 10 1 1 1 1 1 100 1 1 12 10 1 100 10 12 10 1 1 12 11 1 1 1 1 1 1 1 1 12 10 1 12 10 1 1 1 16 1 1 12 10 15 1 12 18 1 100 1 100 1 12 10 10 1 1 12 10 1 1 1 1 12 10 1 1 1 12 10 1 100 1 12 11 1 100 1 12 10 1 1 1 1 1 1 1 12 10 1 1 1 1 100 10 1 1 12 10 1 1 1 1 1 1 12 10 1 1 1 1 1 1 1 1 12 10 1 1 1 1 12 10 1 1 1 1 12 10 1 1 1 1 12 10 1 1 12 10 1 1 1 12 10 1 12 10 1 12 10 1 1 1 1 8 1 100 1 12 10 1 100 1 12 10 1 1 1 100 12 10 1 1 12 10 1 1 12 10 1 1 12 10 1 1 12 10 1 12 10 1 1 12 10 1 12 10 1 12 10 1 1 12 10 1 12 10 1 1 1 1 1 100 1 12 11 1 1 1 1 1 1 12 10 1 1 1 7 1 1 12 10 1 100 12 10 1 12 10 1 1 1 1 1 1 1 12 10 1 1 1 1 1 1 1 1 12 10 1 12 10 1 12 10 1 1 1 1 12 10 1 12 10 1 1 12 10 1 1 1 12 10 1 1 1 12 10 1 1 12 10 1 12 10 1 12 10 12 10 1 1 12 10 10 1 12 10 1 12 10 1 1 12 10 1 1 12 10 1 1 12 10 1 12 10 1 12 10 1 12 10 1 10 1 1 12 10 1 1 12 10 1 1 1 1 1 1 12 10 1 1 1 10 1 1 1 12 10 1 100 1 12 10 1 10 1 1 12 10 1 12 10 1 1 1 1 1 1 12 10 1 12 10 1 12 10 1 1 1 1 12 10 1 1 12 10 10 10 1 12 10 1 1 12 10 1 100 10 1 1 12 10 1 12 10 1 1 1 1 1 12 10 1 12 9 12 9 1 12 10 1 8 1 1 12 10 1 12 10 1 8 1 12 10 10 1 1 12 10 10 1 1 1 1 1 1 10 1 1 1 1 1 12 10 10 1 12 10 1 12 10 1 1 1 1 1 1 8 12 10 1 8 1 8 1 1 12 10 1 10 10 1 1 1 12 10 1 1 1 1 1 1 1 8 1 12 10 1 8 1 12 10 1 12 10 1 1 12 10 12 10 1 12 10 1 1 1 1 1 1 1 1 1 1 1 1 12 10 1 1 12 10 12 10 1 8 10 8 1 1 8 1 1 1 7 1 1 12 10 12 10 12 10 12 10 12 10 1 8 1 8 1 12 10 1 1 1 1 1 12 10 1 1 12 10 1 12 10 1 12 10 1 1 12 10 1 1 12 10 1 1 1 8 1 100 1 1 12 10 1 1 1 1 100 1 1 12 9 1 100 12 11 1 1 1 1 12 10 1 1 12 10 1 12 10 1 1 1 1 1 12 10 1 1 1 1 1 12 10 1 1 1 1 1 1 1 1 12 10 1 1 1 1 1 1 1 1 1 1 12 10 1 10 10 1 1 1 1 1 1 1 8 1 1 12 10 1 100 10 1 8 12 10 1 8 1 8 1 1 12 10 1 1 12 10 10 1 1 1 1 1 1 12 10 1 1 1 10 1 1 12 10 1 1 6 0 1 12 10 10 10 10 10 1 1 1 8 10 1 1 12 10 1 100 1 1 1 12 9 1 12 9 1 12 9 1 12 10 12 10 1 12 10 1 1 12 10 1 10 1 12 10 1 1 12 10 1 1 1 1 12 10 1 1 1 1 1 1 1 12 10 1 1 12 10 12 10 1 12 10 1 1 1 1 1 12 10 1 7 1 12 10 10 1 1 1 1 1 100 1 1 12 10 1 12 10 1 1 1 10 1 1 10 1 1 1 1 1 12 9 1 1 12 10 12 10 12 10 1 1 1 8 1 100 1 1 1 1 1 1 8 10 1 1 12 10 1 10 1 12 10 1 1 1 1 12 10 1 1 1 1 11 1 12 11 1 12 11 1 1 12 11 10 1 8 1 1 1 12 10 1 1 1 1 1 1 1 12 10 12 10 15 1 1 12 18 12 9 12 10 15 18 12 9 10 15 18 12 9 1 8 1 8 1 8 1 8 1 8 1 8 1 8 8 1 8 1 8 1 8 1 8 8 1 8 1 8 1 8 8 1 8 1 8 1 8 1 8 8 1 8 1 8 1 8 1 8 1 8 1 8 1 8 1 8 1 8 1 8 1 1 12 10 1 8 1 8 1 8 1 8 100 8 8 8 8 8 8 8 8 8 8 8 8 8 8 8 8 8 8 8 8 8 8 8 8 8 8 8 8 8 8 8 8 8 8 8 8 8 8 8 8 8 8 8 8 8 8 8 8 8 8 8 8 8 8 8 8 8 8 8 8 8 8 8 8 8 8 8 8 8 8 8 8 8 8 8 8 8 8 8 8 8 8 8 8 8 8 8 8 8 8 8 8 8 8 8 8 8 8 8 8 8 8 8 8 8 8 8 8 8 8 8 8 8 8 8 8 8 8 8 8 8 8 8 8 8 8 8 8 8 8 8 8 8 8 8 8 8 8 8 8 8 8 8 8 8 8 8 8 8 8 8 8 8 8 8 8 8 8 8 8 8 8 8 8 8 8 8 8 8 8 8 8 8 8 8 8 8 8 8 8 8 8 8 8 8 8 8 8 8 8 8 8 8 8 8 8 8 8 8 8 8 8 8 8 8 8 8 8 8 8 8 8 8 8 8 8 8 8 8 8 1 1 12 10 1 100 10 1 1 1 1 1 1 1 1 1 1 1 1 1 1 1
staticfield org/jetbrains/kotlin/com/intellij/openapi/util/text/StringUtil QUOTER Ljava/util/function/Function; org/jetbrains/kotlin/com/intellij/openapi/util/text/StringUtil$$Lambda+0x00000001001f6c30
staticfield org/jetbrains/kotlin/com/intellij/openapi/util/text/StringUtil SINGLE_QUOTER Ljava/util/function/Function; org/jetbrains/kotlin/com/intellij/openapi/util/text/StringUtil$$Lambda+0x00000001001f6ea0
staticfield org/jetbrains/kotlin/com/intellij/openapi/util/text/StringUtil TRIMMER Ljava/util/function/Function; org/jetbrains/kotlin/com/intellij/openapi/util/text/StringUtil$$Lambda+0x00000001001f7110
staticfield org/jetbrains/kotlin/com/intellij/openapi/util/text/StringUtil ourPrepositions [Ljava/lang/String; 28 [Ljava/lang/String;
staticfield org/jetbrains/kotlin/com/intellij/openapi/util/text/StringUtil ourOtherNonCapitalizableWords [Ljava/lang/String; 4 [Ljava/lang/String;
staticfield org/jetbrains/kotlin/com/intellij/openapi/util/text/StringUtil MN_QUOTED Ljava/util/List; java/util/Arrays$ArrayList
staticfield org/jetbrains/kotlin/com/intellij/openapi/util/text/StringUtil MN_CHARS Ljava/util/List; java/util/Arrays$ArrayList
staticfield org/jetbrains/kotlin/com/intellij/openapi/util/text/StringUtil UNICODE_CHAR Ljava/util/regex/Pattern; java/util/regex/Pattern
staticfield org/jetbrains/kotlin/com/intellij/openapi/util/text/StringUtil $assertionsDisabled Z 1
ciInstanceKlass org/jetbrains/kotlin/com/intellij/openapi/util/text/Strings 1 1 613 1 7 1 7 1 1 100 1 100 1 1 1 1 1 1 1 1 1 1 1 12 10 1 1 1 1 1 1 1 1 1 1 3 1 100 1 1 12 10 1 12 10 1 1 1 1 1 1 1 1 1 12 10 1 1 1 1 1 100 1 1 12 9 1 7 1 12 10 1 1 1 12 10 1 1 1 1 1 1 12 10 1 1 12 10 1 1 1 1 12 10 1 1 1 1 1 1 12 10 1 1 1 1 12 10 1 12 10 1 1 1 12 10 1 1 1 7 11 1 1 100 1 1 12 10 1 12 10 11 1 12 10 1 12 10 1 1 12 10 1 12 10 1 1 1 100 1 1 1 12 10 1 1 12 10 1 1 12 10 12 10 1 1 12 10 1 1 1 1 1 12 10 1 1 1 1 1 1 1 1 12 10 1 12 10 1 100 10 10 1 1 12 10 1 1 12 10 1 12 10 1 1 12 10 1 1 1 1 100 1 8 1 12 10 1 8 1 12 10 1 1 1 1 1 1 1 12 10 1 1 1 12 10 1 1 12 10 1 12 10 1 1 12 10 1 1 1 100 1 1 12 9 1 12 10 8 12 10 1 8 1 1 12 10 1 1 1 12 10 1 1 12 10 1 12 10 1 12 10 12 10 1 1 12 10 1 100 1 1 12 10 1 1 12 10 1 10 1 12 10 12 10 1 12 10 1 10 1 12 10 1 1 1 100 1 12 10 1 12 10 1 12 10 1 1 1 1 1 1 1 10 12 10 12 10 12 10 1 1 12 10 12 10 1 1 1 1 1 1 1 12 10 1 12 10 1 8 1 8 1 1 12 10 1 1 12 9 1 12 9 1 1 1 1 12 9 12 9 1 1 12 10 1 1 12 9 1 100 1 12 11 1 100 10 1 1 12 11 1 1 12 10 12 10 1 12 10 1 1 1 1 1 1 1 1 7 1 1 12 10 1 12 10 1 1 1 1 1 1 1 1 1 100 11 1 8 11 1 1 12 11 1 100 1 1 12 11 1 100 1 1 12 11 10 1 12 10 1 1 1 1 1 100 11 1 12 11 1 12 10 10 1 12 10 1 1 1 1 1 1 12 10 1 1 1 10 1 12 10 1 1 1 1 1 1 12 10 1 1 1 1 1 1 1 100 1 1 7 1 12 10 1 8 1 8 1 8 1 8 1 8 1 8 1 8 1 8 1 8 1 8 1 7 1 7 1 12 9 1 12 10 12 9 1 8 1 8 100 8 8 8 8 8 8 8 8 8 8 8 8 8 8 8 8 8 8 8 8 8 8 8 8 8 8 8 8 8 8 8 8 8 8 8 8 8 8 8 8 8 8 8 8 1 1 12 10 1 100 10 1 100 1 1 1 1 1 1 1 1 1 1 1
staticfield org/jetbrains/kotlin/com/intellij/openapi/util/text/Strings REPLACES_REFS Ljava/util/List; java/util/Arrays$ArrayList
staticfield org/jetbrains/kotlin/com/intellij/openapi/util/text/Strings REPLACES_DISP Ljava/util/List; java/util/Arrays$ArrayList
staticfield org/jetbrains/kotlin/com/intellij/openapi/util/text/Strings EMPTY_CHAR_SEQUENCE Ljava/lang/CharSequence; org/jetbrains/kotlin/com/intellij/util/text/CharArrayCharSequence
staticfield org/jetbrains/kotlin/com/intellij/openapi/util/text/Strings $assertionsDisabled Z 1
ciInstanceKlass org/jetbrains/kotlin/com/intellij/openapi/util/text/CharSequenceWithStringHash 1 0 27 1 100 1 100 1 100 1 1 1 100 1 8 1 1 12 10 1 1 1 8 1 1 1 8 1 1
ciInstanceKlass org/jetbrains/kotlin/com/intellij/lang/SyntaxTreeBuilder 1 0 49 1 100 1 100 1 1 100 1 1 1 1 1 1 1 1 1 1 1 1 1 1 1 1 1 1 1 1 1 1 1 1 1 1 1 1 1 1 1 1 1 1 1 1 1 1 1 1 1
ciInstanceKlass org/jetbrains/kotlin/com/intellij/openapi/util/UserDataHolderUnprotected 1 0 22 1 100 1 100 1 1 1 1 1 1 1 1 1 1 1 1 1 1 1 1 1
ciInstanceKlass org/jetbrains/kotlin/com/intellij/lang/PsiBuilder 1 0 32 1 100 1 100 1 100 1 100 1 100 1 1 100 1 1 100 1 1 1 1 1 1 1 1 1 1 1 1 1 1 1
ciInstanceKlass org/jetbrains/kotlin/com/intellij/psi/NavigatablePsiElement 1 0 232 1 100 1 100 1 100 1 100 1 1 1 1 1 12 9 1 1 1 1 100 1 8 1 1 12 10 1 1 1 8 1 1 1 8 1 1 1 8 1 1 1 8 1 1 8 1 1 1 8 1 1 1 8 1 1 8 1 1 1 8 1 1 8 1 1 1 8 1 1 1 8 1 1 8 1 1 8 1 1 1 8 1 1 1 8 1 1 8 1 1 8 1 1 1 8 1 1 1 8 1 1 1 8 1 1 1 8 1 1 8 1 1 8 1 1 1 8 1 1 1 8 1 1 1 8 1 1 8 1 1 8 1 1 1 8 1 1 8 1 1 1 8 1 1 1 8 1 1 1 8 1 1 1 8 1 1 1 8 1 1 1 8 1 1 1 8 1 1 8 1 1 8 1 1 8 1 1 8 1 1 1 8 1 1 8 1 1 1 8 1 1 8 1 1 8 1 1 1 8 1 1 1 8 1 1 1 8 1 1 8 1 1 8 1 1 1 8 1 1 8 1 1 8 1 1 1 8 1 1 8 1
ciInstanceKlass org/jetbrains/kotlin/com/intellij/psi/PsiNamedElement 1 0 225 1 100 1 100 1 100 1 1 1 1 1 1 1 1 1 100 1 1 1 12 9 1 1 1 1 1 1 1 1 100 1 8 1 1 12 10 1 1 1 8 1 1 1 8 1 1 8 1 1 1 8 1 1 8 1 1 1 8 1 1 1 8 1 1 8 1 1 8 1 1 1 8 1 1 1 8 1 1 1 8 1 1 8 1 1 1 8 1 1 1 8 1 1 1 8 1 1 1 8 1 1 1 8 1 1 8 1 1 1 8 1 1 1 8 1 1 1 8 1 1 8 1 1 8 1 1 1 8 1 1 8 1 1 1 8 1 1 1 8 1 1 1 8 1 1 1 8 1 1 1 8 1 1 1 8 1 1 1 8 1 1 8 1 1 8 1 1 8 1 1 8 1 1 1 8 1 1 8 1 1 1 8 1 1 8 1 1 8 1 1 1 8 1 1 1 8 1 1 1 8 1 1 8 1 1 8 1 1 1 8 1 1 8 1 1 8 1 1 1 8 1 1 8 1
ciInstanceKlass org/jetbrains/kotlin/com/intellij/psi/PsiCheckedRenameElement 1 0 217 1 100 1 100 1 100 1 1 1 1 100 1 1 1 100 1 8 1 1 12 10 1 1 1 8 1 1 1 8 1 1 1 8 1 1 1 8 1 1 1 8 1 1 1 8 1 1 1 8 1 1 8 1 1 1 8 1 1 8 1 1 1 8 1 1 1 8 1 1 8 1 1 8 1 1 1 8 1 1 1 8 1 1 1 8 1 1 8 1 1 1 8 1 1 1 8 1 1 1 8 1 1 1 8 1 1 8 1 1 8 1 1 8 1 1 8 1 1 1 8 1 1 8 1 1 8 1 1 1 8 1 1 8 1 1 1 8 1 1 1 8 1 1 1 8 1 1 1 8 1 1 1 8 1 1 1 8 1 1 1 8 1 1 8 1 1 8 1 1 8 1 1 8 1 1 1 8 1 1 8 1 1 1 8 1 1 8 1 1 8 1 1 1 8 1 1 1 8 1 1 1 8 1 1 8 1 1 8 1 1 1 8 1 1 8 1
ciInstanceKlass org/jetbrains/kotlin/com/intellij/psi/PsiFileSystemItem 1 1 250 1 100 1 100 1 100 1 100 1 1 1 1 1 1 1 1 1 1 1 1 1 1 1 12 11 1 1 1 1 1 1 1 1 1 1 1 100 1 8 1 1 12 10 1 1 1 8 1 1 1 8 1 1 8 1 1 1 8 1 1 1 8 1 1 1 8 1 1 1 8 1 1 1 8 1 1 1 8 1 1 8 1 1 1 8 1 1 1 8 1 1 1 8 1 1 8 1 1 8 1 1 1 8 1 1 1 8 1 1 8 1 1 8 1 1 1 8 1 1 1 8 1 1 1 8 1 1 1 8 1 1 1 8 1 1 8 1 1 8 1 1 8 1 1 1 8 1 1 8 1 1 8 1 1 1 8 1 1 8 1 1 1 8 1 1 1 8 1 1 1 8 1 1 1 8 1 1 1 8 1 1 1 8 1 1 1 8 1 1 8 1 1 8 1 1 8 1 1 8 1 1 1 8 1 1 8 1 1 1 8 1 1 8 1 1 8 1 1 1 8 1 1 1 8 1 1 1 8 1 1 8 1 1 8 1 1 1 8 1 1 8 1 1 8 1 1 8 1 1
ciInstanceKlass org/jetbrains/kotlin/com/intellij/psi/PsiFile 1 1 289 1 7 1 100 1 100 1 1 1 1 1 1 1 1 1 1 1 1 1 1 1 1 1 1 1 1 1 1 1 1 1 1 1 1 1 1 12 11 1 100 1 1 12 10 1 100 1 100 1 1 12 10 1 12 11 1 1 1 12 9 1 1 1 1 1 1 1 1 1 100 1 8 1 1 12 10 1 1 1 8 1 1 1 8 1 1 1 8 1 1 1 8 1 1 8 1 1 8 1 1 1 8 1 1 1 8 1 1 1 8 1 1 1 8 1 1 1 8 1 1 1 8 1 1 8 1 1 1 8 1 1 1 8 1 1 1 8 1 1 8 1 1 8 1 1 1 8 1 1 8 1 1 8 1 1 1 8 1 1 1 8 1 1 1 8 1 1 1 8 1 1 8 1 1 8 1 1 8 1 1 8 1 1 1 8 1 1 8 1 1 8 1 1 1 8 1 1 8 1 1 1 8 1 1 1 8 1 1 1 8 1 1 1 8 1 1 1 8 1 1 1 8 1 1 1 8 1 1 8 1 1 8 1 1 8 1 1 8 1 1 1 8 1 1 8 1 1 1 8 1 1 8 1 1 8 1 1 1 8 1 1 1 8 1 1 1 8 1 1 8 1 1 8 1 1 1 8 1 1 8 1 1 8 1 1 1 8 1
staticfield org/jetbrains/kotlin/com/intellij/psi/PsiFile EMPTY_ARRAY [Lorg/jetbrains/kotlin/com/intellij/psi/PsiFile; 0 [Lorg/jetbrains/kotlin/com/intellij/psi/PsiFile;
ciInstanceKlass org/jetbrains/kotlin/com/intellij/openapi/progress/ProgressIndicator 1 0 45 1 100 1 100 1 1 100 1 100 1 1 1 1 1 1 1 1 1 1 1 1 1 1 1 1 1 1 1 1 1 1 1 1 1 1 1 1 1 100 1 1 1 1 1
ciInstanceKlass org/jetbrains/kotlin/com/intellij/openapi/progress/impl/CoreProgressManager$CheckCanceledBehavior 1 1 55 1 7 1 1 7 1 1 100 1 1 1 1 1 1 1 1 1 12 9 100 1 1 12 10 1 1 1 12 10 1 1 1 1 1 12 10 1 1 8 10 12 9 8 12 9 8 12 9 1 1 1 1 1 1
staticfield org/jetbrains/kotlin/com/intellij/openapi/progress/impl/CoreProgressManager$CheckCanceledBehavior NONE Lorg/jetbrains/kotlin/com/intellij/openapi/progress/impl/CoreProgressManager$CheckCanceledBehavior; org/jetbrains/kotlin/com/intellij/openapi/progress/impl/CoreProgressManager$CheckCanceledBehavior
staticfield org/jetbrains/kotlin/com/intellij/openapi/progress/impl/CoreProgressManager$CheckCanceledBehavior ONLY_HOOKS Lorg/jetbrains/kotlin/com/intellij/openapi/progress/impl/CoreProgressManager$CheckCanceledBehavior; org/jetbrains/kotlin/com/intellij/openapi/progress/impl/CoreProgressManager$CheckCanceledBehavior
staticfield org/jetbrains/kotlin/com/intellij/openapi/progress/impl/CoreProgressManager$CheckCanceledBehavior INDICATOR_PLUS_HOOKS Lorg/jetbrains/kotlin/com/intellij/openapi/progress/impl/CoreProgressManager$CheckCanceledBehavior; org/jetbrains/kotlin/com/intellij/openapi/progress/impl/CoreProgressManager$CheckCanceledBehavior
staticfield org/jetbrains/kotlin/com/intellij/openapi/progress/impl/CoreProgressManager$CheckCanceledBehavior $VALUES [Lorg/jetbrains/kotlin/com/intellij/openapi/progress/impl/CoreProgressManager$CheckCanceledBehavior; 3 [Lorg/jetbrains/kotlin/com/intellij/openapi/progress/impl/CoreProgressManager$CheckCanceledBehavior;
ciInstanceKlass org/jetbrains/kotlin/com/intellij/lang/ASTFactory$DefaultFactoryHolder 1 1 24 1 7 1 100 1 1 100 1 1 1 1 1 1 7 1 12 10 12 9 1 1 1 1
staticfield org/jetbrains/kotlin/com/intellij/lang/ASTFactory$DefaultFactoryHolder DEFAULT Lorg/jetbrains/kotlin/com/intellij/lang/DefaultASTFactoryImpl; org/jetbrains/kotlin/com/intellij/lang/DefaultASTFactoryImpl
ciInstanceKlass org/jetbrains/kotlin/com/intellij/openapi/util/KeyWithDefaultValue 0 0 68 1 100 1 1 100 1 1 100 1 1 1 1 1 1 12 10 12 10 1 1 1 1 1 1 1 1 1 1 1 1 12 10 1 1 1 1 8 1 100 1 100 1 100 8 1 8 8 8 8 1 1 12 10 1 100 10 1 1 1 1 1 1 1 1 1 1 1
instanceKlass org/jetbrains/kotlin/com/intellij/psi/impl/source/tree/ICodeFragmentElementType
instanceKlass org/jetbrains/kotlin/com/intellij/psi/tree/StubFileElementType
instanceKlass org/jetbrains/kotlin/com/intellij/openapi/fileTypes/PlainTextParserDefinition$1
ciInstanceKlass org/jetbrains/kotlin/com/intellij/psi/tree/IFileElementType 1 1 116 1 7 1 7 1 1 1 1 1 8 1 12 10 1 1 1 1 1 1 1 1 12 10 1 1 1 12 10 1 1 1 1 1 7 1 1 12 11 1 100 1 100 1 12 10 1 8 1 1 12 10 1 12 10 1 8 1 1 12 11 1 8 1 100 1 1 12 10 1 1 12 10 1 12 10 1 100 1 1 12 10 1 1 1 1 1 8 1 100 1 100 1 100 8 8 8 8 8 1 1 12 10 1 100 1 12 10 1 1 1 1 1 1 1 1
ciInstanceKlass org/jetbrains/kotlin/com/intellij/psi/tree/IElementType$Predicate 1 0 18 1 100 1 100 1 1 1 100 1 1 1 1 1 1 1 1 1
ciInstanceKlass org/jetbrains/kotlin/com/intellij/util/keyFMap/OneElementFMap 1 1 142 1 7 1 1 7 1 100 1 1 1 1 1 1 1 1 1 1 1 1 1 12 10 1 12 10 12 9 12 9 1 1 1 1 1 1 1 1 1 100 12 10 1 7 1 12 10 1 1 1 1 1 1 1 12 9 1 1 1 1 1 1 1 1 1 100 1 1 1 100 10 1 8 1 1 12 10 1 12 10 1 8 1 8 12 10 1 1 1 1 12 10 1 1 1 1 12 10 10 1 8 1 8 1 100 1 100 8 8 8 8 8 8 8 8 8 1 8 1 1 12 10 1 100 1 12 10 1 100 10 1 100 1 1 1 1 1 1 1 1 1 1
ciInstanceKlass org/jetbrains/kotlin/idea/KotlinLanguage 1 1 36 1 7 1 7 1 1 1 1 1 1 1 8 1 1 1 8 1 12 10 1 1 1 1 1 1 12 10 12 9 1 1 1 1 1 1
staticfield org/jetbrains/kotlin/idea/KotlinLanguage INSTANCE Lorg/jetbrains/kotlin/idea/KotlinLanguage; org/jetbrains/kotlin/idea/KotlinLanguage
ciInstanceKlass org/jetbrains/kotlin/parsing/KotlinParserDefinition 1 1 276 1 7 1 7 1 100 1 1 1 3 3 3 1 1 3 1 1 1 1 1 1 1 1 1 1 1 1 1 1 1 1 1 1 1 1 1 1 1 1 1 1 1 1 1 1 1 1 1 1 1 1 100 1 1 7 1 1 1 1 1 1 1 12 10 1 1 8 1 7 1 1 12 10 1 7 10 1 7 1 1 100 1 12 10 1 100 1 1 7 1 1 12 9 8 1 12 10 1 7 1 1 7 1 12 9 8 1 12 9 8 1 12 9 8 1 8 1 7 1 1 12 11 1 8 1 7 1 1 12 10 1 8 1 7 1 100 1 100 1 12 9 1 1 12 10 1 12 9 1 12 9 1 100 1 12 10 1 7 1 12 10 1 8 1 100 1 1 12 9 1 100 10 1 7 1 12 10 1 1 1 8 1 7 1 12 10 1 7 1 1 1 1 8 8 1 1 12 9 1 12 9 1 12 9 1 100 1 12 9 1 1 12 11 1 8 1 100 1 100 1 1 12 10 1 1 12 9 1 12 9 1 1 1 1 1 1 1 1 1 1 12 10 12 9 1 8 12 9 1 7 10 1 1 12 10 1 12 10 1 1 12 10 12 9 1 1 1 1 1 1 1 1 1 1 1
staticfield org/jetbrains/kotlin/parsing/KotlinParserDefinition Companion Lorg/jetbrains/kotlin/parsing/KotlinParserDefinition$Companion; org/jetbrains/kotlin/parsing/KotlinParserDefinition$Companion
staticfield org/jetbrains/kotlin/parsing/KotlinParserDefinition STD_SCRIPT_SUFFIX Ljava/lang/String; "kts"
staticfield org/jetbrains/kotlin/parsing/KotlinParserDefinition STD_SCRIPT_EXT Ljava/lang/String; ".kts"
ciInstanceKlass org/jetbrains/kotlin/com/intellij/psi/PsiInvalidElementAccessException 1 1 506 1 7 1 100 1 100 1 1 100 1 100 1 1 1 1 1 1 1 1 1 1 1 1 1 1 1 1 1 1 12 10 1 1 1 1 1 1 1 1 1 1 12 10 1 100 1 12 10 12 9 12 9 1 100 1 12 9 12 9 1 100 1 100 1 100 1 12 9 1 100 1 12 10 1 8 1 1 12 10 1 1 12 10 1 100 1 1 12 9 12 9 1 1 12 11 1 1 12 10 1 1 12 11 1 1 12 10 1 100 1 1 12 10 1 1 12 10 1 100 1 1 1 1 1 1 1 1 12 10 10 1 100 1 1 12 11 1 8 1 1 12 10 1 12 10 1 8 1 8 1 8 1 8 1 8 1 1 12 10 1 1 1 1 1 1 12 10 1 8 10 100 1 8 10 1 12 10 1 1 12 10 1 100 1 1 12 11 1 1 12 11 1 8 1 8 1 1 12 10 1 100 1 12 10 1 8 1 1 12 10 1 8 1 8 1 8 1 8 1 1 12 10 1 8 1 1 1 100 1 12 10 11 1 1 1 12 9 11 1 12 11 1 100 1 1 12 11 1 1 8 1 12 11 1 8 1 100 1 1 12 11 1 100 1 8 1 100 1 8 11 1 8 1 12 11 1 12 11 1 12 10 1 8 1 12 11 1 8 1 8 1 8 1 16 15 1 16 1 100 1 1 12 10 15 1 1 12 18 1 100 1 1 12 10 16 1 1 12 10 15 16 1 1 12 18 1 1 12 10 1 1 12 11 1 100 1 1 12 11 1 100 1 12 10 1 8 1 12 11 11 11 1 8 11 1 8 1 1 12 11 1 100 1 1 12 10 1 100 1 12 11 1 8 11 1 12 11 1 8 1 8 1 1 12 10 1 8 1 8 1 1 12 10 1 8 1 8 1 8 1 1 1 1 1 1 1 1 1 1 1 1 1 1 1 1 1 1 1 1 1 100 1 1 12 10 1 100 1 1 12 10 1 1 1 7 11 1 11 1 8 1 7 1 1 12 10 1 1 1 12 10 1 1 8 1 7 1 1 12 10 8 1 8 1 8 1 100 8 8 8 8 8 8 8 8 8 8 8 8 8 8 1 1 12 10 1 100 1 12 10 1 100 10 1 1 1 1 1 1 1 1 1 1 1 1
staticfield org/jetbrains/kotlin/com/intellij/psi/PsiInvalidElementAccessException INVALIDATION_TRACE Lorg/jetbrains/kotlin/com/intellij/openapi/util/Key; org/jetbrains/kotlin/com/intellij/openapi/util/Key
staticfield org/jetbrains/kotlin/com/intellij/psi/PsiInvalidElementAccessException REPORTING_EXCEPTION Lorg/jetbrains/kotlin/com/intellij/openapi/util/Key; org/jetbrains/kotlin/com/intellij/openapi/util/Key
ciInstanceKlass org/jetbrains/kotlin/com/intellij/openapi/ui/Queryable 1 0 14 1 100 1 100 1 1 1 1 1 1 1 1 1
ciInstanceKlass org/jetbrains/kotlin/com/intellij/psi/impl/PsiFileEx 1 0 287 1 100 1 100 1 100 1 1 1 1 1 1 1 1 1 1 8 1 100 1 1 12 10 12 9 1 1 1 1 1 100 1 8 1 1 12 10 1 1 1 8 1 1 1 8 1 1 1 8 1 1 1 8 1 1 1 8 1 1 1 8 1 1 1 8 1 1 1 8 1 1 8 1 1 1 8 1 1 1 8 1 1 1 8 1 1 8 1 1 1 8 1 1 1 8 1 1 1 8 1 1 1 8 1 1 1 8 1 1 1 8 1 1 1 8 1 1 8 1 1 1 8 1 1 8 1 1 1 8 1 1 8 1 1 8 1 1 1 8 1 1 8 1 1 8 1 1 1 8 1 1 1 8 1 1 1 8 1 1 1 8 1 1 8 1 1 8 1 1 8 1 1 8 1 1 1 8 1 1 8 1 1 8 1 1 1 8 1 1 8 1 1 1 8 1 1 1 8 1 1 1 8 1 1 1 8 1 1 8 1 1 1 8 1 1 1 8 1 1 8 1 1 8 1 1 8 1 1 8 1 1 1 8 1 1 8 1 1 1 8 1 1 8 1 1 8 1 1 1 8 1 1 1 8 1 1 1 8 1 1 8 1 1 8 1 1 1 8 1 1 8 1 1 8 1 1 1 8 1 1 8 1 1 8 1 1
ciInstanceKlass org/jetbrains/kotlin/com/intellij/psi/impl/source/PsiFileWithStubSupport 1 1 316 1 100 1 100 1 100 1 1 1 1 1 1 1 12 11 1 100 1 8 1 1 12 10 1 100 1 12 10 1 1 12 11 1 100 1 1 1 1 1 8 8 8 1 100 1 1 12 10 1 100 10 1 1 1 1 1 1 1 1 100 1 8 1 1 12 10 1 1 1 8 1 1 1 8 1 1 1 8 1 1 1 8 1 1 1 8 1 1 1 8 1 1 1 8 1 1 1 8 1 1 8 1 1 1 8 1 1 1 8 1 1 1 8 1 1 8 1 1 1 8 1 1 1 8 1 1 1 8 1 1 1 8 1 1 1 8 1 1 1 8 1 1 1 8 1 1 8 1 1 1 8 1 1 8 1 1 1 8 1 1 8 1 1 8 1 1 1 8 1 1 8 1 1 8 1 1 1 8 1 1 1 8 1 1 1 8 1 1 1 8 1 1 8 1 1 8 1 1 8 1 1 8 1 1 1 8 1 1 8 1 1 8 1 1 1 8 1 1 8 1 1 1 8 1 1 1 8 1 1 1 8 1 1 1 8 1 1 8 1 1 1 8 1 1 1 8 1 1 8 1 1 8 1 1 8 1 1 8 1 1 1 8 1 1 8 1 1 1 8 1 1 8 1 1 8 1 1 1 8 1 1 1 8 1 1 1 8 1 1 8 1 1 8 1 1 1 8 1 1 8 1 1 8 1 1 1 8 1 1 8 1 1 8 1 1
instanceKlass org/jetbrains/kotlin/com/intellij/extapi/psi/PsiFileBase
instanceKlass org/jetbrains/kotlin/com/intellij/psi/impl/source/DummyHolder
ciInstanceKlass org/jetbrains/kotlin/com/intellij/psi/impl/source/PsiFileImpl 1 1 1467 1 7 1 7 1 100 1 100 1 100 1 100 1 1 100 1 100 1 100 1 1 100 1 100 1 1 1 1 1 1 1 1 1 1 1 1 1 1 1 1 1 1 1 1 1 1 1 1 1 1 1 1 1 1 1 1 1 12 10 1 12 10 1 1 12 10 1 1 1 1 1 1 1 12 10 1 7 1 1 12 10 12 9 1 7 1 1 12 11 1 7 12 9 1 7 12 9 1 1 12 10 12 9 1 1 12 9 1 7 1 7 1 1 12 10 12 9 1 1 12 9 12 10 1 1 1 7 1 1 12 10 1 1 12 10 1 1 1 1 1 1 1 1 12 10 1 1 12 10 1 12 11 1 12 10 1 1 10 1 1 1 7 1 12 9 1 7 1 1 12 10 1 7 1 12 11 1 100 1 1 12 11 12 11 1 1 1 1 1 1 1 1 1 1 1 12 10 1 7 1 12 11 10 12 10 12 9 1 1 12 10 1 100 1 1 12 10 1 100 1 1 12 10 1 1 100 1 1 12 10 1 1 1 7 1 7 1 1 12 10 1 7 12 11 10 1 100 1 12 10 1 7 1 1 12 10 1 1 12 10 1 12 10 1 7 1 100 1 1 12 11 1 1 12 10 1 12 10 12 9 1 1 12 10 1 1 12 10 1 1 12 10 1 100 1 12 10 1 100 10 1 8 1 1 12 10 1 1 12 10 1 12 10 1 1 12 10 1 1 1 1 8 1 8 1 12 10 1 1 1 1 12 10 1 100 1 12 10 1 100 1 12 10 1 12 10 1 12 10 1 1 12 10 1 1 12 10 1 100 1 1 1 1 1 1 1 1 100 1 1 12 9 1 1 12 10 1 1 12 10 1 100 1 1 12 11 1 100 1 100 1 1 1 1 12 10 1 100 1 1 12 10 12 9 1 100 1 8 1 12 10 1 100 1 1 12 10 1 1 1 1 1 1 12 9 1 10 1 100 1 12 10 1 100 12 11 12 10 1 7 11 1 100 1 1 12 10 1 12 11 1 8 1 12 10 1 8 1 8 1 12 10 1 8 1 1 1 11 1 1 1 100 10 1 12 10 1 1 1 100 1 12 10 1 12 10 1 1 1 12 10 1 7 11 1 1 12 11 1 100 12 11 1 1 1 1 1 12 10 12 10 1 8 8 1 1 12 10 10 1 1 12 11 1 1 12 11 1 8 1 8 1 100 1 1 12 10 1 1 12 10 1 12 10 1 1 12 10 12 9 1 12 10 1 1 1 1 1 12 10 1 1 1 100 1 12 10 1 100 1 12 10 1 1 12 10 1 12 10 1 1 1 12 10 12 10 1 8 1 8 1 8 1 12 10 10 1 7 1 1 12 10 1 1 1 1 12 10 1 12 10 10 1 100 1 12 10 1 1 12 11 11 1 1 12 10 1 1 1 1 1 1 12 11 1 100 1 12 11 1 1 12 11 1 100 1 100 1 12 11 1 1 12 11 1 100 1 1 12 11 1 8 1 8 12 9 1 100 1 1 12 10 1 1 1 1 1 1 1 1 100 10 1 1 100 1 1 12 10 1 1 1 12 11 1 1 1 12 11 1 1 1 100 1 1 12 10 1 100 1 1 1 1 7 10 1 1 12 10 1 7 1 100 1 1 12 10 1 7 1 12 11 11 1 7 1 1 12 10 1 1 12 11 1 100 1 1 1 1 1 1 1 1 1 1 1 1 100 1 1 12 10 1 1 12 11 8 1 12 10 16 1 12 10 15 1 7 1 1 12 10 15 1 1 12 18 1 1 12 10 1 1 1 1 12 10 1 1 12 10 1 100 1 1 1 1 12 10 1 100 1 1 12 9 12 9 1 1 12 10 1 12 10 12 10 10 1 100 1 1 12 10 10 1 1 12 10 1 100 1 100 1 1 12 10 1 100 1 12 10 1 8 1 1 12 10 1 16 1 1 12 10 15 16 1 1 12 18 1 8 1 8 1 100 1 1 12 10 1 1 12 10 1 12 10 1 100 1 12 11 1 100 1 1 12 9 1 1 12 10 1 8 1 8 1 1 1 1 1 1 1 1 1 1 1 1 1 1 1 1 1 100 10 1 12 10 1 8 1 12 10 1 1 12 10 1 1 1 1 1 10 1 1 1 12 10 1 1 1 12 10 16 1 1 12 10 15 16 12 18 1 100 1 12 10 1 100 10 1 7 10 1 100 1 1 10 1 100 1 1 12 9 1 1 12 10 1 1 1 12 10 1 7 1 12 10 1 12 10 1 1 1 12 10 1 1 1 1 1 1 12 10 1 1 12 10 1 1 12 10 1 1 1 12 10 1 100 1 1 12 10 1 1 12 10 1 1 12 10 1 100 1 12 10 1 1 1 1 1 12 10 1 1 1 12 9 1 1 1 12 10 1 1 1 1 1 1 1 1 12 10 1 1 12 11 1 100 1 1 12 10 1 1 1 1 1 12 10 1 1 1 1 1 1 12 10 1 100 1 1 1 100 1 1 1 1 1 1 1 1 100 1 1 12 10 1 100 1 1 1 12 10 1 1 1 12 10 1 1 1 12 10 1 100 1 12 10 1 1 12 10 1 100 12 11 1 12 10 1 10 1 1 1 1 1 8 12 10 1 8 1 8 1 8 1 8 1 8 1 8 1 8 1 100 1 8 1 12 10 1 1 12 10 1 100 1 1 12 11 1 8 1 100 1 8 1 1 1 1 1 1 1 100 1 1 12 9 1 100 1 1 12 11 1 1 12 11 1 12 10 15 1 12 18 1 1 12 11 1 1 1 1 12 10 1 1 1 1 1 8 11 1 100 1 1 12 11 1 8 1 1 12 11 1 100 10 1 10 1 12 10 1 1 12 10 1 1 100 1 12 10 1 100 1 12 10 1 100 1 1 1 12 10 10 1 12 10 1 100 1 12 10 1 1 12 10 1 1 12 10 1 100 1 1 12 10 1 12 10 1 1 1 8 1 1 12 10 1 12 10 1 8 1 1 12 11 1 100 10 1 8 1 1 100 1 12 10 1 12 10 1 1 11 1 12 10 1 1 1 12 10 1 12 10 1 8 12 10 12 10 15 16 1 1 12 18 1 7 1 1 12 11 1 8 1 8 8 8 8 8 8 8 8 8 8 8 8 8 8 8 8 8 8 8 8 8 8 8 8 8 8 8 8 8 8 8 8 8 8 8 8 8 8 8 8 8 8 8 8 8 8 8 8 8 8 8 8 8 8 1 1 12 10 1 100 10 1 100 10 1 1 1 1 1 1 1 1 1 1 1 1 1 1 100 1 8 1 1 12 10 1 1 1 8 1 1
staticfield org/jetbrains/kotlin/com/intellij/psi/impl/source/PsiFileImpl LOG Lorg/jetbrains/kotlin/com/intellij/openapi/diagnostic/Logger; org/jetbrains/kotlin/com/intellij/openapi/diagnostic/DefaultLogger
staticfield org/jetbrains/kotlin/com/intellij/psi/impl/source/PsiFileImpl BUILDING_STUB Lorg/jetbrains/kotlin/com/intellij/openapi/util/Key; org/jetbrains/kotlin/com/intellij/openapi/util/Key
staticfield org/jetbrains/kotlin/com/intellij/psi/impl/source/PsiFileImpl FILE_BY_LANGUAGE_ID Ljava/util/Comparator; java/util/Comparator$$Lambda+0x0000000100166a50
staticfield org/jetbrains/kotlin/com/intellij/psi/impl/source/PsiFileImpl $assertionsDisabled Z 1
ciInstanceKlass org/jetbrains/kotlin/com/intellij/psi/PsiModifiableCodeBlock 1 0 9 1 100 1 100 1 1 1 1
ciInstanceKlass org/jetbrains/kotlin/psi/KtPureElement 1 0 15 1 100 1 100 1 1 1 1 1 1 1 1 1 1
ciInstanceKlass org/jetbrains/kotlin/psi/KtElement 1 0 269 1 100 1 100 1 100 1 100 1 1 1 3 3 3 1 1 3 1 1 1 1 1 1 1 1 1 1 1 1 1 1 1 1 1 1 1 1 1 1 1 1 1 1 1 1 1 1 1 1 1 1 1 100 1 8 1 1 12 10 1 1 1 8 1 1 1 8 1 1 8 1 1 1 8 1 1 1 8 1 1 1 8 1 1 1 8 1 1 1 8 1 1 1 8 1 1 8 1 1 1 8 1 1 8 1 1 1 8 1 1 1 8 1 1 8 1 1 8 1 1 1 8 1 1 1 8 1 1 8 1 1 8 1 1 1 8 1 1 1 8 1 1 1 8 1 1 1 8 1 1 8 1 1 8 1 1 8 1 1 8 1 1 1 8 1 1 8 1 1 8 1 1 1 8 1 1 8 1 1 1 8 1 1 1 8 1 1 1 8 1 1 1 8 1 1 1 8 1 1 1 8 1 1 1 8 1 1 8 1 1 8 1 1 8 1 1 8 1 1 1 8 1 1 8 1 1 1 8 1 1 8 1 1 8 1 1 1 8 1 1 1 8 1 1 1 8 1 1 8 1 1 8 1 1 1 8 1 1 8 1 1 8 1 1 1 8 1 1
instanceKlass org/jetbrains/kotlin/psi/KtCodeFragment
ciInstanceKlass org/jetbrains/kotlin/psi/KtFile 1 1 750 1 7 1 7 1 100 1 100 1 100 1 100 1 100 1 100 1 1 1 3 3 3 1 1 3 1 1 1 1 1 1 1 1 1 1 1 1 1 1 1 1 1 1 1 1 1 1 1 1 1 1 1 1 1 1 1 1 1 1 1 1 1 1 1 1 1 1 1 1 1 1 1 1 1 1 1 1 1 1 1 1 1 1 1 1 1 1 1 1 1 1 1 1 1 1 1 1 1 1 1 1 1 1 1 1 1 1 1 1 1 1 1 1 1 1 1 1 1 1 1 1 1 1 1 1 1 1 1 1 1 1 1 1 1 1 1 1 1 1 1 1 1 1 1 1 1 1 1 7 1 1 1 1 1 1 1 1 1 8 1 7 1 1 12 10 1 7 1 1 12 9 1 7 1 12 10 12 9 1 12 10 1 100 1 1 12 10 1 7 1 7 1 12 9 8 1 12 10 12 10 1 7 1 12 9 8 1 7 12 10 1 1 7 1 12 10 1 7 1 12 10 1 8 1 7 1 7 1 1 12 10 1 7 1 1 1 1 1 1 1 1 1 1 1 1 1 1 1 12 10 1 12 9 1 100 1 100 1 1 12 11 1 100 1 1 12 11 1 7 12 10 1 1 1 1 1 12 10 1 7 1 12 9 1 7 1 1 12 11 1 7 11 1 8 1 12 10 1 1 12 11 1 100 12 10 1 100 8 12 10 1 12 10 1 100 1 1 12 10 1 8 1 12 10 1 1 12 10 1 7 1 1 12 10 1 1 12 10 1 12 9 8 12 9 1 100 1 12 10 12 11 1 100 1 7 1 1 12 10 1 1 12 10 1 1 1 1 1 12 9 1 100 1 1 12 10 1 100 1 12 10 1 8 1 1 12 10 1 1 12 9 1 7 1 100 1 1 12 10 1 1 12 11 1 100 1 100 1 1 12 10 1 8 1 100 1 12 10 12 10 1 8 1 1 1 1 100 1 12 9 8 1 100 1 100 10 1 8 1 1 12 10 1 12 10 12 10 1 12 9 1 7 1 1 12 9 1 12 11 1 100 1 1 12 10 1 1 12 10 1 8 1 8 8 1 100 1 100 1 1 12 10 1 1 1 100 10 1 8 1 8 1 7 1 1 8 12 10 1 1 12 11 1 100 1 12 11 1 1 12 11 1 100 1 12 10 1 1 12 10 1 1 1 1 1 8 1 1 12 10 1 12 10 1 100 1 1 1 100 1 1 12 10 1 12 10 1 1 12 10 1 1 1 10 1 12 10 1 8 1 7 1 12 10 1 100 1 100 1 8 1 1 12 10 1 12 10 1 8 1 8 10 1 12 10 1 1 100 1 100 1 12 11 1 1 12 11 1 100 1 1 12 9 8 100 1 1 8 12 10 12 9 12 10 12 10 1 12 11 1 100 1 100 1 100 1 100 1 100 1 1 12 10 1 1 1 1 1 8 1 100 12 10 1 100 1 100 1 1 12 10 1 1 1 100 1 1 12 10 1 1 1 12 10 1 12 10 12 10 1 12 10 10 1 1 100 12 10 1 100 1 12 9 1 100 1 1 12 10 10 1 1 12 10 1 100 1 1 12 10 1 12 10 1 1 1 8 1 1 1 1 12 10 12 9 1 7 1 7 1 12 9 1 1 12 9 1 1 12 10 1 1 12 10 1 8 1 1 1 1 1 1 1 1 1 1 1 1 1
staticfield org/jetbrains/kotlin/psi/KtFile Companion Lorg/jetbrains/kotlin/psi/KtFile$Companion; org/jetbrains/kotlin/psi/KtFile$Companion
staticfield org/jetbrains/kotlin/psi/KtFile FILE_DECLARATION_TYPES Lorg/jetbrains/kotlin/com/intellij/psi/tree/TokenSet; org/jetbrains/kotlin/com/intellij/psi/tree/TokenSet
ciInstanceKlass org/jetbrains/kotlin/com/intellij/psi/tree/TokenSet 1 1 313 1 7 1 7 1 1 100 1 1 100 1 7 1 1 100 1 100 1 1 1 1 1 1 1 1 1 1 1 1 1 1 1 1 1 1 1 1 12 10 12 9 12 9 1 7 1 12 9 100 12 9 12 9 1 1 1 1 1 1 1 1 1 1 1 1 1 1 1 1 1 12 10 12 10 1 12 11 1 1 1 1 1 1 16 12 10 15 1 100 1 1 12 10 15 1 12 18 1 1 12 10 1 1 12 10 7 12 9 1 12 9 1 7 10 1 7 1 12 10 1 1 12 10 1 7 1 1 12 11 1 1 12 11 1 1 1 1 1 1 1 12 10 1 100 1 12 10 1 1 12 9 1 7 12 9 12 9 1 12 10 12 9 1 100 1 100 10 1 8 1 1 12 10 1 100 1 1 12 10 12 10 1 12 10 12 10 1 1 1 1 1 1 1 1 100 1 7 1 1 12 10 1 1 12 11 1 12 11 1 12 11 1 12 10 1 1 1 1 1 1 1 1 1 1 12 10 15 1 12 18 12 10 1 1 1 1 1 1 1 12 10 15 18 5 0 1 1 1 100 1 1 12 10 1 1 7 1 12 10 1 12 9 12 10 12 9 1 8 1 8 1 100 1 100 8 8 8 8 8 8 8 8 8 8 8 8 8 1 1 12 10 1 100 1 12 10 1 100 10 1 100 1 1 1 1 1 1 1 1 1 1 1
staticfield org/jetbrains/kotlin/com/intellij/psi/tree/TokenSet EMPTY Lorg/jetbrains/kotlin/com/intellij/psi/tree/TokenSet; org/jetbrains/kotlin/com/intellij/psi/tree/TokenSet
staticfield org/jetbrains/kotlin/com/intellij/psi/tree/TokenSet ANY Lorg/jetbrains/kotlin/com/intellij/psi/tree/TokenSet; org/jetbrains/kotlin/com/intellij/psi/tree/TokenSet
staticfield org/jetbrains/kotlin/com/intellij/psi/tree/TokenSet WHITE_SPACE Lorg/jetbrains/kotlin/com/intellij/psi/tree/TokenSet; org/jetbrains/kotlin/com/intellij/psi/tree/TokenSet
staticfield org/jetbrains/kotlin/com/intellij/psi/tree/TokenSet $assertionsDisabled Z 1
instanceKlass org/jetbrains/kotlin/psi/stubs/elements/KtDotQualifiedExpressionElementType
instanceKlass org/jetbrains/kotlin/psi/stubs/elements/KtStringTemplateExpressionElementType
instanceKlass org/jetbrains/kotlin/psi/stubs/elements/KtContractEffectListElementType
instanceKlass org/jetbrains/kotlin/psi/stubs/elements/KtValueArgumentListElementType
ciInstanceKlass org/jetbrains/kotlin/psi/stubs/elements/KtPlaceHolderStubElementType 1 1 109 1 100 1 1 7 1 1 1 1 1 1 1 1 12 10 1 7 1 12 10 1 1 1 1 1 1 1 1 1 1 1 1 100 1 100 1 12 10 1 1 1 1 1 1 1 1 1 1 100 1 100 1 1 1 1 1 1 1 1 1 1 1 100 12 10 1 12 10 1 12 10 1 8 1 100 1 100 1 100 8 8 8 8 8 8 8 8 8 8 1 1 12 10 1 100 1 12 10 1 1 1 1 1 1 1 1 1 1
ciInstanceKlass org/jetbrains/kotlin/psi/KtExpression 1 1 283 1 7 1 100 1 100 1 1 100 1 100 1 1 1 1 1 1 1 1 1 1 1 1 12 9 100 1 1 1 1 1 16 12 11 15 16 1 7 1 1 12 10 15 1 1 12 18 12 9 1 1 1 1 1 1 1 1 1 1 100 1 8 1 1 12 10 1 1 1 8 1 1 1 8 1 1 1 8 1 1 1 8 1 1 8 1 1 1 8 1 1 1 8 1 1 1 8 1 1 1 8 1 1 1 8 1 1 1 8 1 1 8 1 1 1 8 1 1 8 1 1 1 8 1 1 1 8 1 1 8 1 1 8 1 1 1 8 1 1 1 8 1 1 8 1 1 8 1 1 1 8 1 1 1 8 1 1 1 8 1 1 1 8 1 1 8 1 8 1 1 8 1 1 8 1 1 1 8 1 1 8 1 1 8 1 1 1 8 1 1 8 1 1 1 8 1 1 1 8 1 1 1 8 1 1 1 8 1 1 1 8 1 1 1 8 1 1 1 8 1 1 8 1 1 8 1 1 8 1 1 8 1 1 1 8 1 1 8 1 1 1 8 1 1 8 1 1 8 1 1 1 8 1 1 1 8 1 1 1 8 1 1 8 1 1 8 1 1 1 8 1 1 8 1 1 8 1 1 1 8 1 1
staticfield org/jetbrains/kotlin/psi/KtExpression EMPTY_ARRAY [Lorg/jetbrains/kotlin/psi/KtExpression; 0 [Lorg/jetbrains/kotlin/psi/KtExpression;
staticfield org/jetbrains/kotlin/psi/KtExpression ARRAY_FACTORY Lorg/jetbrains/kotlin/com/intellij/util/ArrayFactory; org/jetbrains/kotlin/psi/KtExpression$$Lambda+0x000000010055b128
ciInstanceKlass org/jetbrains/kotlin/psi/KtStatementExpression 1 0 7 1 100 1 100 1 1
instanceKlass org/jetbrains/kotlin/kdoc/lexer/KDocToken
instanceKlass org/jetbrains/kotlin/lexer/KtSingleValueToken
ciInstanceKlass org/jetbrains/kotlin/lexer/KtToken 1 1 60 1 7 1 7 1 1 1 1 1 1 1 1 1 1 12 10 1 12 10 1 1 1 1 1 7 1 1 12 9 1 12 10 12 9 1 8 1 100 8 8 8 1 100 1 1 12 10 1 100 12 10 1 1 1 1 1 1 1 1
instanceKlass org/jetbrains/kotlin/lexer/KtKeywordToken
ciInstanceKlass org/jetbrains/kotlin/lexer/KtSingleValueToken 1 1 70 1 7 1 7 1 1 1 1 1 1 1 1 1 1 12 10 1 12 10 12 9 1 1 1 1 1 1 12 10 1 1 1 1 1 100 1 8 1 8 1 100 1 100 8 8 8 8 8 1 1 12 10 1 100 10 1 100 10 1 100 1 1 1 1 1 1 1 1 1
ciInstanceKlass org/jetbrains/kotlin/lexer/KtModifierKeywordToken 1 1 64 1 7 1 7 1 1 1 1 1 1 12 10 1 1 1 1 12 10 1 1 1 1 1 1 1 12 10 10 1 1 1 1 1 10 1 8 1 100 1 100 1 100 8 8 8 8 1 1 12 10 1 100 1 12 10 1 1 1 1 1 1 1 1
ciInstanceKlass org/jetbrains/kotlin/com/intellij/psi/TokenType 1 1 58 1 7 1 100 1 1 7 1 1 1 1 1 1 1 1 1 1 7 1 12 10 12 9 1 7 8 1 7 1 1 12 9 1 12 10 12 9 8 12 9 8 10 12 9 1 7 8 10 12 9 8 12 9 1 1 1 1
staticfield org/jetbrains/kotlin/com/intellij/psi/TokenType WHITE_SPACE Lorg/jetbrains/kotlin/com/intellij/psi/tree/IElementType; org/jetbrains/kotlin/com/intellij/psi/WhiteSpaceTokenType
staticfield org/jetbrains/kotlin/com/intellij/psi/TokenType BAD_CHARACTER Lorg/jetbrains/kotlin/com/intellij/psi/tree/IElementType; org/jetbrains/kotlin/com/intellij/psi/tree/IElementType
staticfield org/jetbrains/kotlin/com/intellij/psi/TokenType NEW_LINE_INDENT Lorg/jetbrains/kotlin/com/intellij/psi/tree/IElementType; org/jetbrains/kotlin/com/intellij/psi/tree/IElementType
staticfield org/jetbrains/kotlin/com/intellij/psi/TokenType ERROR_ELEMENT Lorg/jetbrains/kotlin/com/intellij/psi/tree/IElementType; org/jetbrains/kotlin/com/intellij/psi/TokenType$1
staticfield org/jetbrains/kotlin/com/intellij/psi/TokenType CODE_FRAGMENT Lorg/jetbrains/kotlin/com/intellij/psi/tree/IElementType; org/jetbrains/kotlin/com/intellij/psi/tree/IFileElementType
staticfield org/jetbrains/kotlin/com/intellij/psi/TokenType DUMMY_HOLDER Lorg/jetbrains/kotlin/com/intellij/psi/tree/IElementType; org/jetbrains/kotlin/com/intellij/psi/tree/IFileElementType
ciInstanceKlass org/jetbrains/kotlin/com/intellij/psi/tree/IReparseableLeafElementType 1 0 17 1 100 1 1 100 1 1 1 1 1 1 1 1 1 1 1
ciInstanceKlass org/jetbrains/kotlin/com/intellij/psi/WhiteSpaceTokenType 1 1 114 1 100 1 1 7 1 100 1 1 1 1 8 1 7 1 1 12 9 1 12 10 1 1 1 1 1 1 1 1 12 10 1 100 1 100 1 1 12 11 1 100 1 1 12 11 1 100 1 1 12 9 1 1 12 10 1 100 1 1 12 11 1 1 12 11 1 100 1 1 12 10 1 12 11 1 1 1 1 1 1 1 1 1 1 8 1 100 1 100 1 100 8 8 8 8 1 1 12 10 1 100 1 12 10 1 1 1 1 1 1 1 1 1
instanceKlass org/jetbrains/kotlin/com/intellij/util/text/ImmutableText
ciInstanceKlass org/jetbrains/kotlin/com/intellij/util/text/ImmutableCharSequence 1 1 102 1 7 1 7 1 7 1 1 1 12 10 1 1 1 1 1 1 3 1 1 1 12 10 1 1 12 10 1 1 12 11 1 1 1 7 1 1 12 10 1 1 1 1 1 1 1 12 10 12 10 1 1 1 1 1 8 1 100 1 100 8 8 8 8 8 8 1 1 12 10 1 100 1 12 10 1 1 1 1 1 1 1 1 1 100 1 8 1 1 12 10 1 1 1 8 1 1 1 8 1 1
ciInstanceKlass org/jetbrains/kotlin/com/intellij/util/text/CharArrayExternalizable 1 0 31 1 100 1 100 1 100 1 1 1 1 1 1 1 100 1 8 1 1 12 10 1 1 1 8 1 1 1 8 1 1
ciInstanceKlass org/jetbrains/kotlin/com/intellij/util/text/ImmutableText 1 1 285 1 7 1 7 1 100 1 100 1 1 100 1 7 1 1 7 1 1 1 1 1 1 1 1 1 1 1 1 12 10 12 9 1 1 1 1 1 1 1 12 10 1 7 1 12 10 1 7 1 12 10 1 1 1 7 12 10 1 1 12 11 12 9 1 1 12 11 1 1 1 10 1 1 12 10 1 1 12 11 1 12 10 1 1 1 1 12 10 1 1 12 10 1 1 1 1 12 10 1 1 1 1 1 12 10 1 12 10 1 100 10 12 10 12 10 1 1 1 1 7 1 12 10 1 1 1 100 1 1 12 10 1 12 9 1 100 1 1 12 10 1 1 1 12 9 12 9 12 9 1 1 12 10 1 12 9 12 11 1 1 1 12 10 1 12 10 1 12 9 1 12 9 1 1 1 1 1 100 10 1 8 1 1 12 10 1 12 10 1 8 10 1 12 10 1 1 1 12 10 1 1 1 12 10 10 10 1 1 12 10 1 1 12 10 1 1 12 10 1 12 10 1 1 1 1 1 1 1 1 1 1 1 1 1 1 1 8 1 8 1 8 1 100 1 100 8 8 8 1 8 8 8 8 8 8 8 8 8 8 8 8 8 8 1 1 12 10 1 100 10 1 100 10 1 100 1 1 1 1 1 1 1 1 1
staticfield org/jetbrains/kotlin/com/intellij/util/text/ImmutableText EMPTY Lorg/jetbrains/kotlin/com/intellij/util/text/ImmutableText; org/jetbrains/kotlin/com/intellij/util/text/ImmutableText
ciInstanceKlass org/jetbrains/kotlin/com/intellij/util/keyFMap/ArrayBackedFMap 1 1 219 1 7 1 7 1 100 1 1 1 1 1 1 1 1 1 1 12 10 1 12 10 12 9 12 9 1 1 1 1 1 1 7 1 1 12 10 1 1 12 10 100 1 1 12 10 12 10 1 12 10 1 7 1 1 12 10 1 12 10 1 100 1 12 10 1 1 1 1 1 1 1 1 1 1 1 1 1 1 1 1 1 12 10 1 1 12 9 1 100 1 12 10 1 100 1 12 10 1 1 12 10 1 1 12 9 1 12 10 1 1 1 1 1 1 1 1 1 1 1 1 100 1 8 1 12 10 1 12 10 1 8 1 8 1 100 1 1 12 10 1 12 10 1 8 1 8 12 10 1 1 1 1 1 1 1 1 12 10 1 100 100 1 100 1 1 12 10 1 1 1 1 10 1 1 1 12 10 1 1 8 1 8 8 8 8 8 8 8 8 8 8 8 8 8 1 8 1 1 12 10 1 100 10 1 100 10 1 100 1 1 1 1 1 1 1 1 1 1
ciInstanceKlass org/jetbrains/kotlin/com/intellij/util/text/ByteArrayCharSequence 1 1 143 1 7 1 7 1 100 1 1 100 1 100 1 1 1 1 1 1 1 1 1 1 1 1 1 1 12 10 1 12 10 12 9 12 9 12 9 1 1 1 1 1 1 1 12 9 1 12 10 1 100 1 1 12 10 1 1 1 1 1 1 12 10 1 1 1 7 1 7 1 1 12 9 1 12 10 1 1 1 1 1 1 1 1 7 1 7 1 8 1 1 12 10 12 9 1 1 1 1 8 1 8 1 100 8 1 8 8 1 8 1 8 1 8 1 8 1 8 8 1 8 1 1 12 10 1 100 1 12 10 1 100 10 1 100 1 1 1 1 1 1 1 1
staticfield org/jetbrains/kotlin/com/intellij/util/text/ByteArrayCharSequence JAVA_9 Z 1
ciInstanceKlass org/jetbrains/kotlin/lexer/KtTokens 1 1 1212 1 7 1 100 1 1 1 3 1 3 1 3 1 3 1 3 1 3 1 3 1 3 1 3 1 3 1 3 1 3 1 3 1 3 1 3 1 3 1 3 1 3 1 3 1 3 1 3 1 3 1 3 1 3 1 3 1 3 1 3 1 3 1 3 1 3 1 3 1 3 1 3 1 3 1 3 1 3 1 3 1 3 1 3 1 3 1 3 1 3 1 3 1 3 1 3 1 3 1 3 1 3 1 3 1 3 1 3 1 3 1 3 1 3 1 3 1 3 1 3 1 3 1 3 1 3 1 3 1 3 1 3 1 3 1 3 1 3 1 3 1 3 1 3 1 3 1 3 1 3 1 3 1 3 1 3 1 3 1 3 1 3 1 3 1 3 1 3 1 3 1 3 1 3 1 3 1 3 1 3 1 3 1 3 1 3 1 3 1 3 1 3 1 3 1 3 1 3 1 3 1 3 1 3 1 3 1 3 1 3 1 3 1 3 1 3 1 3 1 3 1 3 1 3 1 3 1 3 1 3 1 3 1 3 1 3 1 3 1 3 1 3 1 3 1 3 1 3 1 3 1 3 1 3 1 3 1 3 1 3 1 3 1 3 1 3 1 3 1 3 1 3 1 3 1 3 1 3 1 3 1 3 1 3 1 3 1 3 1 3 1 3 1 3 1 3 1 3 1 3 1 3 1 3 1 1 1 1 1 1 1 1 1 1 1 1 1 1 1 1 1 1 1 1 1 1 1 1 1 1 1 1 1 1 1 1 1 1 1 1 1 1 1 1 1 1 1 1 1 1 1 1 1 1 1 1 1 1 1 1 1 1 1 1 1 1 1 1 1 1 1 1 1 1 1 1 1 1 1 1 1 1 1 1 1 1 1 1 1 1 1 1 1 1 1 1 1 1 1 1 1 1 1 1 1 1 1 1 1 1 1 1 1 1 1 1 1 1 1 1 1 1 1 1 1 1 1 1 1 1 1 1 1 1 1 1 1 1 1 1 1 1 1 1 1 1 1 1 1 1 1 1 1 1 1 1 1 1 1 1 1 1 1 1 1 1 1 1 1 1 1 1 1 1 1 1 1 1 1 1 1 1 1 7 8 1 1 12 10 12 9 8 12 9 8 12 9 8 12 9 8 12 9 1 7 1 1 12 9 12 9 1 7 12 9 9 8 12 9 1 8 12 9 8 12 9 8 12 9 8 12 9 8 12 9 8 12 9 8 12 9 8 12 9 8 12 9 8 12 9 1 8 1 7 1 1 12 10 12 9 1 8 12 9 1 8 12 9 1 8 12 9 1 8 12 9 1 8 12 9 1 8 12 9 1 8 12 9 1 8 1 7 1 1 12 10 12 9 1 8 12 9 1 8 12 9 1 8 12 9 1 8 12 9 1 8 12 9 1 8 12 9 1 8 12 9 1 8 12 9 1 8 12 9 1 8 12 9 1 8 12 9 1 8 12 9 1 8 12 9 1 8 12 9 1 8 12 9 1 8 12 9 1 8 12 9 1 8 12 9 1 8 12 9 8 12 9 8 12 9 8 12 9 1 7 8 1 8 1 12 10 12 9 8 1 8 12 9 8 1 8 12 9 8 1 8 12 9 8 1 8 12 9 8 1 8 12 9 8 1 8 12 9 8 1 8 12 9 8 1 8 12 9 8 1 8 12 9 8 1 8 12 9 8 1 8 12 9 8 1 8 12 9 8 1 8 12 9 8 1 8 12 9 8 1 8 12 9 8 1 8 12 9 8 1 8 12 9 8 1 8 12 9 8 1 8 12 9 8 1 8 12 9 8 1 8 12 9 8 1 8 12 9 8 1 8 12 9 8 1 8 12 9 8 1 8 12 9 8 1 8 12 9 8 1 8 12 9 8 1 8 12 9 8 1 8 12 9 8 1 8 12 9 8 1 8 12 9 8 1 8 12 9 8 1 8 12 9 8 1 8 12 9 8 1 8 12 9 8 1 8 12 9 8 1 8 12 9 8 1 8 12 9 8 1 8 12 9 8 1 8 12 9 8 1 8 12 9 8 1 8 12 9 8 1 8 12 9 8 1 8 1 12 10 12 9 8 1 8 12 9 8 1 8 12 9 8 1 8 12 9 8 1 8 12 9 8 12 9 1 8 1 12 10 12 9 1 8 12 9 1 8 12 9 1 8 12 9 1 8 12 9 1 8 12 9 1 8 12 9 1 8 12 9 1 8 12 9 1 8 12 9 1 8 12 9 1 8 12 9 1 8 12 9 1 8 12 9 1 8 12 9 1 8 1 12 10 12 9 1 8 12 9 1 8 12 9 1 8 12 9 1 8 12 9 1 8 12 9 1 8 12 9 1 8 12 9 1 8 12 9 1 8 12 9 1 8 12 9 1 8 12 9 1 8 12 9 1 8 12 9 1 8 12 9 1 8 12 9 1 8 12 9 12 9 1 8 12 9 1 8 12 9 1 8 12 9 1 8 12 9 1 8 12 9 1 8 12 9 1 8 12 9 1 8 12 9 1 8 12 9 1 8 12 9 1 8 12 9 1 8 12 9 1 8 12 9 1 8 12 9 1 8 12 9 1 8 12 9 1 8 12 9 1 8 12 9 1 8 12 9 1 7 1 7 1 1 12 10 12 9 12 9 12 9 12 9 12 9 12 9 12 9 12 9 12 9 12 9 12 9 1 1 12 10 12 9 12 9 12 9 12 9 12 9 12 9 1 7 1 12 9 1 12 9 12 9 1 1 1 1
staticfield org/jetbrains/kotlin/lexer/KtTokens EOF Lorg/jetbrains/kotlin/lexer/KtToken; org/jetbrains/kotlin/lexer/KtToken
staticfield org/jetbrains/kotlin/lexer/KtTokens RESERVED Lorg/jetbrains/kotlin/lexer/KtToken; org/jetbrains/kotlin/lexer/KtToken
staticfield org/jetbrains/kotlin/lexer/KtTokens BLOCK_COMMENT Lorg/jetbrains/kotlin/lexer/KtToken; org/jetbrains/kotlin/lexer/KtToken
staticfield org/jetbrains/kotlin/lexer/KtTokens EOL_COMMENT Lorg/jetbrains/kotlin/lexer/KtToken; org/jetbrains/kotlin/lexer/KtToken
staticfield org/jetbrains/kotlin/lexer/KtTokens SHEBANG_COMMENT Lorg/jetbrains/kotlin/lexer/KtToken; org/jetbrains/kotlin/lexer/KtToken
staticfield org/jetbrains/kotlin/lexer/KtTokens DOC_COMMENT Lorg/jetbrains/kotlin/com/intellij/psi/tree/IElementType; org/jetbrains/kotlin/kdoc/lexer/KDocTokens$1
staticfield org/jetbrains/kotlin/lexer/KtTokens WHITE_SPACE Lorg/jetbrains/kotlin/com/intellij/psi/tree/IElementType; org/jetbrains/kotlin/com/intellij/psi/WhiteSpaceTokenType
staticfield org/jetbrains/kotlin/lexer/KtTokens INTEGER_LITERAL Lorg/jetbrains/kotlin/lexer/KtToken; org/jetbrains/kotlin/lexer/KtToken
staticfield org/jetbrains/kotlin/lexer/KtTokens FLOAT_LITERAL Lorg/jetbrains/kotlin/lexer/KtToken; org/jetbrains/kotlin/lexer/KtToken
staticfield org/jetbrains/kotlin/lexer/KtTokens CHARACTER_LITERAL Lorg/jetbrains/kotlin/lexer/KtToken; org/jetbrains/kotlin/lexer/KtToken
staticfield org/jetbrains/kotlin/lexer/KtTokens CLOSING_QUOTE Lorg/jetbrains/kotlin/lexer/KtToken; org/jetbrains/kotlin/lexer/KtToken
staticfield org/jetbrains/kotlin/lexer/KtTokens OPEN_QUOTE Lorg/jetbrains/kotlin/lexer/KtToken; org/jetbrains/kotlin/lexer/KtToken
staticfield org/jetbrains/kotlin/lexer/KtTokens REGULAR_STRING_PART Lorg/jetbrains/kotlin/lexer/KtToken; org/jetbrains/kotlin/lexer/KtToken
staticfield org/jetbrains/kotlin/lexer/KtTokens ESCAPE_SEQUENCE Lorg/jetbrains/kotlin/lexer/KtToken; org/jetbrains/kotlin/lexer/KtToken
staticfield org/jetbrains/kotlin/lexer/KtTokens SHORT_TEMPLATE_ENTRY_START Lorg/jetbrains/kotlin/lexer/KtToken; org/jetbrains/kotlin/lexer/KtToken
staticfield org/jetbrains/kotlin/lexer/KtTokens LONG_TEMPLATE_ENTRY_START Lorg/jetbrains/kotlin/lexer/KtToken; org/jetbrains/kotlin/lexer/KtToken
staticfield org/jetbrains/kotlin/lexer/KtTokens LONG_TEMPLATE_ENTRY_END Lorg/jetbrains/kotlin/lexer/KtToken; org/jetbrains/kotlin/lexer/KtToken
staticfield org/jetbrains/kotlin/lexer/KtTokens DANGLING_NEWLINE Lorg/jetbrains/kotlin/lexer/KtToken; org/jetbrains/kotlin/lexer/KtToken
staticfield org/jetbrains/kotlin/lexer/KtTokens PACKAGE_KEYWORD Lorg/jetbrains/kotlin/lexer/KtKeywordToken; org/jetbrains/kotlin/lexer/KtKeywordToken
staticfield org/jetbrains/kotlin/lexer/KtTokens AS_KEYWORD Lorg/jetbrains/kotlin/lexer/KtKeywordToken; org/jetbrains/kotlin/lexer/KtKeywordToken
staticfield org/jetbrains/kotlin/lexer/KtTokens TYPE_ALIAS_KEYWORD Lorg/jetbrains/kotlin/lexer/KtKeywordToken; org/jetbrains/kotlin/lexer/KtKeywordToken
staticfield org/jetbrains/kotlin/lexer/KtTokens CLASS_KEYWORD Lorg/jetbrains/kotlin/lexer/KtKeywordToken; org/jetbrains/kotlin/lexer/KtKeywordToken
staticfield org/jetbrains/kotlin/lexer/KtTokens THIS_KEYWORD Lorg/jetbrains/kotlin/lexer/KtKeywordToken; org/jetbrains/kotlin/lexer/KtKeywordToken
staticfield org/jetbrains/kotlin/lexer/KtTokens SUPER_KEYWORD Lorg/jetbrains/kotlin/lexer/KtKeywordToken; org/jetbrains/kotlin/lexer/KtKeywordToken
staticfield org/jetbrains/kotlin/lexer/KtTokens VAL_KEYWORD Lorg/jetbrains/kotlin/lexer/KtKeywordToken; org/jetbrains/kotlin/lexer/KtKeywordToken
staticfield org/jetbrains/kotlin/lexer/KtTokens VAR_KEYWORD Lorg/jetbrains/kotlin/lexer/KtKeywordToken; org/jetbrains/kotlin/lexer/KtKeywordToken
staticfield org/jetbrains/kotlin/lexer/KtTokens FUN_KEYWORD Lorg/jetbrains/kotlin/lexer/KtModifierKeywordToken; org/jetbrains/kotlin/lexer/KtModifierKeywordToken
staticfield org/jetbrains/kotlin/lexer/KtTokens FOR_KEYWORD Lorg/jetbrains/kotlin/lexer/KtKeywordToken; org/jetbrains/kotlin/lexer/KtKeywordToken
staticfield org/jetbrains/kotlin/lexer/KtTokens NULL_KEYWORD Lorg/jetbrains/kotlin/lexer/KtKeywordToken; org/jetbrains/kotlin/lexer/KtKeywordToken
staticfield org/jetbrains/kotlin/lexer/KtTokens TRUE_KEYWORD Lorg/jetbrains/kotlin/lexer/KtKeywordToken; org/jetbrains/kotlin/lexer/KtKeywordToken
staticfield org/jetbrains/kotlin/lexer/KtTokens FALSE_KEYWORD Lorg/jetbrains/kotlin/lexer/KtKeywordToken; org/jetbrains/kotlin/lexer/KtKeywordToken
staticfield org/jetbrains/kotlin/lexer/KtTokens IS_KEYWORD Lorg/jetbrains/kotlin/lexer/KtKeywordToken; org/jetbrains/kotlin/lexer/KtKeywordToken
staticfield org/jetbrains/kotlin/lexer/KtTokens IN_KEYWORD Lorg/jetbrains/kotlin/lexer/KtModifierKeywordToken; org/jetbrains/kotlin/lexer/KtModifierKeywordToken
staticfield org/jetbrains/kotlin/lexer/KtTokens THROW_KEYWORD Lorg/jetbrains/kotlin/lexer/KtKeywordToken; org/jetbrains/kotlin/lexer/KtKeywordToken
staticfield org/jetbrains/kotlin/lexer/KtTokens RETURN_KEYWORD Lorg/jetbrains/kotlin/lexer/KtKeywordToken; org/jetbrains/kotlin/lexer/KtKeywordToken
staticfield org/jetbrains/kotlin/lexer/KtTokens BREAK_KEYWORD Lorg/jetbrains/kotlin/lexer/KtKeywordToken; org/jetbrains/kotlin/lexer/KtKeywordToken
staticfield org/jetbrains/kotlin/lexer/KtTokens CONTINUE_KEYWORD Lorg/jetbrains/kotlin/lexer/KtKeywordToken; org/jetbrains/kotlin/lexer/KtKeywordToken
staticfield org/jetbrains/kotlin/lexer/KtTokens OBJECT_KEYWORD Lorg/jetbrains/kotlin/lexer/KtKeywordToken; org/jetbrains/kotlin/lexer/KtKeywordToken
staticfield org/jetbrains/kotlin/lexer/KtTokens IF_KEYWORD Lorg/jetbrains/kotlin/lexer/KtKeywordToken; org/jetbrains/kotlin/lexer/KtKeywordToken
staticfield org/jetbrains/kotlin/lexer/KtTokens TRY_KEYWORD Lorg/jetbrains/kotlin/lexer/KtKeywordToken; org/jetbrains/kotlin/lexer/KtKeywordToken
staticfield org/jetbrains/kotlin/lexer/KtTokens ELSE_KEYWORD Lorg/jetbrains/kotlin/lexer/KtKeywordToken; org/jetbrains/kotlin/lexer/KtKeywordToken
staticfield org/jetbrains/kotlin/lexer/KtTokens WHILE_KEYWORD Lorg/jetbrains/kotlin/lexer/KtKeywordToken; org/jetbrains/kotlin/lexer/KtKeywordToken
staticfield org/jetbrains/kotlin/lexer/KtTokens DO_KEYWORD Lorg/jetbrains/kotlin/lexer/KtKeywordToken; org/jetbrains/kotlin/lexer/KtKeywordToken
staticfield org/jetbrains/kotlin/lexer/KtTokens WHEN_KEYWORD Lorg/jetbrains/kotlin/lexer/KtKeywordToken; org/jetbrains/kotlin/lexer/KtKeywordToken
staticfield org/jetbrains/kotlin/lexer/KtTokens INTERFACE_KEYWORD Lorg/jetbrains/kotlin/lexer/KtKeywordToken; org/jetbrains/kotlin/lexer/KtKeywordToken
staticfield org/jetbrains/kotlin/lexer/KtTokens TYPEOF_KEYWORD Lorg/jetbrains/kotlin/lexer/KtKeywordToken; org/jetbrains/kotlin/lexer/KtKeywordToken
staticfield org/jetbrains/kotlin/lexer/KtTokens AS_SAFE Lorg/jetbrains/kotlin/lexer/KtToken; org/jetbrains/kotlin/lexer/KtKeywordToken
staticfield org/jetbrains/kotlin/lexer/KtTokens IDENTIFIER Lorg/jetbrains/kotlin/lexer/KtToken; org/jetbrains/kotlin/lexer/KtToken
staticfield org/jetbrains/kotlin/lexer/KtTokens FIELD_IDENTIFIER Lorg/jetbrains/kotlin/lexer/KtToken; org/jetbrains/kotlin/lexer/KtToken
staticfield org/jetbrains/kotlin/lexer/KtTokens LBRACKET Lorg/jetbrains/kotlin/lexer/KtSingleValueToken; org/jetbrains/kotlin/lexer/KtSingleValueToken
staticfield org/jetbrains/kotlin/lexer/KtTokens RBRACKET Lorg/jetbrains/kotlin/lexer/KtSingleValueToken; org/jetbrains/kotlin/lexer/KtSingleValueToken
staticfield org/jetbrains/kotlin/lexer/KtTokens LBRACE Lorg/jetbrains/kotlin/lexer/KtSingleValueToken; org/jetbrains/kotlin/lexer/KtSingleValueToken
staticfield org/jetbrains/kotlin/lexer/KtTokens RBRACE Lorg/jetbrains/kotlin/lexer/KtSingleValueToken; org/jetbrains/kotlin/lexer/KtSingleValueToken
staticfield org/jetbrains/kotlin/lexer/KtTokens LPAR Lorg/jetbrains/kotlin/lexer/KtSingleValueToken; org/jetbrains/kotlin/lexer/KtSingleValueToken
staticfield org/jetbrains/kotlin/lexer/KtTokens RPAR Lorg/jetbrains/kotlin/lexer/KtSingleValueToken; org/jetbrains/kotlin/lexer/KtSingleValueToken
staticfield org/jetbrains/kotlin/lexer/KtTokens DOT Lorg/jetbrains/kotlin/lexer/KtSingleValueToken; org/jetbrains/kotlin/lexer/KtSingleValueToken
staticfield org/jetbrains/kotlin/lexer/KtTokens PLUSPLUS Lorg/jetbrains/kotlin/lexer/KtSingleValueToken; org/jetbrains/kotlin/lexer/KtSingleValueToken
staticfield org/jetbrains/kotlin/lexer/KtTokens MINUSMINUS Lorg/jetbrains/kotlin/lexer/KtSingleValueToken; org/jetbrains/kotlin/lexer/KtSingleValueToken
staticfield org/jetbrains/kotlin/lexer/KtTokens MUL Lorg/jetbrains/kotlin/lexer/KtSingleValueToken; org/jetbrains/kotlin/lexer/KtSingleValueToken
staticfield org/jetbrains/kotlin/lexer/KtTokens PLUS Lorg/jetbrains/kotlin/lexer/KtSingleValueToken; org/jetbrains/kotlin/lexer/KtSingleValueToken
staticfield org/jetbrains/kotlin/lexer/KtTokens MINUS Lorg/jetbrains/kotlin/lexer/KtSingleValueToken; org/jetbrains/kotlin/lexer/KtSingleValueToken
staticfield org/jetbrains/kotlin/lexer/KtTokens EXCL Lorg/jetbrains/kotlin/lexer/KtSingleValueToken; org/jetbrains/kotlin/lexer/KtSingleValueToken
staticfield org/jetbrains/kotlin/lexer/KtTokens DIV Lorg/jetbrains/kotlin/lexer/KtSingleValueToken; org/jetbrains/kotlin/lexer/KtSingleValueToken
staticfield org/jetbrains/kotlin/lexer/KtTokens PERC Lorg/jetbrains/kotlin/lexer/KtSingleValueToken; org/jetbrains/kotlin/lexer/KtSingleValueToken
staticfield org/jetbrains/kotlin/lexer/KtTokens LT Lorg/jetbrains/kotlin/lexer/KtSingleValueToken; org/jetbrains/kotlin/lexer/KtSingleValueToken
staticfield org/jetbrains/kotlin/lexer/KtTokens GT Lorg/jetbrains/kotlin/lexer/KtSingleValueToken; org/jetbrains/kotlin/lexer/KtSingleValueToken
staticfield org/jetbrains/kotlin/lexer/KtTokens LTEQ Lorg/jetbrains/kotlin/lexer/KtSingleValueToken; org/jetbrains/kotlin/lexer/KtSingleValueToken
staticfield org/jetbrains/kotlin/lexer/KtTokens GTEQ Lorg/jetbrains/kotlin/lexer/KtSingleValueToken; org/jetbrains/kotlin/lexer/KtSingleValueToken
staticfield org/jetbrains/kotlin/lexer/KtTokens EQEQEQ Lorg/jetbrains/kotlin/lexer/KtSingleValueToken; org/jetbrains/kotlin/lexer/KtSingleValueToken
staticfield org/jetbrains/kotlin/lexer/KtTokens ARROW Lorg/jetbrains/kotlin/lexer/KtSingleValueToken; org/jetbrains/kotlin/lexer/KtSingleValueToken
staticfield org/jetbrains/kotlin/lexer/KtTokens DOUBLE_ARROW Lorg/jetbrains/kotlin/lexer/KtSingleValueToken; org/jetbrains/kotlin/lexer/KtSingleValueToken
staticfield org/jetbrains/kotlin/lexer/KtTokens EXCLEQEQEQ Lorg/jetbrains/kotlin/lexer/KtSingleValueToken; org/jetbrains/kotlin/lexer/KtSingleValueToken
staticfield org/jetbrains/kotlin/lexer/KtTokens EQEQ Lorg/jetbrains/kotlin/lexer/KtSingleValueToken; org/jetbrains/kotlin/lexer/KtSingleValueToken
staticfield org/jetbrains/kotlin/lexer/KtTokens EXCLEQ Lorg/jetbrains/kotlin/lexer/KtSingleValueToken; org/jetbrains/kotlin/lexer/KtSingleValueToken
staticfield org/jetbrains/kotlin/lexer/KtTokens EXCLEXCL Lorg/jetbrains/kotlin/lexer/KtSingleValueToken; org/jetbrains/kotlin/lexer/KtSingleValueToken
staticfield org/jetbrains/kotlin/lexer/KtTokens ANDAND Lorg/jetbrains/kotlin/lexer/KtSingleValueToken; org/jetbrains/kotlin/lexer/KtSingleValueToken
staticfield org/jetbrains/kotlin/lexer/KtTokens AND Lorg/jetbrains/kotlin/lexer/KtSingleValueToken; org/jetbrains/kotlin/lexer/KtSingleValueToken
staticfield org/jetbrains/kotlin/lexer/KtTokens OROR Lorg/jetbrains/kotlin/lexer/KtSingleValueToken; org/jetbrains/kotlin/lexer/KtSingleValueToken
staticfield org/jetbrains/kotlin/lexer/KtTokens SAFE_ACCESS Lorg/jetbrains/kotlin/lexer/KtSingleValueToken; org/jetbrains/kotlin/lexer/KtSingleValueToken
staticfield org/jetbrains/kotlin/lexer/KtTokens ELVIS Lorg/jetbrains/kotlin/lexer/KtSingleValueToken; org/jetbrains/kotlin/lexer/KtSingleValueToken
staticfield org/jetbrains/kotlin/lexer/KtTokens QUEST Lorg/jetbrains/kotlin/lexer/KtSingleValueToken; org/jetbrains/kotlin/lexer/KtSingleValueToken
staticfield org/jetbrains/kotlin/lexer/KtTokens COLONCOLON Lorg/jetbrains/kotlin/lexer/KtSingleValueToken; org/jetbrains/kotlin/lexer/KtSingleValueToken
staticfield org/jetbrains/kotlin/lexer/KtTokens COLON Lorg/jetbrains/kotlin/lexer/KtSingleValueToken; org/jetbrains/kotlin/lexer/KtSingleValueToken
staticfield org/jetbrains/kotlin/lexer/KtTokens SEMICOLON Lorg/jetbrains/kotlin/lexer/KtSingleValueToken; org/jetbrains/kotlin/lexer/KtSingleValueToken
staticfield org/jetbrains/kotlin/lexer/KtTokens DOUBLE_SEMICOLON Lorg/jetbrains/kotlin/lexer/KtSingleValueToken; org/jetbrains/kotlin/lexer/KtSingleValueToken
staticfield org/jetbrains/kotlin/lexer/KtTokens RANGE Lorg/jetbrains/kotlin/lexer/KtSingleValueToken; org/jetbrains/kotlin/lexer/KtSingleValueToken
staticfield org/jetbrains/kotlin/lexer/KtTokens RANGE_UNTIL Lorg/jetbrains/kotlin/lexer/KtSingleValueToken; org/jetbrains/kotlin/lexer/KtSingleValueToken
staticfield org/jetbrains/kotlin/lexer/KtTokens EQ Lorg/jetbrains/kotlin/lexer/KtSingleValueToken; org/jetbrains/kotlin/lexer/KtSingleValueToken
staticfield org/jetbrains/kotlin/lexer/KtTokens MULTEQ Lorg/jetbrains/kotlin/lexer/KtSingleValueToken; org/jetbrains/kotlin/lexer/KtSingleValueToken
staticfield org/jetbrains/kotlin/lexer/KtTokens DIVEQ Lorg/jetbrains/kotlin/lexer/KtSingleValueToken; org/jetbrains/kotlin/lexer/KtSingleValueToken
staticfield org/jetbrains/kotlin/lexer/KtTokens PERCEQ Lorg/jetbrains/kotlin/lexer/KtSingleValueToken; org/jetbrains/kotlin/lexer/KtSingleValueToken
staticfield org/jetbrains/kotlin/lexer/KtTokens PLUSEQ Lorg/jetbrains/kotlin/lexer/KtSingleValueToken; org/jetbrains/kotlin/lexer/KtSingleValueToken
staticfield org/jetbrains/kotlin/lexer/KtTokens MINUSEQ Lorg/jetbrains/kotlin/lexer/KtSingleValueToken; org/jetbrains/kotlin/lexer/KtSingleValueToken
staticfield org/jetbrains/kotlin/lexer/KtTokens NOT_IN Lorg/jetbrains/kotlin/lexer/KtKeywordToken; org/jetbrains/kotlin/lexer/KtKeywordToken
staticfield org/jetbrains/kotlin/lexer/KtTokens NOT_IS Lorg/jetbrains/kotlin/lexer/KtKeywordToken; org/jetbrains/kotlin/lexer/KtKeywordToken
staticfield org/jetbrains/kotlin/lexer/KtTokens HASH Lorg/jetbrains/kotlin/lexer/KtSingleValueToken; org/jetbrains/kotlin/lexer/KtSingleValueToken
staticfield org/jetbrains/kotlin/lexer/KtTokens AT Lorg/jetbrains/kotlin/lexer/KtSingleValueToken; org/jetbrains/kotlin/lexer/KtSingleValueToken
staticfield org/jetbrains/kotlin/lexer/KtTokens COMMA Lorg/jetbrains/kotlin/lexer/KtSingleValueToken; org/jetbrains/kotlin/lexer/KtSingleValueToken
staticfield org/jetbrains/kotlin/lexer/KtTokens EOL_OR_SEMICOLON Lorg/jetbrains/kotlin/lexer/KtToken; org/jetbrains/kotlin/lexer/KtToken
staticfield org/jetbrains/kotlin/lexer/KtTokens FILE_KEYWORD Lorg/jetbrains/kotlin/lexer/KtKeywordToken; org/jetbrains/kotlin/lexer/KtKeywordToken
staticfield org/jetbrains/kotlin/lexer/KtTokens FIELD_KEYWORD Lorg/jetbrains/kotlin/lexer/KtKeywordToken; org/jetbrains/kotlin/lexer/KtKeywordToken
staticfield org/jetbrains/kotlin/lexer/KtTokens PROPERTY_KEYWORD Lorg/jetbrains/kotlin/lexer/KtKeywordToken; org/jetbrains/kotlin/lexer/KtKeywordToken
staticfield org/jetbrains/kotlin/lexer/KtTokens RECEIVER_KEYWORD Lorg/jetbrains/kotlin/lexer/KtKeywordToken; org/jetbrains/kotlin/lexer/KtKeywordToken
staticfield org/jetbrains/kotlin/lexer/KtTokens PARAM_KEYWORD Lorg/jetbrains/kotlin/lexer/KtKeywordToken; org/jetbrains/kotlin/lexer/KtKeywordToken
staticfield org/jetbrains/kotlin/lexer/KtTokens SETPARAM_KEYWORD Lorg/jetbrains/kotlin/lexer/KtKeywordToken; org/jetbrains/kotlin/lexer/KtKeywordToken
staticfield org/jetbrains/kotlin/lexer/KtTokens DELEGATE_KEYWORD Lorg/jetbrains/kotlin/lexer/KtKeywordToken; org/jetbrains/kotlin/lexer/KtKeywordToken
staticfield org/jetbrains/kotlin/lexer/KtTokens IMPORT_KEYWORD Lorg/jetbrains/kotlin/lexer/KtKeywordToken; org/jetbrains/kotlin/lexer/KtKeywordToken
staticfield org/jetbrains/kotlin/lexer/KtTokens WHERE_KEYWORD Lorg/jetbrains/kotlin/lexer/KtKeywordToken; org/jetbrains/kotlin/lexer/KtKeywordToken
staticfield org/jetbrains/kotlin/lexer/KtTokens BY_KEYWORD Lorg/jetbrains/kotlin/lexer/KtKeywordToken; org/jetbrains/kotlin/lexer/KtKeywordToken
staticfield org/jetbrains/kotlin/lexer/KtTokens GET_KEYWORD Lorg/jetbrains/kotlin/lexer/KtKeywordToken; org/jetbrains/kotlin/lexer/KtKeywordToken
staticfield org/jetbrains/kotlin/lexer/KtTokens SET_KEYWORD Lorg/jetbrains/kotlin/lexer/KtKeywordToken; org/jetbrains/kotlin/lexer/KtKeywordToken
staticfield org/jetbrains/kotlin/lexer/KtTokens CONSTRUCTOR_KEYWORD Lorg/jetbrains/kotlin/lexer/KtKeywordToken; org/jetbrains/kotlin/lexer/KtKeywordToken
staticfield org/jetbrains/kotlin/lexer/KtTokens INIT_KEYWORD Lorg/jetbrains/kotlin/lexer/KtKeywordToken; org/jetbrains/kotlin/lexer/KtKeywordToken
staticfield org/jetbrains/kotlin/lexer/KtTokens CONTEXT_KEYWORD Lorg/jetbrains/kotlin/lexer/KtKeywordToken; org/jetbrains/kotlin/lexer/KtKeywordToken
staticfield org/jetbrains/kotlin/lexer/KtTokens ABSTRACT_KEYWORD Lorg/jetbrains/kotlin/lexer/KtModifierKeywordToken; org/jetbrains/kotlin/lexer/KtModifierKeywordToken
staticfield org/jetbrains/kotlin/lexer/KtTokens ENUM_KEYWORD Lorg/jetbrains/kotlin/lexer/KtModifierKeywordToken; org/jetbrains/kotlin/lexer/KtModifierKeywordToken
staticfield org/jetbrains/kotlin/lexer/KtTokens CONTRACT_KEYWORD Lorg/jetbrains/kotlin/lexer/KtModifierKeywordToken; org/jetbrains/kotlin/lexer/KtModifierKeywordToken
staticfield org/jetbrains/kotlin/lexer/KtTokens OPEN_KEYWORD Lorg/jetbrains/kotlin/lexer/KtModifierKeywordToken; org/jetbrains/kotlin/lexer/KtModifierKeywordToken
staticfield org/jetbrains/kotlin/lexer/KtTokens INNER_KEYWORD Lorg/jetbrains/kotlin/lexer/KtModifierKeywordToken; org/jetbrains/kotlin/lexer/KtModifierKeywordToken
staticfield org/jetbrains/kotlin/lexer/KtTokens OVERRIDE_KEYWORD Lorg/jetbrains/kotlin/lexer/KtModifierKeywordToken; org/jetbrains/kotlin/lexer/KtModifierKeywordToken
staticfield org/jetbrains/kotlin/lexer/KtTokens PRIVATE_KEYWORD Lorg/jetbrains/kotlin/lexer/KtModifierKeywordToken; org/jetbrains/kotlin/lexer/KtModifierKeywordToken
staticfield org/jetbrains/kotlin/lexer/KtTokens PUBLIC_KEYWORD Lorg/jetbrains/kotlin/lexer/KtModifierKeywordToken; org/jetbrains/kotlin/lexer/KtModifierKeywordToken
staticfield org/jetbrains/kotlin/lexer/KtTokens INTERNAL_KEYWORD Lorg/jetbrains/kotlin/lexer/KtModifierKeywordToken; org/jetbrains/kotlin/lexer/KtModifierKeywordToken
staticfield org/jetbrains/kotlin/lexer/KtTokens PROTECTED_KEYWORD Lorg/jetbrains/kotlin/lexer/KtModifierKeywordToken; org/jetbrains/kotlin/lexer/KtModifierKeywordToken
staticfield org/jetbrains/kotlin/lexer/KtTokens CATCH_KEYWORD Lorg/jetbrains/kotlin/lexer/KtKeywordToken; org/jetbrains/kotlin/lexer/KtKeywordToken
staticfield org/jetbrains/kotlin/lexer/KtTokens OUT_KEYWORD Lorg/jetbrains/kotlin/lexer/KtModifierKeywordToken; org/jetbrains/kotlin/lexer/KtModifierKeywordToken
staticfield org/jetbrains/kotlin/lexer/KtTokens VARARG_KEYWORD Lorg/jetbrains/kotlin/lexer/KtModifierKeywordToken; org/jetbrains/kotlin/lexer/KtModifierKeywordToken
staticfield org/jetbrains/kotlin/lexer/KtTokens REIFIED_KEYWORD Lorg/jetbrains/kotlin/lexer/KtModifierKeywordToken; org/jetbrains/kotlin/lexer/KtModifierKeywordToken
staticfield org/jetbrains/kotlin/lexer/KtTokens DYNAMIC_KEYWORD Lorg/jetbrains/kotlin/lexer/KtKeywordToken; org/jetbrains/kotlin/lexer/KtKeywordToken
staticfield org/jetbrains/kotlin/lexer/KtTokens COMPANION_KEYWORD Lorg/jetbrains/kotlin/lexer/KtModifierKeywordToken; org/jetbrains/kotlin/lexer/KtModifierKeywordToken
staticfield org/jetbrains/kotlin/lexer/KtTokens SEALED_KEYWORD Lorg/jetbrains/kotlin/lexer/KtModifierKeywordToken; org/jetbrains/kotlin/lexer/KtModifierKeywordToken
staticfield org/jetbrains/kotlin/lexer/KtTokens DEFAULT_VISIBILITY_KEYWORD Lorg/jetbrains/kotlin/lexer/KtModifierKeywordToken; org/jetbrains/kotlin/lexer/KtModifierKeywordToken
staticfield org/jetbrains/kotlin/lexer/KtTokens FINALLY_KEYWORD Lorg/jetbrains/kotlin/lexer/KtKeywordToken; org/jetbrains/kotlin/lexer/KtKeywordToken
staticfield org/jetbrains/kotlin/lexer/KtTokens FINAL_KEYWORD Lorg/jetbrains/kotlin/lexer/KtModifierKeywordToken; org/jetbrains/kotlin/lexer/KtModifierKeywordToken
staticfield org/jetbrains/kotlin/lexer/KtTokens LATEINIT_KEYWORD Lorg/jetbrains/kotlin/lexer/KtModifierKeywordToken; org/jetbrains/kotlin/lexer/KtModifierKeywordToken
staticfield org/jetbrains/kotlin/lexer/KtTokens DATA_KEYWORD Lorg/jetbrains/kotlin/lexer/KtModifierKeywordToken; org/jetbrains/kotlin/lexer/KtModifierKeywordToken
staticfield org/jetbrains/kotlin/lexer/KtTokens VALUE_KEYWORD Lorg/jetbrains/kotlin/lexer/KtModifierKeywordToken; org/jetbrains/kotlin/lexer/KtModifierKeywordToken
staticfield org/jetbrains/kotlin/lexer/KtTokens INLINE_KEYWORD Lorg/jetbrains/kotlin/lexer/KtModifierKeywordToken; org/jetbrains/kotlin/lexer/KtModifierKeywordToken
staticfield org/jetbrains/kotlin/lexer/KtTokens NOINLINE_KEYWORD Lorg/jetbrains/kotlin/lexer/KtModifierKeywordToken; org/jetbrains/kotlin/lexer/KtModifierKeywordToken
staticfield org/jetbrains/kotlin/lexer/KtTokens TAILREC_KEYWORD Lorg/jetbrains/kotlin/lexer/KtModifierKeywordToken; org/jetbrains/kotlin/lexer/KtModifierKeywordToken
staticfield org/jetbrains/kotlin/lexer/KtTokens EXTERNAL_KEYWORD Lorg/jetbrains/kotlin/lexer/KtModifierKeywordToken; org/jetbrains/kotlin/lexer/KtModifierKeywordToken
staticfield org/jetbrains/kotlin/lexer/KtTokens ANNOTATION_KEYWORD Lorg/jetbrains/kotlin/lexer/KtModifierKeywordToken; org/jetbrains/kotlin/lexer/KtModifierKeywordToken
staticfield org/jetbrains/kotlin/lexer/KtTokens CROSSINLINE_KEYWORD Lorg/jetbrains/kotlin/lexer/KtModifierKeywordToken; org/jetbrains/kotlin/lexer/KtModifierKeywordToken
staticfield org/jetbrains/kotlin/lexer/KtTokens OPERATOR_KEYWORD Lorg/jetbrains/kotlin/lexer/KtModifierKeywordToken; org/jetbrains/kotlin/lexer/KtModifierKeywordToken
staticfield org/jetbrains/kotlin/lexer/KtTokens INFIX_KEYWORD Lorg/jetbrains/kotlin/lexer/KtModifierKeywordToken; org/jetbrains/kotlin/lexer/KtModifierKeywordToken
staticfield org/jetbrains/kotlin/lexer/KtTokens CONST_KEYWORD Lorg/jetbrains/kotlin/lexer/KtModifierKeywordToken; org/jetbrains/kotlin/lexer/KtModifierKeywordToken
staticfield org/jetbrains/kotlin/lexer/KtTokens SUSPEND_KEYWORD Lorg/jetbrains/kotlin/lexer/KtModifierKeywordToken; org/jetbrains/kotlin/lexer/KtModifierKeywordToken
staticfield org/jetbrains/kotlin/lexer/KtTokens HEADER_KEYWORD Lorg/jetbrains/kotlin/lexer/KtModifierKeywordToken; org/jetbrains/kotlin/lexer/KtModifierKeywordToken
staticfield org/jetbrains/kotlin/lexer/KtTokens IMPL_KEYWORD Lorg/jetbrains/kotlin/lexer/KtModifierKeywordToken; org/jetbrains/kotlin/lexer/KtModifierKeywordToken
staticfield org/jetbrains/kotlin/lexer/KtTokens EXPECT_KEYWORD Lorg/jetbrains/kotlin/lexer/KtModifierKeywordToken; org/jetbrains/kotlin/lexer/KtModifierKeywordToken
staticfield org/jetbrains/kotlin/lexer/KtTokens ACTUAL_KEYWORD Lorg/jetbrains/kotlin/lexer/KtModifierKeywordToken; org/jetbrains/kotlin/lexer/KtModifierKeywordToken
staticfield org/jetbrains/kotlin/lexer/KtTokens KEYWORDS Lorg/jetbrains/kotlin/com/intellij/psi/tree/TokenSet; org/jetbrains/kotlin/com/intellij/psi/tree/TokenSet
staticfield org/jetbrains/kotlin/lexer/KtTokens SOFT_KEYWORDS Lorg/jetbrains/kotlin/com/intellij/psi/tree/TokenSet; org/jetbrains/kotlin/com/intellij/psi/tree/TokenSet
staticfield org/jetbrains/kotlin/lexer/KtTokens MODIFIER_KEYWORDS_ARRAY [Lorg/jetbrains/kotlin/lexer/KtModifierKeywordToken; 35 [Lorg/jetbrains/kotlin/lexer/KtModifierKeywordToken;
staticfield org/jetbrains/kotlin/lexer/KtTokens MODIFIER_KEYWORDS Lorg/jetbrains/kotlin/com/intellij/psi/tree/TokenSet; org/jetbrains/kotlin/com/intellij/psi/tree/TokenSet
staticfield org/jetbrains/kotlin/lexer/KtTokens TYPE_MODIFIER_KEYWORDS Lorg/jetbrains/kotlin/com/intellij/psi/tree/TokenSet; org/jetbrains/kotlin/com/intellij/psi/tree/TokenSet
staticfield org/jetbrains/kotlin/lexer/KtTokens TYPE_ARGUMENT_MODIFIER_KEYWORDS Lorg/jetbrains/kotlin/com/intellij/psi/tree/TokenSet; org/jetbrains/kotlin/com/intellij/psi/tree/TokenSet
staticfield org/jetbrains/kotlin/lexer/KtTokens RESERVED_VALUE_PARAMETER_MODIFIER_KEYWORDS Lorg/jetbrains/kotlin/com/intellij/psi/tree/TokenSet; org/jetbrains/kotlin/com/intellij/psi/tree/TokenSet
staticfield org/jetbrains/kotlin/lexer/KtTokens VISIBILITY_MODIFIERS Lorg/jetbrains/kotlin/com/intellij/psi/tree/TokenSet; org/jetbrains/kotlin/com/intellij/psi/tree/TokenSet
staticfield org/jetbrains/kotlin/lexer/KtTokens MODALITY_MODIFIERS Lorg/jetbrains/kotlin/com/intellij/psi/tree/TokenSet; org/jetbrains/kotlin/com/intellij/psi/tree/TokenSet
staticfield org/jetbrains/kotlin/lexer/KtTokens WHITESPACES Lorg/jetbrains/kotlin/com/intellij/psi/tree/TokenSet; org/jetbrains/kotlin/com/intellij/psi/tree/TokenSet
staticfield org/jetbrains/kotlin/lexer/KtTokens COMMENTS Lorg/jetbrains/kotlin/com/intellij/psi/tree/TokenSet; org/jetbrains/kotlin/com/intellij/psi/tree/TokenSet
staticfield org/jetbrains/kotlin/lexer/KtTokens WHITE_SPACE_OR_COMMENT_BIT_SET Lorg/jetbrains/kotlin/com/intellij/psi/tree/TokenSet; org/jetbrains/kotlin/com/intellij/psi/tree/TokenSet
staticfield org/jetbrains/kotlin/lexer/KtTokens STRINGS Lorg/jetbrains/kotlin/com/intellij/psi/tree/TokenSet; org/jetbrains/kotlin/com/intellij/psi/tree/TokenSet
staticfield org/jetbrains/kotlin/lexer/KtTokens OPERATIONS Lorg/jetbrains/kotlin/com/intellij/psi/tree/TokenSet; org/jetbrains/kotlin/com/intellij/psi/tree/TokenSet
staticfield org/jetbrains/kotlin/lexer/KtTokens AUGMENTED_ASSIGNMENTS Lorg/jetbrains/kotlin/com/intellij/psi/tree/TokenSet; org/jetbrains/kotlin/com/intellij/psi/tree/TokenSet
staticfield org/jetbrains/kotlin/lexer/KtTokens ALL_ASSIGNMENTS Lorg/jetbrains/kotlin/com/intellij/psi/tree/TokenSet; org/jetbrains/kotlin/com/intellij/psi/tree/TokenSet
staticfield org/jetbrains/kotlin/lexer/KtTokens INCREMENT_AND_DECREMENT Lorg/jetbrains/kotlin/com/intellij/psi/tree/TokenSet; org/jetbrains/kotlin/com/intellij/psi/tree/TokenSet
staticfield org/jetbrains/kotlin/lexer/KtTokens QUALIFIED_ACCESS Lorg/jetbrains/kotlin/com/intellij/psi/tree/TokenSet; org/jetbrains/kotlin/com/intellij/psi/tree/TokenSet
ciInstanceKlass org/jetbrains/kotlin/BlockExpressionElementType 1 1 173 1 7 1 7 1 100 1 1 1 3 3 3 1 1 3 1 1 1 1 1 1 1 1 1 1 1 1 1 1 1 1 1 1 1 1 1 1 1 1 1 1 1 7 1 1 1 1 8 1 7 1 1 12 9 1 7 1 12 10 1 1 1 7 1 12 10 1 1 1 1 8 1 7 1 1 12 10 8 8 1 1 12 10 12 9 1 1 12 10 1 1 12 10 1 12 10 1 8 1 100 1 1 12 10 1 8 1 7 1 1 12 11 1 7 1 1 12 11 1 8 1 12 10 1 7 1 1 12 10 1 1 12 11 1 1 12 10 1 8 1 7 1 1 12 10 1 1 12 11 1 8 1 1 12 10 1 12 10 1 1 1 12 10 1 1 1 1 1 1 1 1 1
staticfield org/jetbrains/kotlin/BlockExpressionElementType Companion Lorg/jetbrains/kotlin/BlockExpressionElementType$Companion; org/jetbrains/kotlin/BlockExpressionElementType$Companion
ciInstanceKlass org/jetbrains/kotlin/LambdaExpressionElementType 1 1 226 1 100 1 7 1 1 1 1 8 1 7 1 1 12 9 1 12 10 1 1 1 1 1 100 1 1 12 11 1 100 1 1 12 11 1 100 1 1 12 10 1 1 12 11 1 1 12 10 1 100 1 1 12 10 1 1 12 11 1 1 1 1 1 1 1 1 1 7 1 12 10 1 1 1 1 1 12 10 1 1 12 10 1 12 10 1 1 1 1 1 1 12 10 1 100 1 1 12 10 1 100 1 12 10 1 1 12 11 10 1 1 12 10 1 100 1 1 12 9 1 1 12 10 1 1 1 1 1 1 1 1 1 1 12 10 1 100 1 1 12 10 1 100 1 12 11 1 12 10 1 12 11 10 1 12 9 1 1 1 1 1 100 1 1 12 10 1 100 1 1 1 100 12 10 1 100 1 12 10 1 100 1 1 12 10 1 1 12 9 1 12 10 1 1 12 10 1 100 1 12 11 1 1 1 1 1 1 1 1 1 1 1 1 100 1 1 12 10 1 1 1 1 1 1 1
ciInstanceKlass org/jetbrains/kotlin/psi/KtBlockExpression 1 1 258 1 7 1 7 1 100 1 100 1 7 1 100 1 1 1 1 1 7 1 1 12 9 1 12 10 1 1 1 1 1 1 1 1 1 1 1 1 100 1 1 12 9 1 1 12 10 1 1 1 1 12 10 1 100 1 1 12 11 1 100 12 10 1 1 1 100 1 12 10 1 100 1 1 1 1 100 1 1 12 10 1 1 1 1 1 1 1 1 1 1 100 1 1 12 10 1 1 12 10 1 100 1 1 12 10 1 1 1 1 100 1 100 1 1 12 10 12 10 1 1 1 1 12 10 1 100 1 100 11 1 100 12 10 1 100 1 1 12 11 1 12 11 1 1 12 9 1 100 1 1 12 10 100 1 1 1 1 1 1 1 1 100 1 1 12 10 12 10 1 1 1 1 1 12 10 1 1 1 1 1 1 12 10 1 7 1 1 12 10 1 1 1 12 10 1 12 11 1 100 1 1 100 1 1 12 9 1 1 12 10 1 1 12 9 1 8 1 8 1 100 1 100 1 100 8 8 8 8 8 8 8 8 8 1 1 12 10 1 100 1 12 10 1 100 10 1 100 1 1 1 1 1 1 1 1 1 1
ciInstanceKlass org/jetbrains/kotlin/com/intellij/psi/impl/DebugUtil 1 1 879 1 7 1 100 1 1 100 1 1 100 1 1 100 1 100 1 100 1 1 100 1 100 1 1 1 1 1 1 1 1 1 1 1 1 1 1 1 12 10 1 1 1 1 1 1 1 12 10 1 100 1 1 12 10 12 9 1 100 1 12 10 1 100 1 1 12 10 1 1 1 1 1 1 100 10 1 1 12 10 1 1 12 10 1 100 1 1 1 1 1 1 1 12 10 1 1 1 1 1 1 1 1 100 1 12 10 1 1 12 10 1 1 1 1 1 1 1 100 1 1 12 11 1 100 1 1 12 10 1 1 1 1 1 100 1 1 12 11 1 100 1 1 12 9 1 100 1 100 1 100 1 1 12 10 1 12 9 1 8 1 100 1 1 12 11 1 100 1 1 12 10 1 8 1 8 1 8 1 12 11 10 1 1 12 11 1 100 11 1 8 1 1 12 10 1 8 1 100 10 1 1 12 11 1 8 1 12 10 1 100 12 9 1 7 1 1 12 10 1 1 1 1 1 1 1 1 1 1 1 1 1 1 1 1 12 10 1 1 1 100 1 1 12 11 10 1 1 12 11 1 100 1 1 12 11 1 100 1 1 12 11 1 12 11 1 1 1 1 1 1 1 1 1 1 1 12 11 1 100 1 1 12 10 1 1 1 12 10 1 12 10 1 8 1 12 10 1 12 10 1 8 1 12 11 1 8 1 8 1 12 11 1 8 1 12 10 1 8 1 1 1 12 11 1 100 1 1 12 10 1 8 1 1 1 1 1 1 100 1 1 12 10 1 1 12 10 1 1 1 1 1 1 1 12 10 1 12 10 1 1 1 12 10 1 1 1 100 1 12 11 1 12 10 1 1 12 10 1 100 1 1 1 100 11 1 1 12 11 12 11 1 8 1 12 10 1 12 10 1 8 1 1 12 11 1 100 10 1 8 1 12 11 16 1 1 12 10 15 1 16 1 100 1 1 12 10 15 1 1 12 18 1 12 11 1 1 1 1 8 1 1 12 10 1 8 1 8 1 8 1 8 1 1 100 12 10 1 1 1 7 1 12 10 12 9 1 7 10 1 100 1 12 10 1 100 10 1 100 1 12 10 12 9 1 7 1 1 12 10 1 1 12 10 1 1 1 1 1 8 1 1 12 10 1 1 1 12 10 1 7 1 12 11 12 10 1 1 1 1 1 1 100 1 12 11 1 1 1 1 1 12 10 1 1 12 10 1 1 1 1 12 10 1 12 10 1 1 1 1 1 12 10 1 1 12 10 1 7 1 1 12 10 1 7 1 12 11 1 8 12 10 1 12 10 1 1 1 1 1 100 12 10 1 1 1 12 9 12 10 1 1 1 100 1 12 10 1 1 12 11 1 8 1 8 1 1 12 10 1 100 1 100 1 1 12 11 1 1 12 11 1 100 1 1 12 10 1 100 1 1 12 11 1 8 1 8 1 12 11 1 8 1 1 12 11 1 8 1 8 1 8 1 8 1 1 12 10 1 8 1 8 1 1 12 10 1 8 1 12 11 11 1 8 1 8 1 12 10 1 8 1 8 1 1 1 1 1 1 1 1 1 1 1 1 1 1 1 1 1 100 1 1 12 11 1 100 11 1 16 1 1 12 10 15 1 16 1 1 12 18 1 100 10 1 1 12 10 1 1 1 1 1 1 100 11 1 1 12 10 15 1 12 18 1 1 1 1 100 1 1 12 11 1 12 10 1 100 12 11 1 8 1 1 1 1 1 1 1 1 1 1 1 1 1 1 1 1 1 12 11 1 12 11 1 1 1 1 1 1 1 1 1 1 1 1 1 1 7 1 12 10 1 12 10 12 9 12 9 10 1 1 1 8 1 8 1 100 8 8 8 8 8 8 8 8 8 8 8 8 8 8 8 8 8 8 8 8 8 8 8 8 8 8 8 8 8 8 8 8 8 1 1 12 10 1 100 12 10 1 100 10 1 100 1 1 1 1 1 1 1 1 1 1 1 1 1 1 1
staticfield org/jetbrains/kotlin/com/intellij/psi/impl/DebugUtil LOG Lorg/jetbrains/kotlin/com/intellij/openapi/diagnostic/Logger; org/jetbrains/kotlin/com/intellij/openapi/diagnostic/DefaultLogger
staticfield org/jetbrains/kotlin/com/intellij/psi/impl/DebugUtil DO_EXPENSIVE_CHECKS Z 0
staticfield org/jetbrains/kotlin/com/intellij/psi/impl/DebugUtil CHECK_INSIDE_ATOMIC_ACTION_ENABLED Z 0
staticfield org/jetbrains/kotlin/com/intellij/psi/impl/DebugUtil ourPsiModificationTrace Ljava/lang/ThreadLocal; java/lang/ThreadLocal
staticfield org/jetbrains/kotlin/com/intellij/psi/impl/DebugUtil ourPsiModificationDepth Ljava/lang/ThreadLocal; java/lang/ThreadLocal
staticfield org/jetbrains/kotlin/com/intellij/psi/impl/DebugUtil $assertionsDisabled Z 1
instanceKlass org/jetbrains/kotlin/com/intellij/lang/impl/PsiBuilderImpl
ciInstanceKlass org/jetbrains/kotlin/com/intellij/openapi/util/UnprotectedUserDataHolder 1 1 95 1 100 1 7 1 100 1 100 1 1 1 1 1 1 12 10 1 1 1 1 1 1 1 1 1 12 10 12 9 1 100 1 1 12 11 1 100 1 1 12 10 1 1 12 10 1 1 1 1 1 1 1 1 100 10 1 1 12 11 1 12 10 1 1 8 8 8 1 100 1 100 8 8 8 8 1 1 12 10 1 100 1 12 10 1 1 1 1 1 1 1 1 1 1
ciInstanceKlass org/jetbrains/kotlin/com/intellij/lang/impl/PsiBuilderImpl 1 1 1283 1 7 1 7 1 100 1 1 100 1 1 100 1 1 100 1 1 7 1 1 7 1 1 100 1 1 7 1 1 7 1 1 100 1 1 100 1 1 100 1 1 100 1 1 7 1 1 7 1 1 100 1 1 100 1 100 1 1 100 1 100 1 100 1 7 1 1 7 1 7 1 1 100 1 1 1 1 1 1 1 1 1 1 1 1 1 1 1 1 1 1 1 1 1 1 1 1 1 1 1 1 1 1 1 1 1 1 1 1 1 1 1 1 1 1 1 1 1 1 1 1 1 1 1 1 1 1 1 1 1 1 1 1 1 1 1 12 10 1 7 12 9 1 7 1 1 12 10 1 1 12 10 1 1 1 1 1 7 1 100 1 7 1 7 1 100 1 7 1 7 1 1 12 11 1 100 1 12 10 1 1 1 1 1 1 1 1 1 1 1 1 7 1 1 12 10 1 1 12 10 1 12 9 1 1 12 11 1 7 1 1 12 10 1 12 10 1 1 1 100 1 12 11 1 1 12 11 1 1 12 10 1 1 12 10 1 7 10 12 9 1 7 1 12 10 12 9 1 7 10 12 9 1 7 1 12 10 12 9 12 9 12 9 12 9 12 9 1 7 1 1 12 10 12 9 12 9 1 1 12 11 12 9 1 12 11 12 9 12 9 12 9 12 9 1 100 1 100 1 100 10 1 8 1 1 12 10 1 12 10 1 8 1 8 1 100 1 1 12 10 1 12 10 1 12 10 12 9 1 1 12 10 12 9 1 1 12 10 1 7 1 12 9 12 9 1 12 9 12 9 1 12 9 12 9 1 1 1 1 1 1 1 12 10 1 1 12 10 1 1 12 10 12 9 1 12 11 1 100 10 1 7 1 12 10 1 7 12 9 10 1 1 12 10 1 1 12 10 1 1 12 10 1 12 10 1 1 1 1 1 1 1 1 1 1 12 10 1 1 12 10 1 1 1 1 1 1 10 1 1 1 12 9 1 8 1 12 10 12 9 1 1 12 10 1 12 10 1 1 12 10 1 1 1 12 9 1 12 10 1 1 1 12 9 12 9 1 100 1 1 12 11 12 10 1 12 10 1 12 10 1 1 12 9 12 10 1 1 1 1 1 12 10 1 1 1 12 10 1 1 1 12 10 1 1 1 12 9 1 1 12 10 1 1 12 10 1 100 11 1 1 1 1 10 1 7 1 12 10 1 1 12 11 11 1 12 10 1 1 1 1 12 10 1 1 12 10 1 12 10 1 12 9 1 12 10 1 1 1 8 12 10 1 1 1 12 10 1 1 1 1 1 1 12 10 1 1 12 10 1 1 12 10 1 12 10 1 12 10 1 100 1 1 12 9 1 1 12 10 1 1 12 10 1 1 12 10 1 1 1 1 1 1 1 1 12 10 12 9 1 8 1 7 1 12 10 1 12 10 1 1 12 10 9 1 1 12 10 1 1 12 10 9 1 1 1 1 1 1 1 12 10 1 12 10 1 12 11 1 1 12 10 1 1 12 10 1 12 10 1 1 12 10 1 7 1 1 12 10 1 7 1 7 1 1 12 10 1 12 9 1 100 1 1 12 9 11 1 12 10 1 8 1 12 10 1 8 1 12 10 1 8 1 8 1 1 12 10 1 8 10 1 1 1 1 1 1 1 1 1 1 1 12 10 10 1 7 1 1 12 10 1 1 12 10 1 1 12 10 10 1 100 10 1 12 9 10 1 7 1 100 10 1 12 10 1 100 1 1 12 11 12 9 10 1 100 1 12 10 1 1 12 10 1 100 10 1 100 1 100 1 1 12 10 1 1 1 1 1 1 1 1 1 1 1 1 1 1 1 8 1 7 1 1 12 10 1 1 12 10 1 12 10 1 12 9 1 1 12 10 1 12 10 1 12 9 1 7 10 1 12 10 1 1 12 10 1 12 10 100 1 100 1 12 10 9 1 12 10 1 1 12 10 1 1 12 10 1 100 1 1 12 10 1 8 1 8 1 1 12 11 1 8 1 8 1 8 1 12 10 1 8 1 8 1 7 1 1 12 10 1 1 1 1 1 1 1 1 1 1 1 1 1 1 1 1 7 10 1 12 10 1 1 12 10 1 7 1 1 12 10 1 8 1 8 1 8 1 1 1 12 10 10 9 1 1 12 10 1 1 12 10 1 12 10 1 1 12 10 1 1 12 10 1 1 12 11 1 1 12 10 1 1 12 10 1 1 1 1 1 1 1 1 1 1 1 1 1 1 11 1 12 9 1 1 12 10 11 1 1 1 1 1 12 10 1 1 12 10 1 1 12 10 1 1 12 10 1 1 12 10 1 1 12 10 1 100 1 1 12 10 9 1 1 1 1 1 1 1 12 10 1 100 1 1 12 10 1 1 100 1 12 10 1 12 10 1 1 1 1 1 1 12 11 1 1 7 1 12 9 1 12 9 1 1 12 10 1 100 1 8 10 1 12 10 1 12 10 1 12 10 1 12 10 1 1 1 1 1 1 1 1 1 1 1 1 1 1 12 11 1 7 1 12 10 1 7 1 1 12 11 1 12 10 1 100 12 10 1 1 100 1 12 9 10 1 1 1 10 1 1 1 12 10 1 12 10 1 1 1 1 1 1 1 1 1 1 1 12 10 1 1 1 12 10 1 1 1 1 12 10 1 1 1 1 1 1 1 1 1 1 1 1 1 1 1 1 1 1 1 1 1 1 1 1 1 1 1 7 1 12 10 1 1 12 10 8 1 7 1 12 10 8 1 12 9 1 8 1 8 8 8 8 8 8 8 8 8 8 8 8 8 8 8 8 8 8 8 8 8 8 8 8 8 8 8 8 8 8 8 8 8 8 8 8 8 8 8 8 8 8 8 8 8 1 1 12 10 1 100 10 1 1 1 1 1 1 1 1 1 1 1
staticfield org/jetbrains/kotlin/com/intellij/lang/impl/PsiBuilderImpl LOG Lorg/jetbrains/kotlin/com/intellij/openapi/diagnostic/Logger; org/jetbrains/kotlin/com/intellij/openapi/diagnostic/DefaultLogger
staticfield org/jetbrains/kotlin/com/intellij/lang/impl/PsiBuilderImpl CUSTOM_COMPARATOR Lorg/jetbrains/kotlin/com/intellij/openapi/util/Key; org/jetbrains/kotlin/com/intellij/openapi/util/Key
staticfield org/jetbrains/kotlin/com/intellij/lang/impl/PsiBuilderImpl LAZY_PARSEABLE_TOKENS Lorg/jetbrains/kotlin/com/intellij/openapi/util/Key; org/jetbrains/kotlin/com/intellij/openapi/util/Key
staticfield org/jetbrains/kotlin/com/intellij/lang/impl/PsiBuilderImpl $assertionsDisabled Z 1
ciInstanceKlass org/jetbrains/kotlin/com/intellij/psi/impl/source/tree/SharedImplUtil 1 1 357 1 7 1 100 1 1 1 1 1 1 1 12 10 1 1 1 1 12 9 1 100 1 12 10 1 7 1 1 12 11 1 7 1 12 10 1 1 1 1 1 1 12 10 1 12 11 1 1 1 1 12 11 1 1 12 11 1 1 12 11 1 1 1 1 12 10 1 7 1 1 12 11 1 100 1 7 1 100 1 100 10 1 8 1 1 12 10 1 12 10 1 8 1 1 12 10 1 8 1 1 12 10 1 12 10 1 1 1 1 1 1 12 9 1 7 1 1 12 10 12 10 1 12 11 1 1 1 12 11 1 1 1 1 7 1 1 12 9 1 1 12 11 1 1 12 11 1 8 1 1 1 1 1 1 1 100 1 100 1 1 12 10 1 1 12 10 12 10 1 100 1 100 1 100 1 1 12 10 1 12 11 1 12 10 1 1 12 10 1 100 1 1 12 9 1 100 1 1 12 10 1 1 12 11 1 1 12 10 1 1 12 10 1 12 10 12 10 1 1 1 1 1 1 1 1 1 1 1 1 1 1 100 11 1 1 12 11 1 1 1 1 12 10 1 1 12 9 100 1 100 11 1 1 1 1 1 1 1 1 100 1 1 12 11 1 1 1 1 1 1 1 1 12 10 1 1 12 10 1 1 1 1 1 1 1 1 12 10 1 7 1 12 9 1 7 1 1 12 10 1 7 1 12 11 1 8 1 8 1 100 1 100 8 8 8 8 8 8 8 8 8 8 8 8 8 8 8 8 8 8 8 8 8 1 1 12 10 1 100 1 12 10 1 100 10 1 100 1 1 1 1 1 1 1 1 1
staticfield org/jetbrains/kotlin/com/intellij/psi/impl/source/tree/SharedImplUtil LOG Lorg/jetbrains/kotlin/com/intellij/openapi/diagnostic/Logger; org/jetbrains/kotlin/com/intellij/openapi/diagnostic/DefaultLogger
staticfield org/jetbrains/kotlin/com/intellij/psi/impl/source/tree/SharedImplUtil CHECK_FOR_READ_ACTION Z 0
ciInstanceKlass org/jetbrains/kotlin/com/intellij/util/text/ImmutableText$CompositeNode 0 0 108 1 100 1 100 1 100 1 1 100 1 1 1 1 1 1 1 1 1 12 10 1 1 12 11 12 9 12 9 12 9 1 1 1 1 12 11 1 1 1 1 12 10 1 1 1 1 1 1 1 1 1 1 1 12 10 1 1 12 10 1 1 1 1 1 1 1 1 12 11 1 100 1 12 10 1 1 12 10 1 1 1 10 12 10 1 1 8 8 8 8 1 1 12 10 1 100 1 12 10 1 1 1 1 1 1 1 1
ciInstanceKlass org/jetbrains/kotlin/com/intellij/util/text/ImmutableText$InnerLeaf 1 1 66 1 7 1 7 1 1 100 1 1 100 1 1 1 1 1 1 1 1 1 1 12 10 1 12 10 12 9 12 9 12 9 1 1 1 12 10 1 1 1 1 1 1 8 8 8 8 1 100 1 1 12 10 1 100 1 12 10 1 1 1 1 1 1 1 1
ciInstanceKlass org/jetbrains/kotlin/com/intellij/util/text/CharSequenceSubSequence 1 1 160 1 7 1 7 1 100 1 100 1 7 1 1 1 1 1 1 1 1 1 1 1 1 1 1 12 10 1 12 10 1 1 12 11 1 100 1 100 10 1 8 1 1 12 10 1 12 10 1 8 1 8 1 1 12 10 1 12 10 12 9 12 9 12 9 1 1 1 1 1 1 1 12 11 1 1 1 12 10 1 7 1 1 12 10 1 7 1 1 12 10 1 12 10 1 1 1 1 12 9 1 100 10 1 12 10 1 1 1 1 12 9 1 100 1 1 12 10 1 1 1 7 1 1 12 10 1 8 1 8 1 100 8 8 8 8 8 8 8 8 1 1 12 10 1 100 10 1 100 10 1 100 1 1 1 1 1 1 1 1
staticfield org/jetbrains/kotlin/com/intellij/util/text/CharSequenceSubSequence $assertionsDisabled Z 1
ciInstanceKlass org/jetbrains/kotlin/parsing/TrailingCommentsBinder 1 1 110 1 7 1 7 1 100 1 1 1 3 3 3 1 1 3 1 1 1 1 1 1 1 1 1 1 1 1 1 1 1 7 1 1 1 1 12 10 1 1 1 8 1 7 1 1 12 10 8 1 7 1 1 12 11 1 1 12 11 1 1 12 11 1 7 1 7 1 12 9 1 1 12 10 1 12 11 1 7 1 1 12 10 1 1 12 9 1 12 9 1 1 1 1 1 1 1 10 12 9 1 1 1 1 1 1 1 1 1 1
staticfield org/jetbrains/kotlin/parsing/TrailingCommentsBinder INSTANCE Lorg/jetbrains/kotlin/parsing/TrailingCommentsBinder; org/jetbrains/kotlin/parsing/TrailingCommentsBinder
ciInstanceKlass org/jetbrains/kotlin/com/intellij/psi/tree/ICustomParsingType 0 0 13 1 100 1 100 1 1 1 1 1 1 1 1
ciInstanceKlass org/jetbrains/kotlin/com/intellij/psi/tree/ILeafElementType 0 0 13 1 100 1 100 1 1 1 1 1 1 1 1
ciInstanceKlass org/jetbrains/kotlin/com/intellij/openapi/progress/Cancellation 1 1 94 1 7 1 100 1 1 1 100 1 100 1 100 1 1 1 1 1 1 1 1 12 9 1 7 1 1 12 10 1 100 1 1 12 11 1 1 1 1 10 1 100 1 12 10 1 1 1 1 1 12 10 1 1 12 10 1 12 10 1 1 1 1 10 1 8 1 100 1 100 8 1 8 8 8 1 1 12 10 1 100 1 12 10 1 1 1 1 1 1 1 1 1 1
staticfield org/jetbrains/kotlin/com/intellij/openapi/progress/Cancellation ourJob Ljava/lang/ThreadLocal; java/lang/ThreadLocal
ciInstanceKlass org/jetbrains/kotlin/com/intellij/openapi/progress/JobCanceledException 0 0 24 1 100 1 100 1 1 1 100 1 100 1 1 1 12 10 1 1 1 1 1 1 1 1
ciMethod java/lang/Object <init> ()V 1024 0 971502 0 80
ciMethod java/lang/Object hashCode ()I 256 0 128 0 -1
ciMethod java/lang/CharSequence length ()I 0 0 1 0 -1
ciMethod java/lang/CharSequence charAt (I)C 0 0 1 0 -1
ciMethod java/lang/CharSequence subSequence (II)Ljava/lang/CharSequence; 0 0 1 0 -1
ciMethod java/lang/CharSequence toString ()Ljava/lang/String; 0 0 1 0 -1
ciMethod java/lang/String length ()I 558 0 602036 0 112
ciMethod java/lang/String charAt (I)C 618 0 856886 0 192
ciMethod java/lang/String substring (II)Ljava/lang/String; 512 0 15911 0 -1
ciMethod java/lang/String coder ()B 648 0 768029 0 88
ciMethod java/lang/String isLatin1 ()Z 868 0 1003969 0 88
ciMethod java/lang/String checkIndex (II)V 618 0 892827 0 120
ciMethod java/lang/ref/Reference refersTo (Ljava/lang/Object;)Z 514 0 16151 0 112
ciMethod java/lang/ref/Reference refersToImpl (Ljava/lang/Object;)Z 514 0 9858 0 96
ciMethod java/lang/ref/Reference refersTo0 (Ljava/lang/Object;)Z 256 0 128 0 -1
ciMethod java/lang/Thread currentThread ()Ljava/lang/Thread; 0 0 1 0 -1
ciMethod java/lang/StringLatin1 charAt ([BI)C 618 0 856882 0 0
ciMethod java/lang/Math ceil (D)D 512 0 1674 0 -1
ciMethod java/lang/Math max (JJ)J 770 0 5767 0 -1
ciMethod java/lang/Math min (II)I 770 0 98749 0 -1
ciMethod jdk/internal/util/Preconditions checkIndex (IILjava/util/function/BiFunction;)I 768 0 2719 0 -1
ciMethod java/lang/StringUTF16 getChar ([BI)C 4152 0 13472 0 -1
ciMethod java/lang/StringUTF16 charAt ([BI)C 8128 0 39886 0 136
ciMethod java/lang/StringUTF16 checkIndex (I[B)V 0 0 35822 0 -1
ciMethodData java/lang/Object <init> ()V 2 970990 orig 80 0 0 0 0 0 0 0 0 0 0 0 0 0 0 0 0 0 0 0 0 0 0 0 0 0 0 0 0 0 0 0 0 0 0 0 0 0 0 0 0 0 0 0 0 0 0 0 0 0 0 0 0 0 0 0 0 0 0 0 0 0 0 0 0 0 0 0 0 0 0 0 0 0 0 0 0 0 0 0 0 data 4 0x0 0x9 0x1 0x0 oops 0 methods 0
ciMethod java/lang/ThreadLocal initialValue ()Ljava/lang/Object; 72 0 36 0 -1
ciMethod java/lang/ThreadLocal get ()Ljava/lang/Object; 512 0 35857 0 304
ciMethod java/lang/ThreadLocal get (Ljava/lang/Thread;)Ljava/lang/Object; 516 0 15628 0 304
ciMethod java/lang/ThreadLocal setInitialValue (Ljava/lang/Thread;)Ljava/lang/Object; 10 0 45 0 0
ciMethod java/lang/ThreadLocal getMap (Ljava/lang/Thread;)Ljava/lang/ThreadLocal$ThreadLocalMap; 512 0 27245 0 0
ciMethod java/lang/ThreadLocal createMap (Ljava/lang/Thread;Ljava/lang/Object;)V 2 0 1 0 -1
ciMethod java/lang/ThreadLocal dumpStackIfVirtualThread ()V 0 0 1 0 -1
ciMethodData java/lang/String isLatin1 ()Z 2 1003535 orig 80 0 0 0 0 0 0 0 0 0 0 0 0 168 1 0 0 0 0 0 0 0 0 0 0 0 0 0 0 0 0 0 0 0 0 0 0 0 0 0 0 0 0 0 0 0 0 0 0 0 0 0 0 0 0 0 0 0 0 0 0 0 0 0 0 0 0 0 0 0 0 0 0 0 0 0 0 0 0 0 0 data 18 0x30007 0x0 0x58 0xf500f 0xa0007 0x281 0x38 0xf4d8e 0xe0003 0xf4d8e 0x18 0x0 0x0 0x0 0x0 0x9 0x1 0x0 oops 0 methods 0
ciMethodData java/lang/String charAt (I)C 2 856577 orig 80 0 0 0 0 0 0 0 0 0 0 0 0 168 1 0 0 0 0 0 0 0 0 0 0 0 0 0 0 0 0 0 0 0 0 0 0 0 0 0 0 0 0 0 0 0 0 0 0 0 0 0 0 0 0 0 0 0 0 0 0 0 0 0 0 0 0 0 0 0 0 0 0 0 0 0 0 0 0 0 0 data 25 0x10005 0xd1201 0x0 0x0 0x0 0x0 0x0 0x40007 0x4 0x30 0xd11fd 0xc0002 0xd11fd 0x150002 0x4 0x0 0x0 0x0 0x0 0x0 0x0 0x9 0x2 0x0 0x0 oops 0 methods 0
ciMethodData java/lang/StringLatin1 charAt ([BI)C 2 856573 orig 80 0 0 0 0 0 0 0 0 0 0 0 0 168 1 0 0 0 0 0 0 0 0 0 0 0 0 0 0 0 0 0 0 0 0 0 0 0 0 0 0 0 0 0 0 0 0 0 0 0 0 0 0 0 0 0 0 0 0 0 0 0 0 0 0 0 0 0 0 0 0 0 0 0 0 0 0 0 0 0 0 data 12 0x30002 0xd11fd 0x0 0x0 0x0 0x0 0x0 0x0 0x9 0x2 0x0 0x0 oops 0 methods 0
ciMethodData java/lang/String checkIndex (II)V 2 892518 orig 80 0 0 0 0 0 0 0 0 0 0 0 0 168 1 0 0 0 0 0 0 0 0 0 0 0 0 0 0 0 0 0 0 0 0 0 0 0 0 0 0 0 0 0 0 0 0 0 0 0 0 0 0 0 0 0 0 0 0 0 0 0 0 0 0 0 0 0 0 0 0 0 0 0 0 0 0 0 0 0 0 data 12 0x50002 0xd9e66 0x0 0x0 0x0 0x0 0x0 0x0 0x9 0x2 0x0 0x0 oops 0 methods 0
ciMethodData java/lang/StringUTF16 charAt ([BI)C 2 35822 orig 80 0 0 0 0 0 0 0 0 0 0 0 0 168 1 0 0 0 0 0 0 0 0 0 0 0 0 0 0 0 0 0 0 0 0 0 0 0 0 0 0 0 0 0 0 0 0 0 0 0 0 0 0 0 0 0 0 0 0 0 0 0 0 0 0 0 0 0 0 0 0 0 0 0 0 0 0 0 0 0 0 data 14 0x20002 0x8bee 0x70002 0x59f 0x0 0x0 0x0 0x0 0x0 0x0 0x9 0x2 0x0 0x0 oops 0 methods 0
ciMethodData java/lang/String coder ()B 2 767705 orig 80 0 0 0 0 0 0 0 0 0 0 0 0 168 1 0 0 0 0 0 0 0 0 0 0 0 0 0 0 0 0 0 0 0 0 0 0 0 0 0 0 0 0 0 0 0 0 0 0 0 0 0 0 0 0 0 0 0 0 0 0 0 0 0 0 0 0 0 0 0 0 0 0 0 0 0 0 0 0 0 0 data 14 0x30007 0x0 0x38 0xbb6d9 0xa0003 0xbb6d9 0x18 0x0 0x0 0x0 0x0 0x9 0x1 0x0 oops 0 methods 0
ciMethodData java/lang/String length ()I 2 601757 orig 80 0 0 0 0 0 0 0 0 0 0 0 0 168 1 0 0 0 0 0 0 0 0 0 0 0 0 0 0 0 0 0 0 0 0 0 0 0 0 0 0 0 0 0 0 0 0 0 0 0 0 0 0 0 0 0 0 0 0 0 0 0 0 0 0 0 0 0 0 0 0 0 0 0 0 0 0 0 0 0 0 data 16 0x60005 0x92e9d 0x0 0x0 0x0 0x0 0x0 0x0 0x0 0x0 0x0 0x0 0x0 0x9 0x1 0x0 oops 0 methods 0
ciMethod java/lang/ThreadLocal$ThreadLocalMap nextIndex (II)I 60 0 1072 0 -1
ciMethod java/lang/ThreadLocal$ThreadLocalMap getEntry (Ljava/lang/ThreadLocal;)Ljava/lang/ThreadLocal$ThreadLocalMap$Entry; 520 0 5391 0 240
ciMethod java/lang/ThreadLocal$ThreadLocalMap getEntryAfterMiss (Ljava/lang/ThreadLocal;ILjava/lang/ThreadLocal$ThreadLocalMap$Entry;)Ljava/lang/ThreadLocal$ThreadLocalMap$Entry; 8 0 44 0 0
ciMethod java/lang/ThreadLocal$ThreadLocalMap set (Ljava/lang/ThreadLocal;Ljava/lang/Object;)V 514 0 6428 0 -1
ciMethod java/lang/ThreadLocal$ThreadLocalMap expungeStaleEntry (I)I 370 52 185 0 -1
ciMethod jdk/internal/misc/TerminatingThreadLocal register (Ljdk/internal/misc/TerminatingThreadLocal;)V 6 0 3 0 -1
ciMethod kotlin/jvm/internal/Intrinsics checkNotNullExpressionValue (Ljava/lang/Object;Ljava/lang/String;)V 822 0 12729 0 104
ciMethodData java/lang/ref/Reference refersTo (Ljava/lang/Object;)Z 2 15894 orig 80 0 0 0 0 0 0 0 0 0 0 0 0 168 1 0 0 0 0 0 0 0 0 0 0 0 0 0 0 0 0 0 0 0 0 0 0 0 0 0 0 0 0 0 0 0 0 0 0 0 0 0 0 0 0 0 0 0 0 0 0 0 0 0 0 0 0 0 0 0 0 0 0 0 0 0 0 0 0 0 0 data 17 0x20005 0x5d0 0x0 0x1a828369d98 0x2dd1 0x1a82836d8b8 0xa75 0x0 0x0 0x0 0x0 0x0 0x0 0x9 0x2 0xffffffffffffffff 0xffffffffffffffff oops 2 3 java/lang/ThreadLocal$ThreadLocalMap$Entry 5 java/util/WeakHashMap$Entry methods 0
ciMethodData java/lang/ref/Reference refersToImpl (Ljava/lang/Object;)Z 2 9601 orig 80 0 0 0 0 0 0 0 0 0 0 0 0 168 1 0 0 0 0 0 0 0 0 0 0 0 0 0 0 0 0 0 0 0 0 0 0 0 0 0 0 0 0 0 0 0 0 0 0 0 0 0 0 0 0 0 0 0 0 0 0 0 0 0 0 0 0 0 0 0 0 0 0 0 0 0 0 0 0 0 0 data 17 0x20005 0x2581 0x0 0x0 0x0 0x0 0x0 0x0 0x0 0x0 0x0 0x0 0x0 0x9 0x2 0x0 0x0 oops 0 methods 0
ciMethodData java/lang/ThreadLocal getMap (Ljava/lang/Thread;)Ljava/lang/ThreadLocal$ThreadLocalMap; 2 26989 orig 80 0 0 0 0 0 0 0 0 0 0 0 0 168 1 0 0 0 0 0 0 0 0 0 0 0 0 0 0 0 0 0 0 0 0 0 0 0 0 0 0 0 0 0 0 0 0 0 0 0 0 0 0 0 0 0 0 0 0 0 0 0 0 0 0 0 0 0 0 0 0 0 0 0 0 0 0 0 0 0 0 data 6 0x0 0x0 0x9 0x2 0x0 0x0 oops 0 methods 0
ciMethodData java/lang/ThreadLocal get (Ljava/lang/Thread;)Ljava/lang/Object; 2 15370 orig 80 1 0 0 0 0 0 0 0 0 0 0 0 168 1 0 0 0 0 0 0 0 0 0 0 0 0 0 0 0 0 0 0 0 0 0 0 0 0 0 0 0 0 0 0 0 0 0 0 0 0 0 0 0 0 0 0 0 0 0 0 0 0 0 0 0 0 0 0 0 0 0 0 0 0 0 0 0 0 0 0 data 39 0x20005 0x1732 0x0 0x1a82836a320 0x7c7 0x1a828626e50 0x1d11 0x70007 0x0 0x78 0x3c0a 0xc0005 0x3c0a 0x0 0x0 0x0 0x0 0x0 0x110007 0x7 0x20 0x3c04 0x1f0005 0x7 0x0 0x0 0x0 0x0 0x0 0x0 0x0 0x0 0x0 0x0 0x0 0x9 0x2 0x0 0x0 oops 2 3 sun/nio/ch/Util$1 5 java/lang/ThreadLocal methods 0
ciMethodData java/lang/ThreadLocal$ThreadLocalMap getEntry (Ljava/lang/ThreadLocal;)Ljava/lang/ThreadLocal$ThreadLocalMap$Entry; 2 5131 orig 80 0 0 0 0 0 0 0 0 0 0 0 0 168 1 0 0 0 0 0 0 0 0 0 0 0 0 0 0 0 0 0 0 0 0 0 0 0 0 0 1 0 0 0 0 0 0 0 0 0 0 0 0 0 0 0 0 0 0 0 0 0 0 0 0 0 0 0 0 0 0 0 0 0 0 0 0 0 0 0 0 data 32 0x150007 0x4 0x78 0x1407 0x1a0005 0x1407 0x0 0x0 0x0 0x0 0x0 0x80000006001d0007 0x1 0x20 0x1407 0x260005 0x5 0x0 0x0 0x0 0x0 0x0 0x0 0x0 0x0 0x0 0x0 0x0 0x9 0x2 0x0 0x0 oops 0 methods 0
ciMethodData java/lang/ThreadLocal setInitialValue (Ljava/lang/Thread;)Ljava/lang/Object; 1 40 orig 80 0 0 0 0 0 0 0 0 0 0 0 0 168 1 0 0 0 0 0 0 0 0 0 0 0 0 0 0 0 0 0 0 0 0 0 0 0 0 0 0 0 0 0 0 0 0 0 0 0 0 0 0 0 0 0 0 0 0 0 0 0 0 0 0 0 0 0 0 0 0 0 0 0 0 0 0 0 0 0 0 data 71 0x10005 0x6 0x0 0x1a8284e3c38 0x1 0x1a828626e50 0x21 0x70005 0x6 0x0 0x1a8284e3c38 0x1 0x1a828626e50 0x21 0xc0007 0x0 0x70 0x28 0x120005 0x28 0x0 0x0 0x0 0x0 0x0 0x150003 0x28 0x50 0x1b0005 0x0 0x0 0x0 0x0 0x0 0x0 0x230004 0xffffffffffffffd8 0x0 0x1a8284e3c38 0x1 0x1a828626e50 0x21 0x260007 0x28 0x68 0x0 0x2b0004 0x0 0x0 0x0 0x0 0x0 0x0 0x320002 0x0 0x380007 0x28 0x30 0x0 0x3b0002 0x0 0x0 0x0 0x0 0x0 0x0 0x0 0x9 0x2 0x0 0x0 oops 6 3 jdk/internal/jimage/ImageBufferCache$1 5 java/lang/ThreadLocal 10 jdk/internal/jimage/ImageBufferCache$1 12 java/lang/ThreadLocal 38 jdk/internal/jimage/ImageBufferCache$1 40 java/lang/ThreadLocal methods 0
ciMethodData java/lang/ThreadLocal$ThreadLocalMap getEntryAfterMiss (Ljava/lang/ThreadLocal;ILjava/lang/ThreadLocal$ThreadLocalMap$Entry;)Ljava/lang/ThreadLocal$ThreadLocalMap$Entry; 1 40 orig 80 0 0 0 0 0 0 0 0 0 0 0 0 168 1 0 0 0 0 0 0 0 0 0 0 0 0 0 0 0 0 0 0 0 0 0 0 0 0 0 0 0 0 0 0 0 0 0 0 0 0 0 0 0 0 0 0 0 0 0 0 0 0 0 0 0 0 0 0 0 0 0 0 0 0 0 0 0 0 0 0 data 53 0xc0007 0x28 0x148 0x4 0x110005 0x4 0x0 0x0 0x0 0x0 0x0 0x140007 0x4 0x20 0x0 0x1b0005 0x4 0x0 0x0 0x0 0x0 0x0 0x1e0007 0x4 0x70 0x0 0x230005 0x0 0x0 0x0 0x0 0x0 0x0 0x270003 0x0 0x28 0x2d0002 0x4 0x360003 0x4 0xfffffffffffffed0 0x0 0x0 0x0 0x0 0x0 0x0 0x9 0x4 0x6 0xffffffffffffffff 0x0 0xffffffffffffffff oops 0 methods 0
ciMethodData java/lang/ThreadLocal get ()Ljava/lang/Object; 2 35601 orig 80 0 0 0 0 0 0 0 0 0 0 0 0 168 1 0 0 0 0 0 0 0 0 0 0 0 0 0 0 0 0 0 0 0 0 0 0 0 0 0 0 0 0 0 0 0 0 0 0 0 0 0 0 0 0 0 0 0 0 0 0 0 0 0 0 0 0 0 0 0 0 0 0 0 0 0 0 0 0 0 0 data 18 0x10002 0x8b11 0x40005 0x8b11 0x0 0x0 0x0 0x0 0x0 0x0 0x0 0x0 0x0 0x0 0x0 0x9 0x1 0x0 oops 0 methods 0
ciMethodData java/lang/ThreadLocal createMap (Ljava/lang/Thread;Ljava/lang/Object;)V 1 0 orig 80 0 0 0 0 0 0 0 0 0 0 0 0 168 1 0 0 0 0 0 0 0 0 0 0 0 0 0 0 0 0 0 0 0 0 0 0 0 0 0 0 0 0 0 0 0 0 0 0 0 0 0 0 0 0 0 0 0 0 0 0 0 0 0 0 0 0 0 0 0 0 0 0 0 0 0 0 0 0 0 0 data 11 0x70002 0x0 0x0 0x0 0x0 0x0 0x9 0x3 0xffffffffffffffff 0x600 0x0 oops 0 methods 0
ciMethod java/util/concurrent/atomic/AtomicReference <init> ()V 594 0 24861 0 0
ciMethod java/util/concurrent/atomic/AtomicReference get ()Ljava/lang/Object; 258 0 129 0 0
ciMethod java/util/concurrent/atomic/AtomicReference set (Ljava/lang/Object;)V 370 0 185 0 0
ciMethod org/jetbrains/kotlin/com/intellij/openapi/diagnostic/Logger error (Ljava/lang/String;)V 0 0 1 0 -1
ciMethodData kotlin/jvm/internal/Intrinsics checkNotNullExpressionValue (Ljava/lang/Object;Ljava/lang/String;)V 2 12318 orig 80 0 0 0 0 0 0 0 0 0 0 0 0 168 1 0 0 0 0 0 0 0 0 0 0 0 0 0 0 0 0 0 0 0 0 0 0 0 0 0 0 0 0 0 0 0 0 0 0 0 0 0 0 0 0 0 0 0 0 0 0 0 0 0 0 0 0 0 0 0 0 0 0 0 0 0 0 0 0 0 0 data 48 0x10007 0x301e 0x130 0x0 0xc0002 0x0 0x100005 0x0 0x0 0x0 0x0 0x0 0x0 0x150005 0x0 0x0 0x0 0x0 0x0 0x0 0x180005 0x0 0x0 0x0 0x0 0x0 0x0 0x1b0002 0x0 0x1e0002 0x0 0x210004 0x0 0x0 0x0 0x0 0x0 0x0 0x0 0x0 0x0 0x0 0x0 0x0 0x9 0x2 0x0 0x0 oops 0 methods 0
ciMethod org/jetbrains/kotlin/com/intellij/openapi/util/Key hashCode ()I 308 0 154 0 0
ciMethod org/jetbrains/kotlin/it/unimi/dsi/fastutil/ints/Int2ObjectOpenHashMap realSize ()I 110 0 55 0 -1
ciMethod org/jetbrains/kotlin/it/unimi/dsi/fastutil/ints/Int2ObjectOpenHashMap find (I)I 560 1920 2171 0 0
ciMethod org/jetbrains/kotlin/it/unimi/dsi/fastutil/ints/Int2ObjectOpenHashMap insert (IILjava/lang/Object;)V 558 0 2170 0 0
ciMethod org/jetbrains/kotlin/it/unimi/dsi/fastutil/ints/Int2ObjectOpenHashMap put (ILjava/lang/Object;)Ljava/lang/Object; 560 0 2171 0 0
ciMethod org/jetbrains/kotlin/it/unimi/dsi/fastutil/ints/Int2ObjectOpenHashMap get (I)Ljava/lang/Object; 822 2048 7594 0 456
ciMethod org/jetbrains/kotlin/it/unimi/dsi/fastutil/ints/Int2ObjectOpenHashMap rehash (I)V 20 1678 55 0 0
ciMethod org/jetbrains/kotlin/it/unimi/dsi/fastutil/HashCommon mix (I)I 642 0 17330 0 96
ciMethod org/jetbrains/kotlin/it/unimi/dsi/fastutil/HashCommon nextPowerOfTwo (J)J 512 0 262 0 -1
ciMethod org/jetbrains/kotlin/it/unimi/dsi/fastutil/HashCommon maxFill (IF)I 512 0 262 0 -1
ciMethod org/jetbrains/kotlin/it/unimi/dsi/fastutil/HashCommon arraySize (IF)I 64 0 262 0 0
ciMethod org/jetbrains/kotlin/com/intellij/openapi/util/UserDataHolder putUserData (Lorg/jetbrains/kotlin/com/intellij/openapi/util/Key;Ljava/lang/Object;)V 0 0 1 0 -1
ciMethod org/jetbrains/kotlin/com/intellij/openapi/progress/ProgressManager checkCanceled ()V 522 0 28117 0 0
ciMethod org/jetbrains/kotlin/com/intellij/openapi/progress/ProgressIndicatorProvider doCheckCanceled ()V 0 0 1 0 -1
ciMethod org/jetbrains/kotlin/com/intellij/openapi/progress/ProgressIndicatorProvider checkCanceled ()V 522 0 28031 0 744
ciMethod org/jetbrains/kotlin/com/intellij/openapi/progress/impl/CoreProgressManager runCheckCanceledHooks (Lorg/jetbrains/kotlin/com/intellij/openapi/progress/ProgressIndicator;)Z 0 0 1 0 -1
ciMethod org/jetbrains/kotlin/com/intellij/openapi/progress/impl/CoreProgressManager doCheckCanceled ()V 0 0 10343 0 656
ciMethod org/jetbrains/kotlin/com/intellij/openapi/progress/impl/CoreProgressManager getProgressIndicator ()Lorg/jetbrains/kotlin/com/intellij/openapi/progress/ProgressIndicator; 4 0 26 0 -1
ciMethod org/jetbrains/kotlin/com/intellij/openapi/progress/impl/CoreProgressManager isInNonCancelableSection ()Z 1024 0 10369 0 0
ciMethod org/jetbrains/kotlin/com/intellij/lang/LanguageExtension forLanguage (Lorg/jetbrains/kotlin/com/intellij/lang/Language;)Ljava/lang/Object; 1024 0 9739 0 720
ciMethod org/jetbrains/kotlin/com/intellij/lang/LanguageExtension findForLanguage (Lorg/jetbrains/kotlin/com/intellij/lang/Language;)Ljava/lang/Object; 32 30 16 0 -1
ciMethod org/jetbrains/kotlin/com/intellij/lang/LanguageExtension $$$reportNull$$$0 (I)V 0 0 1 0 -1
ciMethod org/jetbrains/kotlin/com/intellij/openapi/util/UserDataHolderBase <init> ()V 930 0 24752 0 304
ciMethod org/jetbrains/kotlin/com/intellij/openapi/util/UserDataHolderBase getUserData (Lorg/jetbrains/kotlin/com/intellij/openapi/util/Key;)Ljava/lang/Object; 550 0 9510 0 680
ciMethod org/jetbrains/kotlin/com/intellij/openapi/util/UserDataHolderBase getUserMap ()Lorg/jetbrains/kotlin/com/intellij/util/keyFMap/KeyFMap; 2470 0 19719 0 0
ciMethod org/jetbrains/kotlin/com/intellij/openapi/util/UserDataHolderBase putUserDataIfAbsent (Lorg/jetbrains/kotlin/com/intellij/openapi/util/Key;Ljava/lang/Object;)Ljava/lang/Object; 40 0 20 0 -1
ciMethod org/jetbrains/kotlin/com/intellij/openapi/util/UserDataHolderBase $$$reportNull$$$0 (I)V 0 0 1 0 -1
ciMethod org/jetbrains/kotlin/com/intellij/lang/ParserDefinition getCommentTokens ()Lorg/jetbrains/kotlin/com/intellij/psi/tree/TokenSet; 0 0 1 0 -1
ciMethod org/jetbrains/kotlin/com/intellij/util/keyFMap/KeyFMap get (Lorg/jetbrains/kotlin/com/intellij/openapi/util/Key;)Ljava/lang/Object; 0 0 1 0 -1
ciMethod org/jetbrains/kotlin/com/intellij/lang/DefaultASTFactoryImpl createLazy (Lorg/jetbrains/kotlin/com/intellij/psi/tree/ILazyParseableElementType;Ljava/lang/CharSequence;)Lorg/jetbrains/kotlin/com/intellij/psi/impl/source/tree/LazyParseableElement; 56 0 28 0 -1
ciMethod org/jetbrains/kotlin/com/intellij/lang/DefaultASTFactoryImpl createLeaf (Lorg/jetbrains/kotlin/com/intellij/psi/tree/IElementType;Ljava/lang/CharSequence;)Lorg/jetbrains/kotlin/com/intellij/psi/impl/source/tree/LeafElement; 1024 0 3981 0 0
ciMethod org/jetbrains/kotlin/com/intellij/lang/DefaultASTFactoryImpl createComment (Lorg/jetbrains/kotlin/com/intellij/psi/tree/IElementType;Ljava/lang/CharSequence;)Lorg/jetbrains/kotlin/com/intellij/psi/impl/source/tree/LeafElement; 26 0 42 0 0
ciMethod org/jetbrains/kotlin/com/intellij/lang/DefaultASTFactoryImpl $$$reportNull$$$0 (I)V 0 0 1 0 -1
ciMethod org/jetbrains/kotlin/com/intellij/lang/ASTFactory createLazy (Lorg/jetbrains/kotlin/com/intellij/psi/tree/ILazyParseableElementType;Ljava/lang/CharSequence;)Lorg/jetbrains/kotlin/com/intellij/psi/impl/source/tree/LazyParseableElement; 0 0 1 0 -1
ciMethod org/jetbrains/kotlin/com/intellij/lang/ASTFactory createLeaf (Lorg/jetbrains/kotlin/com/intellij/psi/tree/IElementType;Ljava/lang/CharSequence;)Lorg/jetbrains/kotlin/com/intellij/psi/impl/source/tree/LeafElement; 0 0 1 0 -1
ciMethod org/jetbrains/kotlin/com/intellij/lang/ASTFactory lazy (Lorg/jetbrains/kotlin/com/intellij/psi/tree/ILazyParseableElementType;Ljava/lang/CharSequence;)Lorg/jetbrains/kotlin/com/intellij/psi/impl/source/tree/LazyParseableElement; 244 0 122 0 -1
ciMethod org/jetbrains/kotlin/com/intellij/lang/ASTFactory leaf (Lorg/jetbrains/kotlin/com/intellij/psi/tree/IElementType;Ljava/lang/CharSequence;)Lorg/jetbrains/kotlin/com/intellij/psi/impl/source/tree/LeafElement; 954 0 3981 0 0
ciMethod org/jetbrains/kotlin/com/intellij/lang/ASTFactory factory (Lorg/jetbrains/kotlin/com/intellij/psi/tree/IElementType;)Lorg/jetbrains/kotlin/com/intellij/lang/ASTFactory; 1024 0 7989 0 0
ciMethod org/jetbrains/kotlin/com/intellij/lang/ASTFactory $$$reportNull$$$0 (I)V 0 0 1 0 -1
ciMethod org/jetbrains/kotlin/com/intellij/util/CharTable intern (Ljava/lang/CharSequence;II)Ljava/lang/CharSequence; 0 0 1 0 -1
ciMethod org/jetbrains/kotlin/com/intellij/psi/impl/source/tree/LazyParseableElement isParsed ()Z 306 0 153 0 -1
ciMethod org/jetbrains/kotlin/com/intellij/psi/impl/source/tree/LazyParseableElement setFirstChildNode (Lorg/jetbrains/kotlin/com/intellij/psi/impl/source/tree/TreeElement;)V 112 0 56 0 0
ciMethod org/jetbrains/kotlin/com/intellij/psi/impl/source/tree/LazyParseableElement setLastChildNode (Lorg/jetbrains/kotlin/com/intellij/psi/impl/source/tree/TreeElement;)V 530 0 340 0 0
ciMethod org/jetbrains/kotlin/com/intellij/psi/impl/source/tree/CompositeElement getLastChildNode ()Lorg/jetbrains/kotlin/com/intellij/psi/impl/source/tree/TreeElement; 380 0 190 0 0
ciMethod org/jetbrains/kotlin/com/intellij/psi/impl/source/tree/CompositeElement setFirstChildNode (Lorg/jetbrains/kotlin/com/intellij/psi/impl/source/tree/TreeElement;)V 1024 0 4062 0 0
ciMethod org/jetbrains/kotlin/com/intellij/psi/impl/source/tree/CompositeElement setLastChildNode (Lorg/jetbrains/kotlin/com/intellij/psi/impl/source/tree/TreeElement;)V 414 0 207 0 0
ciMethod org/jetbrains/kotlin/com/intellij/psi/impl/source/tree/CompositeElement getCachedPsi ()Lorg/jetbrains/kotlin/com/intellij/psi/PsiElement; 0 0 1 0 0
ciMethod org/jetbrains/kotlin/com/intellij/psi/impl/source/tree/CompositeElement rawAddChildrenWithoutNotifications (Lorg/jetbrains/kotlin/com/intellij/psi/impl/source/tree/TreeElement;)V 1024 0 9767 0 0
ciMethod org/jetbrains/kotlin/com/intellij/psi/impl/source/tree/CompositeElement rawSetParents (Lorg/jetbrains/kotlin/com/intellij/psi/impl/source/tree/TreeElement;Lorg/jetbrains/kotlin/com/intellij/psi/impl/source/tree/CompositeElement;)Lorg/jetbrains/kotlin/com/intellij/psi/impl/source/tree/TreeElement; 672 0 4036 0 0
ciMethod org/jetbrains/kotlin/com/intellij/psi/impl/source/tree/CompositeElement $$$reportNull$$$0 (I)V 0 0 1 0 -1
ciMethod org/jetbrains/kotlin/com/intellij/lang/ASTNode getTreeParent ()Lorg/jetbrains/kotlin/com/intellij/lang/ASTNode; 0 0 1 0 -1
ciMethod org/jetbrains/kotlin/com/intellij/psi/impl/source/tree/TreeElement <init> (Lorg/jetbrains/kotlin/com/intellij/psi/tree/IElementType;)V 1024 0 9807 0 0
ciMethod org/jetbrains/kotlin/com/intellij/psi/impl/source/tree/TreeElement getCachedFile (Lorg/jetbrains/kotlin/com/intellij/psi/impl/source/tree/TreeElement;)Lorg/jetbrains/kotlin/com/intellij/psi/impl/source/PsiFileImpl; 4700 0 8784 0 376
ciMethod org/jetbrains/kotlin/com/intellij/psi/impl/source/tree/TreeElement getTreeParent ()Lorg/jetbrains/kotlin/com/intellij/psi/impl/source/tree/CompositeElement; 900 0 450 0 0
ciMethod org/jetbrains/kotlin/com/intellij/psi/impl/source/tree/TreeElement getTreePrev ()Lorg/jetbrains/kotlin/com/intellij/psi/impl/source/tree/TreeElement; 392 0 196 0 0
ciMethod org/jetbrains/kotlin/com/intellij/psi/impl/source/tree/TreeElement setTreeParent (Lorg/jetbrains/kotlin/com/intellij/psi/impl/source/tree/CompositeElement;)V 874 0 13687 0 704
ciMethod org/jetbrains/kotlin/com/intellij/psi/impl/source/tree/TreeElement setTreePrev (Lorg/jetbrains/kotlin/com/intellij/psi/impl/source/tree/TreeElement;)V 814 0 15550 0 0
ciMethod org/jetbrains/kotlin/com/intellij/psi/impl/source/tree/TreeElement getTreeNext ()Lorg/jetbrains/kotlin/com/intellij/psi/impl/source/tree/TreeElement; 540 0 270 0 0
ciMethod org/jetbrains/kotlin/com/intellij/psi/impl/source/tree/TreeElement setTreeNext (Lorg/jetbrains/kotlin/com/intellij/psi/impl/source/tree/TreeElement;)V 1024 0 5757 0 0
ciMethod org/jetbrains/kotlin/com/intellij/psi/impl/source/tree/TreeElement clearRelativeOffsets (Lorg/jetbrains/kotlin/com/intellij/psi/impl/source/tree/TreeElement;)V 1024 0 25369 0 0
ciMethod org/jetbrains/kotlin/com/intellij/psi/impl/source/tree/TreeElement onInvalidated ()V 0 0 1 0 -1
ciMethod org/jetbrains/kotlin/com/intellij/psi/impl/source/tree/TreeElement rawInsertAfterMeWithoutNotifications (Lorg/jetbrains/kotlin/com/intellij/psi/impl/source/tree/TreeElement;)V 1024 0 5757 0 0
ciMethod org/jetbrains/kotlin/com/intellij/psi/impl/source/tree/TreeElement rawRemoveUpToWithoutNotifications (Lorg/jetbrains/kotlin/com/intellij/psi/impl/source/tree/TreeElement;Z)V 1024 0 9793 0 0
ciMethod org/jetbrains/kotlin/com/intellij/psi/impl/source/tree/TreeElement getElementType ()Lorg/jetbrains/kotlin/com/intellij/psi/tree/IElementType; 604 0 26234 0 112
ciMethod org/jetbrains/kotlin/com/intellij/psi/impl/source/tree/TreeElement assertReadAccessAllowed ()V 16 0 84 0 -1
ciMethod org/jetbrains/kotlin/com/intellij/psi/impl/source/tree/TreeElement getTreeParent ()Lorg/jetbrains/kotlin/com/intellij/lang/ASTNode; 1024 0 10509 0 0
ciMethod org/jetbrains/kotlin/com/intellij/psi/impl/source/tree/TreeElement $$$reportNull$$$0 (I)V 0 0 1 0 -1
ciMethod org/jetbrains/kotlin/com/intellij/psi/impl/ElementBase <init> ()V 812 0 11264 0 0
ciMethod org/jetbrains/kotlin/com/intellij/psi/impl/source/CodeFragmentElement <init> (Ljava/lang/CharSequence;)V 0 0 1 0 -1
ciMethod org/jetbrains/kotlin/com/intellij/psi/impl/source/DummyHolderElement <init> (Ljava/lang/CharSequence;)V 0 0 1 0 -1
ciMethod org/jetbrains/kotlin/com/intellij/psi/tree/IElementType getLanguage ()Lorg/jetbrains/kotlin/com/intellij/lang/Language; 1024 0 13291 0 0
ciMethod org/jetbrains/kotlin/com/intellij/psi/tree/IElementType getIndex ()S 300 0 150 0 0
ciMethod org/jetbrains/kotlin/com/intellij/psi/tree/IElementType $$$reportNull$$$0 (I)V 0 0 1 0 -1
ciMethod org/jetbrains/kotlin/com/intellij/psi/tree/ILazyParseableElementType createNode (Ljava/lang/CharSequence;)Lorg/jetbrains/kotlin/com/intellij/lang/ASTNode; 56 0 28 0 -1
ciMethod org/jetbrains/kotlin/com/intellij/psi/impl/source/tree/LeafElement <init> (Lorg/jetbrains/kotlin/com/intellij/psi/tree/IElementType;Ljava/lang/CharSequence;)V 1024 0 5701 0 0
ciMethod org/jetbrains/kotlin/com/intellij/psi/impl/source/tree/LeafElement $$$reportNull$$$0 (I)V 0 0 1 0 -1
ciMethod org/jetbrains/kotlin/com/intellij/psi/impl/source/tree/PsiWhiteSpaceImpl <init> (Ljava/lang/CharSequence;)V 480 0 1720 0 0
ciMethod org/jetbrains/kotlin/com/intellij/psi/impl/source/tree/LeafPsiElement <init> (Lorg/jetbrains/kotlin/com/intellij/psi/tree/IElementType;Ljava/lang/CharSequence;)V 1024 0 5701 0 0
ciMethod org/jetbrains/kotlin/com/intellij/psi/impl/source/tree/LeafPsiElement $$$reportNull$$$0 (I)V 0 0 1 0 -1
ciMethod org/jetbrains/kotlin/com/intellij/psi/impl/source/tree/PsiCommentImpl <init> (Lorg/jetbrains/kotlin/com/intellij/psi/tree/IElementType;Ljava/lang/CharSequence;)V 26 0 42 0 0
ciMethod org/jetbrains/kotlin/com/intellij/psi/impl/source/tree/PsiCommentImpl $$$reportNull$$$0 (I)V 0 0 1 0 -1
ciMethod org/jetbrains/kotlin/com/intellij/psi/impl/source/CharTableImpl intern (Ljava/lang/CharSequence;)Ljava/lang/CharSequence; 0 0 1 0 -1
ciMethod org/jetbrains/kotlin/com/intellij/psi/impl/source/CharTableImpl doIntern (Ljava/lang/CharSequence;II)Ljava/lang/CharSequence; 1024 0 5689 0 0
ciMethod org/jetbrains/kotlin/com/intellij/psi/impl/source/CharTableImpl intern (Ljava/lang/CharSequence;II)Ljava/lang/CharSequence; 1024 0 5783 0 0
ciMethod org/jetbrains/kotlin/com/intellij/psi/impl/source/CharTableImpl createSequence (Ljava/lang/CharSequence;II)Ljava/lang/String; 674 0 1309 0 0
ciMethod org/jetbrains/kotlin/com/intellij/psi/impl/source/CharTableImpl subSequenceHashCode (Ljava/lang/CharSequence;II)I 1024 0 5879 0 0
ciMethod org/jetbrains/kotlin/com/intellij/psi/impl/source/CharTableImpl access$600 (Ljava/lang/CharSequence;II)Ljava/lang/String; 640 0 1215 0 0
ciMethod org/jetbrains/kotlin/com/intellij/psi/impl/source/CharTableImpl $$$reportNull$$$0 (I)V 0 0 1 0 -1
ciMethod org/jetbrains/kotlin/com/intellij/psi/impl/source/CharTableImpl$StringHashToCharSequencesMap getSubSequenceWithHashCode (ILjava/lang/CharSequence;II)Ljava/lang/CharSequence; 1024 0 5689 0 0
ciMethod org/jetbrains/kotlin/com/intellij/psi/impl/source/CharTableImpl$StringHashToCharSequencesMap charSequenceSubSequenceEquals (Ljava/lang/CharSequence;Ljava/lang/CharSequence;II)Z 1024 3120 4666 0 0
ciMethod org/jetbrains/kotlin/com/intellij/psi/impl/source/CharTableImpl$StringHashToCharSequencesMap getOrAddSubSequenceWithHashCode (ILjava/lang/CharSequence;II)Ljava/lang/CharSequence; 1024 0 2582 0 0
ciMethod org/jetbrains/kotlin/com/intellij/psi/impl/source/CharTableImpl$StringHashToCharSequencesMap access$100 (Lorg/jetbrains/kotlin/com/intellij/psi/impl/source/CharTableImpl$StringHashToCharSequencesMap;ILjava/lang/CharSequence;II)Ljava/lang/CharSequence; 1024 0 5689 0 0
ciMethod org/jetbrains/kotlin/com/intellij/psi/impl/source/CharTableImpl$StringHashToCharSequencesMap access$200 (Lorg/jetbrains/kotlin/com/intellij/psi/impl/source/CharTableImpl$StringHashToCharSequencesMap;ILjava/lang/CharSequence;II)Ljava/lang/CharSequence; 626 0 2392 0 0
ciMethod org/jetbrains/kotlin/com/intellij/psi/impl/source/CharTableImpl$StringHashToCharSequencesMap $$$reportNull$$$0 (I)V 0 0 1 0 -1
ciMethod org/jetbrains/kotlin/com/intellij/openapi/util/text/StringUtil stringHashCode (Ljava/lang/CharSequence;)I 380 0 190 0 0
ciMethod org/jetbrains/kotlin/com/intellij/openapi/util/text/StringUtil stringHashCode (Ljava/lang/CharSequence;II)I 1024 0 5689 0 0
ciMethod org/jetbrains/kotlin/com/intellij/openapi/util/text/StringUtil $$$reportNull$$$0 (I)V 0 0 1 0 -1
ciMethod org/jetbrains/kotlin/com/intellij/openapi/util/text/Strings stringHashCode (Ljava/lang/CharSequence;)I 380 0 190 0 -1
ciMethod org/jetbrains/kotlin/com/intellij/openapi/util/text/Strings stringHashCode (Ljava/lang/CharSequence;II)I 1024 0 5689 0 0
ciMethod org/jetbrains/kotlin/com/intellij/openapi/util/text/Strings stringHashCode (Ljava/lang/CharSequence;III)I 1024 4076 5689 0 0
ciMethod org/jetbrains/kotlin/com/intellij/openapi/util/text/Strings $$$reportNull$$$0 (I)V 0 0 1 0 -1
ciMethodData org/jetbrains/kotlin/it/unimi/dsi/fastutil/HashCommon mix (I)I 2 17009 orig 80 0 0 0 0 0 0 0 0 0 0 0 0 168 1 0 0 0 0 0 0 0 0 0 0 0 0 0 0 0 0 0 0 0 0 0 0 0 0 0 0 0 0 0 0 0 0 0 0 0 0 0 0 0 0 0 0 0 0 0 0 0 0 0 0 0 0 0 0 0 0 0 0 0 0 0 0 0 0 0 0 data 5 0x0 0x0 0x9 0x1 0x0 oops 0 methods 0
ciMethodData org/jetbrains/kotlin/it/unimi/dsi/fastutil/ints/Int2ObjectOpenHashMap put (ILjava/lang/Object;)Ljava/lang/Object; 2 1891 orig 80 0 0 0 0 0 0 0 0 0 0 0 0 168 1 0 0 0 0 0 0 0 0 0 0 0 0 0 0 0 0 0 0 0 0 0 0 0 0 0 0 0 0 0 0 0 0 0 0 0 0 0 0 0 0 0 0 0 0 0 0 0 0 0 0 0 0 0 0 0 0 0 0 0 0 0 0 0 0 0 0 data 26 0x20002 0x763 0x70007 0x0 0x30 0x763 0x110002 0x763 0x270004 0x0 0x0 0x0 0x0 0x0 0x0 0x0 0x0 0x0 0x0 0x0 0x0 0x9 0x3 0x0 0x0 0x0 oops 0 methods 0
ciMethodData org/jetbrains/kotlin/it/unimi/dsi/fastutil/ints/Int2ObjectOpenHashMap find (I)I 2 1891 orig 80 0 0 0 0 0 0 0 0 0 0 0 0 168 1 0 0 0 0 0 0 0 0 0 0 0 0 0 0 0 0 0 0 0 0 0 0 0 0 0 0 0 0 0 0 0 0 0 0 0 0 0 0 0 0 0 0 0 0 0 0 0 0 0 0 0 0 0 0 0 0 0 0 0 0 0 0 0 0 0 0 data 39 0x10007 0x763 0x58 0x0 0x80007 0x0 0x38 0x0 0xf0003 0x0 0x18 0x210002 0x763 0x2f0007 0x3d3 0x20 0x390 0x3a0007 0x3d3 0x20 0x0 0x500007 0x12a7 0x20 0x3d3 0x5b0007 0x12a7 0xffffffffffffffe0 0x0 0x0 0x0 0x0 0x0 0x0 0x0 0x9 0x2 0x0 0x0 oops 0 methods 0
ciMethodData org/jetbrains/kotlin/it/unimi/dsi/fastutil/ints/Int2ObjectOpenHashMap insert (IILjava/lang/Object;)V 2 1891 orig 80 0 0 0 0 0 0 0 0 0 0 0 0 168 1 0 0 0 0 0 0 0 0 0 0 0 0 0 0 0 0 0 0 0 0 0 0 0 0 0 0 0 0 0 0 0 0 0 0 0 0 0 0 0 0 0 0 0 0 0 0 0 0 0 0 0 0 0 0 0 0 0 0 0 0 0 0 0 0 0 0 data 36 0x50007 0x763 0x20 0x0 0x1a0004 0x0 0x0 0x1a828f540d8 0xa6 0x1a828f54188 0x1a0 0x2a0007 0x732 0x68 0x31 0x380002 0x31 0x3b0005 0x0 0x0 0x1a8270426f0 0xf 0x1a8291b7688 0x22 0x0 0x0 0x0 0x0 0x0 0x0 0x9 0x4 0x0 0x0 0x0 0x0 oops 4 7 org/jetbrains/kotlin/com/intellij/util/containers/IntKeyWeakValueHashMap$MyReference 9 org/jetbrains/kotlin/parsing/TrailingCommentsBinder 20 org/jetbrains/kotlin/it/unimi/dsi/fastutil/ints/Int2ObjectOpenHashMap 22 org/jetbrains/kotlin/com/intellij/psi/impl/source/CharTableImpl$StringHashToCharSequencesMap methods 0
ciMethod org/jetbrains/kotlin/com/intellij/openapi/progress/ProgressIndicator checkCanceled ()V 0 0 1 0 -1
ciMethod org/jetbrains/kotlin/com/intellij/openapi/util/KeyWithDefaultValue getDefaultValue ()Ljava/lang/Object; 0 0 1 0 -1
ciMethod org/jetbrains/kotlin/com/intellij/psi/tree/IElementType$Predicate matches (Lorg/jetbrains/kotlin/com/intellij/psi/tree/IElementType;)Z 0 0 1 0 -1
ciMethod org/jetbrains/kotlin/parsing/KotlinParserDefinition getCommentTokens ()Lorg/jetbrains/kotlin/com/intellij/psi/tree/TokenSet; 1024 0 4007 0 0
ciMethod org/jetbrains/kotlin/com/intellij/psi/PsiInvalidElementAccessException setInvalidationTrace (Lorg/jetbrains/kotlin/com/intellij/openapi/util/UserDataHolder;Ljava/lang/Object;)V 6910 0 10019 0 152
ciMethod org/jetbrains/kotlin/com/intellij/psi/PsiInvalidElementAccessException $$$reportNull$$$0 (I)V 0 0 1 0 -1
ciMethod org/jetbrains/kotlin/com/intellij/psi/impl/source/PsiFileImpl beforeAstChange ()V 0 0 1 0 -1
ciMethod org/jetbrains/kotlin/com/intellij/psi/tree/TokenSet get (I)Z 558 0 3119 0 0
ciMethod org/jetbrains/kotlin/com/intellij/psi/tree/TokenSet contains (Lorg/jetbrains/kotlin/com/intellij/psi/tree/IElementType;)Z 858 0 6940 0 336
ciMethod org/jetbrains/kotlin/com/intellij/util/text/ImmutableText length ()I 1024 0 7699 0 0
ciMethod org/jetbrains/kotlin/com/intellij/util/text/ImmutableText charAt (I)C 718 0 27688 0 744
ciMethod org/jetbrains/kotlin/com/intellij/util/text/ImmutableText findLeaf (I)Lorg/jetbrains/kotlin/com/intellij/util/text/ImmutableText$InnerLeaf; 2 0 14 0 0
ciMethod org/jetbrains/kotlin/com/intellij/util/text/ImmutableText outOfRange (I)Ljava/lang/IndexOutOfBoundsException; 0 0 1 0 -1
ciMethodData org/jetbrains/kotlin/com/intellij/openapi/util/UserDataHolderBase <init> ()V 2 24287 orig 80 0 0 0 0 0 0 0 0 0 0 0 0 168 1 0 0 0 0 0 0 0 0 0 0 0 0 0 0 0 0 0 0 0 0 0 0 0 0 0 0 0 0 0 0 0 0 0 0 0 0 0 0 0 0 0 0 0 0 0 0 0 0 0 0 0 0 0 0 0 0 0 0 0 0 0 0 0 0 0 0 data 18 0x10002 0x5edf 0x80005 0x5edf 0x0 0x0 0x0 0x0 0x0 0x0 0x0 0x0 0x0 0x0 0x0 0x9 0x1 0x6 oops 0 methods 0
ciMethodData java/util/concurrent/atomic/AtomicReference <init> ()V 2 24564 orig 80 0 0 0 0 0 0 0 0 0 0 0 0 168 1 0 0 0 0 0 0 0 0 0 0 0 0 0 0 0 0 0 0 0 0 0 0 0 0 0 0 0 0 0 0 0 0 0 0 0 0 0 0 0 0 0 0 0 0 0 0 0 0 0 0 0 0 0 0 0 0 0 0 0 0 0 0 0 0 0 0 data 7 0x10002 0x5ff4 0x0 0x0 0x9 0x1 0x0 oops 0 methods 0
ciMethod org/jetbrains/kotlin/com/intellij/util/keyFMap/ArrayBackedFMap indexOf (I)I 1024 626 9110 0 0
ciMethod org/jetbrains/kotlin/com/intellij/util/keyFMap/ArrayBackedFMap get (Lorg/jetbrains/kotlin/com/intellij/openapi/util/Key;)Ljava/lang/Object; 1024 0 9086 0 0
ciMethod org/jetbrains/kotlin/com/intellij/util/keyFMap/ArrayBackedFMap $$$reportNull$$$0 (I)V 0 0 1 0 -1
ciMethod org/jetbrains/kotlin/com/intellij/util/text/ByteArrayCharSequence length ()I 1024 0 1904 0 88
ciMethod org/jetbrains/kotlin/com/intellij/util/text/ByteArrayCharSequence charAt (I)C 35850 0 19591 0 136
ciMethodData org/jetbrains/kotlin/com/intellij/util/text/ByteArrayCharSequence charAt (I)C 2 1666 orig 80 0 0 0 0 0 0 0 0 0 0 0 0 0 0 0 0 0 0 0 0 0 0 0 0 0 0 0 0 0 0 0 0 0 0 0 0 0 0 0 0 0 0 0 0 0 0 0 0 0 0 0 0 0 0 0 0 0 0 0 0 0 0 0 0 0 0 0 0 0 0 0 0 0 0 0 0 0 0 0 0 data 8 0x0 0x0 0x0 0x0 0x9 0x2 0x0 0x0 oops 0 methods 0
ciMethodData org/jetbrains/kotlin/com/intellij/openapi/util/UserDataHolderBase getUserMap ()Lorg/jetbrains/kotlin/com/intellij/util/keyFMap/KeyFMap; 2 18484 orig 80 0 0 0 0 0 0 0 0 0 0 0 0 168 1 0 0 0 0 0 0 0 0 0 0 0 0 0 0 0 0 0 0 0 0 0 0 0 0 0 0 0 0 0 0 0 0 0 0 0 0 0 0 0 0 0 0 0 0 0 0 0 0 0 0 0 0 0 0 0 0 0 0 0 0 0 0 0 0 0 0 data 29 0x10005 0x4834 0x0 0x0 0x0 0x0 0x0 0x40004 0x0 0x0 0x1a8270bf778 0x50 0x1a8270bf6c8 0x22f1 0x80007 0x4834 0x30 0x0 0xc0002 0x0 0x0 0x0 0x0 0x0 0x0 0x0 0x9 0x1 0x0 oops 2 10 org/jetbrains/kotlin/com/intellij/util/keyFMap/OneElementFMap 12 org/jetbrains/kotlin/com/intellij/util/keyFMap/ArrayBackedFMap methods 0
ciMethod org/jetbrains/kotlin/com/intellij/psi/impl/DebugUtil doCheckTreeStructure (Lorg/jetbrains/kotlin/com/intellij/lang/ASTNode;)V 0 0 1 0 -1
ciMethod org/jetbrains/kotlin/com/intellij/psi/impl/DebugUtil revalidateNode (Lorg/jetbrains/kotlin/com/intellij/lang/ASTNode;)V 618 0 8547 0 144
ciMethod org/jetbrains/kotlin/com/intellij/psi/impl/DebugUtil checkTreeStructure (Lorg/jetbrains/kotlin/com/intellij/lang/ASTNode;)V 1024 0 35110 0 0
ciMethod org/jetbrains/kotlin/com/intellij/psi/impl/DebugUtil $$$reportNull$$$0 (I)V 0 0 1 0 -1
ciMethod org/jetbrains/kotlin/com/intellij/lang/impl/PsiBuilderImpl getASTFactory ()Lorg/jetbrains/kotlin/com/intellij/lang/ASTFactory; 986 0 4115 0 0
ciMethod org/jetbrains/kotlin/com/intellij/lang/impl/PsiBuilderImpl insertLeaves (IILorg/jetbrains/kotlin/com/intellij/psi/impl/source/tree/CompositeElement;)I 1024 688 8257 0 -1
ciMethod org/jetbrains/kotlin/com/intellij/lang/impl/PsiBuilderImpl createLazy (Lorg/jetbrains/kotlin/com/intellij/psi/tree/ILazyParseableElementType;Ljava/lang/CharSequence;Lorg/jetbrains/kotlin/com/intellij/lang/ASTFactory;)Lorg/jetbrains/kotlin/com/intellij/psi/impl/source/tree/LazyParseableElement; 30 0 108 0 0
ciMethod org/jetbrains/kotlin/com/intellij/lang/impl/PsiBuilderImpl createLeaf (Lorg/jetbrains/kotlin/com/intellij/psi/tree/IElementType;II)Lorg/jetbrains/kotlin/com/intellij/psi/impl/source/tree/TreeElement; 1020 0 5783 0 0
ciMethod org/jetbrains/kotlin/com/intellij/lang/impl/PsiBuilderImpl $$$reportNull$$$0 (I)V 0 0 1 0 -1
ciMethod org/jetbrains/kotlin/com/intellij/psi/impl/source/tree/SharedImplUtil findFileElement (Lorg/jetbrains/kotlin/com/intellij/lang/ASTNode;)Lorg/jetbrains/kotlin/com/intellij/lang/FileASTNode; 574 0 9009 0 0
ciMethod org/jetbrains/kotlin/com/intellij/psi/impl/source/tree/SharedImplUtil $$$reportNull$$$0 (I)V 0 0 1 0 -1
ciMethod org/jetbrains/kotlin/com/intellij/util/text/ImmutableText$InnerLeaf <init> (Ljava/lang/CharSequence;IILorg/jetbrains/kotlin/com/intellij/util/text/ImmutableText$1;)V 28 0 14 0 -1
ciMethodData org/jetbrains/kotlin/com/intellij/util/text/ImmutableText charAt (I)C 2 27329 orig 80 1 0 0 0 0 0 0 0 0 0 0 0 168 1 0 0 0 0 0 0 0 0 0 0 0 0 0 0 0 0 0 0 0 0 0 0 0 0 0 1 0 0 0 0 0 0 0 0 0 0 0 0 0 0 0 0 0 0 0 0 0 0 0 0 0 0 0 0 0 0 0 0 0 0 0 0 0 0 0 0 data 31 0x8000000600060007 0x1 0x60 0x6ac1 0xe0007 0x0 0x40 0x6ac1 0x160007 0x6ac1 0x30 0x0 0x1c0002 0x1 0x2e0005 0x0 0x0 0x1a822936578 0x3f6e 0x1a8282333c0 0x2b54 0x0 0x0 0x0 0x0 0x0 0x0 0x9 0x2 0xc 0x0 oops 2 17 java/lang/String 19 org/jetbrains/kotlin/com/intellij/util/text/ByteArrayCharSequence methods 0
ciMethodData org/jetbrains/kotlin/com/intellij/util/text/ImmutableText findLeaf (I)Lorg/jetbrains/kotlin/com/intellij/util/text/ImmutableText$InnerLeaf; 1 13 orig 80 0 0 0 0 0 0 0 0 0 0 0 0 168 1 0 0 0 0 0 0 0 0 0 0 0 0 0 0 0 0 0 0 0 0 0 0 0 0 0 0 0 0 0 0 0 0 0 0 0 0 0 0 0 0 0 0 0 0 0 0 0 0 0 0 0 0 0 0 0 0 0 0 0 0 0 0 0 0 0 0 data 66 0x10007 0xd 0x30 0x0 0x60002 0x0 0x100005 0x0 0x0 0x1a8282333c0 0x9 0x1a822936578 0x4 0x1b0007 0xd 0x30 0x0 0x200002 0x0 0x250004 0xfffffffffffffff3 0x0 0x1a8282333c0 0x9 0x1a822936578 0x4 0x280007 0x0 0x30 0xd 0x370002 0xd 0x3c0004 0x0 0x0 0x0 0x0 0x0 0x0 0x460005 0x0 0x0 0x0 0x0 0x0 0x0 0x500007 0x0 0x38 0x0 0x5c0003 0x0 0x18 0x760003 0x0 0xfffffffffffffec0 0x0 0x0 0x0 0x0 0x0 0x0 0x9 0x2 0x0 0x0 oops 4 9 org/jetbrains/kotlin/com/intellij/util/text/ByteArrayCharSequence 11 java/lang/String 22 org/jetbrains/kotlin/com/intellij/util/text/ByteArrayCharSequence 24 java/lang/String methods 0
ciMethodData org/jetbrains/kotlin/com/intellij/psi/tree/TokenSet get (I)Z 2 2840 orig 80 0 0 0 0 0 0 0 0 0 0 0 0 168 1 0 0 0 0 0 0 0 0 0 0 0 0 0 0 0 0 0 0 0 0 0 0 0 0 0 0 0 0 0 0 0 0 0 0 0 0 0 0 0 0 0 0 0 0 0 0 0 0 0 0 0 0 0 0 0 0 0 0 0 0 0 0 0 0 0 0 data 23 0xb0007 0x70 0x78 0xaa8 0x140007 0x0 0x58 0xaa8 0x230007 0x805 0x38 0x2a3 0x270003 0x2a3 0x18 0x0 0x0 0x0 0x0 0x9 0x2 0x0 0x0 oops 0 methods 0
ciMethodData org/jetbrains/kotlin/com/intellij/openapi/progress/ProgressIndicatorProvider checkCanceled ()V 2 27770 orig 80 0 0 0 0 0 0 0 0 0 0 0 0 168 1 0 0 0 0 0 0 0 0 0 0 0 0 0 0 0 0 0 0 0 0 0 0 0 0 0 0 0 0 0 0 0 0 0 0 0 0 0 0 0 0 0 0 0 0 0 0 0 0 0 0 0 0 0 0 0 0 0 0 0 0 0 0 0 0 0 0 data 10 0x2 0x6c7a 0x0 0x0 0x0 0x0 0x0 0x0 0x9 0x0 oops 0 methods 0
ciMethodData org/jetbrains/kotlin/com/intellij/openapi/progress/ProgressManager checkCanceled ()V 2 27856 orig 80 0 0 0 0 0 0 0 0 0 0 0 0 168 1 0 0 0 0 0 0 0 0 0 0 0 0 0 0 0 0 0 0 0 0 0 0 0 0 0 0 0 0 0 0 0 0 0 0 0 0 0 0 0 0 0 0 0 0 0 0 0 0 0 0 0 0 0 0 0 0 0 0 0 0 0 0 0 0 0 0 data 19 0x50007 0xe2f 0x58 0x5ea1 0x90005 0x0 0x0 0x1a828621b00 0x5ea1 0x0 0x0 0x0 0x0 0x0 0x0 0x0 0x0 0x9 0x0 oops 1 7 org/jetbrains/kotlin/com/intellij/openapi/progress/impl/CoreProgressManager methods 0
ciMethodData org/jetbrains/kotlin/com/intellij/openapi/progress/impl/CoreProgressManager doCheckCanceled ()V 2 10343 orig 80 0 0 0 0 0 0 0 0 0 0 0 0 168 1 0 0 0 0 0 0 0 0 0 0 0 0 0 0 0 0 0 0 0 0 0 0 0 0 0 0 0 0 0 0 0 0 0 0 0 0 0 0 0 0 0 0 0 0 0 0 0 0 0 0 0 0 0 0 0 0 0 0 0 0 0 0 0 0 0 0 data 53 0x10005 0x0 0x0 0x1a828621b00 0x2867 0x0 0x0 0x40007 0x0 0x30 0x2867 0x70002 0x2867 0x120007 0x0 0x20 0x2867 0x1a0007 0x0 0xc8 0x0 0x1e0005 0x0 0x0 0x0 0x0 0x0 0x0 0x230007 0x0 0x58 0x0 0x270005 0x0 0x0 0x0 0x0 0x0 0x0 0x2c0003 0x0 0x28 0x300002 0x0 0x0 0x0 0x0 0x0 0x0 0x0 0x9 0x1 0x0 oops 1 3 org/jetbrains/kotlin/com/intellij/openapi/progress/impl/CoreProgressManager methods 0
ciMethodData org/jetbrains/kotlin/com/intellij/psi/tree/TokenSet contains (Lorg/jetbrains/kotlin/com/intellij/psi/tree/IElementType;)Z 2 6511 orig 80 0 0 0 0 0 0 0 0 0 0 0 0 168 1 0 0 0 0 0 0 0 0 0 0 0 0 0 0 0 0 0 0 0 0 0 0 0 0 0 0 0 0 0 0 0 0 0 0 0 0 0 0 0 0 0 0 0 0 0 0 0 0 0 0 0 0 0 0 0 0 0 0 0 0 0 0 0 0 0 0 data 53 0x10007 0x196f 0x20 0x0 0x70005 0x196f 0x0 0x0 0x0 0x0 0x0 0xd0007 0x0 0x70 0x196f 0x150007 0x1228 0x50 0x747 0x1a0002 0x747 0x1d0007 0x212 0x98 0x535 0x240007 0x175d 0x90 0x0 0x2c0005 0x0 0x0 0x0 0x0 0x0 0x0 0x310007 0x0 0x38 0x0 0x350003 0x212 0x18 0x0 0x0 0x0 0x0 0x0 0x0 0x9 0x2 0x0 0x0 oops 0 methods 0
ciMethodData org/jetbrains/kotlin/it/unimi/dsi/fastutil/HashCommon arraySize (IF)I 1 230 orig 80 0 0 0 0 0 0 0 0 0 0 0 0 168 1 0 0 0 0 0 0 0 0 0 0 0 0 0 0 0 0 0 0 0 0 0 0 0 0 0 0 0 0 0 0 0 0 0 0 0 0 0 0 0 0 0 0 0 0 0 0 0 0 0 0 0 0 0 0 0 0 0 0 0 0 0 0 0 0 0 0 data 66 0x80002 0xe6 0xc0002 0xe6 0xf0002 0xe6 0x180007 0xe6 0x190 0x0 0x230002 0x0 0x280005 0x0 0x0 0x0 0x0 0x0 0x0 0x2c0005 0x0 0x0 0x0 0x0 0x0 0x0 0x310005 0x0 0x0 0x0 0x0 0x0 0x0 0x350005 0x0 0x0 0x0 0x0 0x0 0x0 0x3a0005 0x0 0x0 0x0 0x0 0x0 0x0 0x3d0005 0x0 0x0 0x0 0x0 0x0 0x0 0x400002 0x0 0x0 0x0 0x0 0x0 0x0 0x0 0x9 0x2 0x0 0x0 oops 0 methods 0
ciMethodData org/jetbrains/kotlin/it/unimi/dsi/fastutil/ints/Int2ObjectOpenHashMap rehash (I)V 1 45 orig 80 0 0 0 0 0 0 0 0 0 0 0 0 168 1 0 0 0 0 0 0 0 0 0 0 0 0 0 0 0 0 0 0 0 0 0 0 0 0 0 0 0 0 0 0 0 0 0 0 0 0 0 0 0 0 0 0 0 0 0 0 0 0 0 0 0 0 0 0 0 0 0 0 0 0 0 0 0 0 0 0 data 59 0x250002 0x2d 0x2f0007 0x2d 0x110 0x6d4 0x390007 0x6d4 0x38 0xe7 0x3c0003 0xe7 0xffffffffffffffe0 0x450002 0x6d4 0x4f0007 0x54b 0x58 0x189 0x5f0007 0x189 0x38 0x13e 0x620003 0x13e 0xffffffffffffffe0 0x760004 0x0 0x0 0x1a822936578 0x4ea 0x1a828f54188 0xdf 0x770003 0x6d4 0xffffffffffffff08 0x830104 0x0 0x0 0x1a828f540d8 0x1 0x0 0x0 0x980002 0x2d 0x0 0x0 0x0 0x0 0x0 0x0 0x0 0x0 0x0 0x0 0x9 0x2 0x0 0x0 oops 3 29 java/lang/String 31 org/jetbrains/kotlin/parsing/TrailingCommentsBinder 39 org/jetbrains/kotlin/com/intellij/util/containers/IntKeyWeakValueHashMap$MyReference methods 0
ciMethodData org/jetbrains/kotlin/it/unimi/dsi/fastutil/ints/Int2ObjectOpenHashMap get (I)Ljava/lang/Object; 2 7183 orig 80 0 0 0 0 0 0 0 0 0 0 0 0 0 0 0 0 0 0 0 0 0 0 0 0 0 0 0 0 0 0 0 0 0 0 0 0 0 0 0 0 0 0 0 0 0 0 0 0 0 0 0 0 0 0 0 0 0 0 0 0 0 0 0 0 0 0 0 0 0 0 0 0 0 0 0 0 0 0 0 0 data 42 0x10007 0x1c0f 0x58 0x0 0x80007 0x0 0x38 0x0 0x140003 0x0 0x18 0x230002 0x1c0f 0x310007 0x1897 0x20 0x378 0x3b0007 0xd93 0x20 0xb04 0x560007 0x4d61 0x20 0x8e9 0x600007 0x48b6 0xffffffffffffffe0 0x4ab 0x0 0x0 0x0 0x0 0x0 0x0 0x0 0x0 0x0 0x9 0x2 0x0 0x0 oops 0 methods 0
ciMethod org/jetbrains/kotlin/com/intellij/psi/tree/ICustomParsingType parse (Ljava/lang/CharSequence;Lorg/jetbrains/kotlin/com/intellij/util/CharTable;)Lorg/jetbrains/kotlin/com/intellij/lang/ASTNode; 0 0 1 0 -1
ciMethod org/jetbrains/kotlin/com/intellij/psi/tree/ILeafElementType createLeafNode (Ljava/lang/CharSequence;)Lorg/jetbrains/kotlin/com/intellij/lang/ASTNode; 0 0 1 0 -1
ciMethodData org/jetbrains/kotlin/com/intellij/openapi/util/UserDataHolderBase getUserData (Lorg/jetbrains/kotlin/com/intellij/openapi/util/Key;)Ljava/lang/Object; 2 9235 orig 80 0 0 0 0 0 0 0 0 0 0 0 0 168 1 0 0 0 0 0 0 0 0 0 0 0 0 0 0 0 0 0 0 0 0 0 0 0 0 0 0 0 0 0 0 0 0 0 0 0 0 0 0 0 0 0 0 0 0 0 0 0 0 0 0 0 0 0 0 0 0 0 0 0 0 0 0 0 0 0 0 data 66 0x10007 0x2413 0x30 0x0 0x50002 0x0 0x90005 0xa0 0x0 0x1a8270bc960 0x2331 0x1a8270bf618 0x42 0xd0005 0x93 0x0 0x1a8270bf6c8 0x2331 0x1a8270bf778 0x4f 0x140007 0x2331 0x120 0xe2 0x180004 0xffffffffffffff1e 0x0 0x0 0x0 0x0 0x0 0x1b0007 0xe2 0xc8 0x0 0x210004 0x0 0x0 0x0 0x0 0x0 0x0 0x240005 0x0 0x0 0x0 0x0 0x0 0x0 0x270005 0x0 0x0 0x0 0x0 0x0 0x0 0x0 0x0 0x0 0x0 0x0 0x0 0x9 0x2 0x0 0x0 oops 4 9 org/jetbrains/kotlin/idea/KotlinLanguage 11 org/jetbrains/kotlin/psi/KtFile 16 org/jetbrains/kotlin/com/intellij/util/keyFMap/ArrayBackedFMap 18 org/jetbrains/kotlin/com/intellij/util/keyFMap/OneElementFMap methods 0
ciMethodData org/jetbrains/kotlin/com/intellij/util/text/ImmutableText length ()I 2 7187 orig 80 0 0 0 0 0 0 0 0 0 0 0 0 0 0 0 0 0 0 0 0 0 0 0 0 0 0 0 0 0 0 0 0 0 0 0 0 0 0 0 0 0 0 0 0 0 0 0 0 0 0 0 0 0 0 0 0 0 0 0 0 0 0 0 0 0 0 0 0 0 0 0 0 0 0 0 0 0 0 0 0 data 16 0x40005 0x0 0x0 0x1a822936578 0xcf7 0x1a8282333c0 0xf1d 0x0 0x0 0x0 0x0 0x0 0x0 0x9 0x1 0x0 oops 2 3 java/lang/String 5 org/jetbrains/kotlin/com/intellij/util/text/ByteArrayCharSequence methods 0
ciMethodData org/jetbrains/kotlin/com/intellij/psi/impl/DebugUtil checkTreeStructure (Lorg/jetbrains/kotlin/com/intellij/lang/ASTNode;)V 2 34598 orig 80 0 0 0 0 0 0 0 0 0 0 0 0 0 0 0 0 0 0 0 0 0 0 0 0 0 0 0 0 0 0 0 0 0 0 0 0 0 0 0 0 0 0 0 0 0 0 0 0 0 0 0 0 0 0 0 0 0 0 0 0 0 0 0 0 0 0 0 0 0 0 0 0 0 0 0 0 0 0 0 0 data 15 0x30007 0x8727 0x30 0x0 0x70002 0x0 0x0 0x0 0x0 0x0 0x0 0x0 0x9 0x1 0x0 oops 0 methods 0
ciMethodData org/jetbrains/kotlin/com/intellij/psi/impl/source/tree/TreeElement clearRelativeOffsets (Lorg/jetbrains/kotlin/com/intellij/psi/impl/source/tree/TreeElement;)V 2 24857 orig 80 0 0 0 0 0 0 0 0 0 0 0 0 0 0 0 0 0 0 0 0 0 0 0 0 0 0 0 0 0 0 0 0 0 0 0 0 0 0 0 0 0 0 0 0 0 0 0 0 0 0 0 0 0 0 0 0 0 0 0 0 0 0 0 0 0 0 0 0 0 0 0 0 0 0 0 0 0 0 0 0 data 27 0x30007 0x1a 0x90 0x6100 0xb0007 0x6100 0x70 0x0 0x140005 0x0 0x0 0x0 0x0 0x0 0x0 0x180003 0x0 0xffffffffffffff88 0x0 0x0 0x0 0x0 0x0 0x0 0x9 0x1 0x0 oops 0 methods 0
ciMethodData org/jetbrains/kotlin/com/intellij/psi/impl/source/tree/TreeElement setTreePrev (Lorg/jetbrains/kotlin/com/intellij/psi/impl/source/tree/TreeElement;)V 2 15143 orig 80 0 0 0 0 0 0 0 0 0 0 0 0 168 1 0 0 0 0 0 0 0 0 0 0 0 0 0 0 0 0 0 0 0 0 0 0 0 0 0 0 0 0 0 0 0 0 0 0 0 0 0 0 0 0 0 0 0 0 0 0 0 0 0 0 0 0 0 0 0 0 0 0 0 0 0 0 0 0 0 0 data 12 0x60002 0x3b27 0x0 0x0 0x0 0x0 0x0 0x0 0x9 0x2 0x0 0x0 oops 0 methods 0
ciMethodData org/jetbrains/kotlin/com/intellij/psi/impl/source/tree/TreeElement setTreeParent (Lorg/jetbrains/kotlin/com/intellij/psi/impl/source/tree/CompositeElement;)V 2 13250 orig 80 1 0 0 0 0 0 0 0 0 0 0 0 168 1 0 0 0 0 0 0 0 0 0 0 0 0 0 0 0 0 0 0 0 0 0 0 0 0 0 0 0 0 0 0 0 0 0 0 0 0 0 0 0 0 0 0 0 0 0 0 0 0 0 0 0 0 0 0 0 0 0 0 0 0 0 0 0 0 0 0 data 44 0x50007 0x2139 0x20 0x1289 0xa0002 0x2139 0xf0007 0x213d 0x58 0x0 0x130005 0x0 0x0 0x0 0x0 0x0 0x0 0x1c0007 0xf1 0x88 0x204c 0x200005 0x130 0x0 0x1a827f56388 0x1e7d 0x1a827f56688 0x9f 0x260007 0x0 0x30 0x204c 0x2a0002 0x204c 0x0 0x0 0x0 0x0 0x0 0x0 0x9 0x2 0xffffffffffffffff 0x0 oops 2 24 org/jetbrains/kotlin/com/intellij/psi/impl/source/tree/CompositeElement 26 org/jetbrains/kotlin/com/intellij/psi/impl/source/tree/FileElement methods 0
ciMethodData org/jetbrains/kotlin/com/intellij/psi/impl/source/tree/TreeElement getCachedFile (Lorg/jetbrains/kotlin/com/intellij/psi/impl/source/tree/TreeElement;)Lorg/jetbrains/kotlin/com/intellij/psi/impl/source/PsiFileImpl; 2 6434 orig 80 0 0 0 0 0 0 0 0 0 0 0 0 168 1 0 0 0 0 0 0 0 0 0 0 0 0 0 0 0 0 0 0 0 0 0 0 0 0 0 0 0 0 0 0 0 0 0 0 0 0 0 0 0 0 0 0 0 0 0 0 0 0 0 0 0 0 0 0 0 0 0 0 0 0 0 0 0 0 0 0 data 45 0x10007 0x1922 0x30 0x0 0x50002 0x0 0x90002 0x1922 0xc0104 0x0 0x0 0x1a827f56688 0x51 0x0 0x0 0x110007 0x51 0x38 0x18d5 0x150003 0x18d5 0x88 0x190005 0x51 0x0 0x0 0x0 0x0 0x0 0x1c0104 0x0 0x0 0x0 0x0 0x0 0x0 0x0 0x0 0x0 0x0 0x0 0x0 0x9 0x1 0xffffffffffffffff oops 1 11 org/jetbrains/kotlin/com/intellij/psi/impl/source/tree/FileElement methods 0
ciMethodData org/jetbrains/kotlin/com/intellij/psi/impl/source/tree/SharedImplUtil findFileElement (Lorg/jetbrains/kotlin/com/intellij/lang/ASTNode;)Lorg/jetbrains/kotlin/com/intellij/lang/FileASTNode; 2 8722 orig 80 0 0 0 0 0 0 0 0 0 0 0 0 168 1 0 0 0 0 0 0 4 0 0 0 0 0 0 0 0 0 0 0 0 0 0 0 0 0 0 0 0 0 0 0 0 0 0 0 0 0 0 0 0 0 0 0 0 0 0 0 0 0 0 0 0 0 0 0 0 0 0 0 0 0 0 0 0 0 0 0 data 83 0x10007 0x2212 0x30 0x0 0x50002 0x0 0x90005 0x707 0x0 0x1a828424a20 0xcd1 0x1a827f56388 0xe3a 0x100007 0x2216 0x70 0x301 0x8000000400160005 0xa0 0x0 0x1a827f56688 0x124 0x1a827f56388 0x141 0x1c0003 0x305 0xffffffffffffffa8 0x220007 0x2216 0xe8 0x0 0x260004 0x0 0x0 0x0 0x0 0x0 0x0 0x290007 0x0 0x90 0x0 0x2d0004 0x0 0x0 0x0 0x0 0x0 0x0 0x300005 0x0 0x0 0x0 0x0 0x0 0x0 0x340004 0xffffffffffffdf1b 0x0 0x1a828424a20 0xc8 0x1a827f56388 0xaf 0x370007 0x20e5 0x58 0x131 0x3b0004 0x0 0x0 0x1a827f56688 0x131 0x0 0x0 0x0 0x0 0x0 0x0 0x0 0x0 0x9 0x1 0xffffffffffffffff oops 7 9 org/jetbrains/kotlin/com/intellij/psi/impl/source/tree/LeafPsiElement 11 org/jetbrains/kotlin/com/intellij/psi/impl/source/tree/CompositeElement 20 org/jetbrains/kotlin/com/intellij/psi/impl/source/tree/FileElement 22 org/jetbrains/kotlin/com/intellij/psi/impl/source/tree/CompositeElement 59 org/jetbrains/kotlin/com/intellij/psi/impl/source/tree/LeafPsiElement 61 org/jetbrains/kotlin/com/intellij/psi/impl/source/tree/CompositeElement 70 org/jetbrains/kotlin/com/intellij/psi/impl/source/tree/FileElement methods 0
ciMethodData org/jetbrains/kotlin/com/intellij/psi/impl/source/tree/TreeElement getElementType ()Lorg/jetbrains/kotlin/com/intellij/psi/tree/IElementType; 2 25932 orig 80 0 0 0 0 0 0 0 0 0 0 0 0 168 1 0 0 0 0 0 0 0 0 0 0 0 0 0 0 0 0 0 0 0 0 0 0 0 0 0 0 0 0 0 0 0 0 0 0 0 0 0 0 0 0 0 0 0 0 0 0 0 0 0 0 0 0 0 0 0 0 0 0 0 0 0 0 0 0 0 0 data 15 0x50007 0x654c 0x30 0x0 0xa0002 0x0 0x0 0x0 0x0 0x0 0x0 0x0 0x9 0x1 0x0 oops 0 methods 0
ciMethodData org/jetbrains/kotlin/com/intellij/psi/impl/DebugUtil revalidateNode (Lorg/jetbrains/kotlin/com/intellij/lang/ASTNode;)V 2 8238 orig 80 0 0 0 0 0 0 0 0 0 0 0 0 168 1 0 0 0 0 0 0 0 0 0 0 0 0 0 0 0 0 0 0 0 0 0 0 0 0 0 0 0 0 0 0 0 0 0 0 0 0 0 0 0 0 0 0 0 0 0 0 0 0 0 0 0 0 0 0 0 0 0 0 0 0 0 0 0 0 0 0 data 17 0x10007 0x202e 0x30 0x0 0x60002 0x0 0xb0002 0x202e 0x0 0x0 0x0 0x0 0x0 0x0 0x9 0x1 0x0 oops 0 methods 0
ciMethodData org/jetbrains/kotlin/com/intellij/psi/PsiInvalidElementAccessException setInvalidationTrace (Lorg/jetbrains/kotlin/com/intellij/openapi/util/UserDataHolder;Ljava/lang/Object;)V 2 6564 orig 80 0 0 0 0 0 0 0 0 0 0 0 0 168 1 0 0 0 0 0 0 0 0 0 0 0 0 0 0 0 0 0 0 0 0 0 0 0 0 0 0 0 0 0 0 0 0 0 0 0 0 0 0 0 0 0 0 0 0 0 0 0 0 0 0 0 0 0 0 0 0 0 0 0 0 0 0 0 0 0 0 data 23 0x10007 0x19a4 0x30 0x0 0x60002 0x0 0xe0005 0x516 0x0 0x1a828424a20 0xa36 0x1a827f56388 0xa58 0x0 0x0 0x0 0x0 0x0 0x0 0x9 0x2 0xffffffffffffffff 0xffffffffffffffff oops 2 9 org/jetbrains/kotlin/com/intellij/psi/impl/source/tree/LeafPsiElement 11 org/jetbrains/kotlin/com/intellij/psi/impl/source/tree/CompositeElement methods 0
ciMethodData org/jetbrains/kotlin/com/intellij/lang/LanguageExtension forLanguage (Lorg/jetbrains/kotlin/com/intellij/lang/Language;)Ljava/lang/Object; 2 9227 orig 80 0 0 0 0 0 0 0 0 0 0 0 0 0 0 0 0 0 0 0 0 0 0 0 0 0 0 0 0 0 0 0 0 0 0 0 0 0 0 0 0 0 0 0 0 0 0 0 0 0 0 0 0 0 0 0 0 0 0 0 0 0 0 0 0 0 0 0 0 0 0 0 0 0 0 0 0 0 0 0 0 data 45 0x10007 0x240c 0x30 0x0 0x60002 0x0 0xe0005 0x0 0x0 0x1a8270bc960 0x240c 0x0 0x0 0x130007 0x0 0x20 0x240c 0x1a0005 0x0 0x0 0x0 0x0 0x0 0x0 0x1f0007 0x0 0x20 0x0 0x2a0005 0x0 0x0 0x0 0x0 0x0 0x0 0x0 0x0 0x0 0x0 0x0 0x0 0x9 0x2 0x0 0x0 oops 1 9 org/jetbrains/kotlin/idea/KotlinLanguage methods 0
ciMethodData org/jetbrains/kotlin/com/intellij/util/keyFMap/ArrayBackedFMap indexOf (I)I 2 8598 orig 80 0 0 0 0 0 0 0 0 0 0 0 0 0 0 0 0 0 0 0 0 0 0 0 0 0 0 0 0 0 0 0 0 0 0 0 0 0 0 0 0 0 0 0 0 0 0 0 0 0 0 0 0 0 0 0 0 0 0 0 0 0 0 0 0 0 0 0 0 0 0 0 0 0 0 0 0 0 0 0 0 data 23 0x80007 0x0 0x78 0x398d 0x140007 0x17f6 0x20 0x2197 0x1b0007 0x17f6 0x20 0x0 0x260003 0x17f6 0xffffffffffffffa0 0x0 0x0 0x0 0x0 0x9 0x2 0x0 0x0 oops 0 methods 0
ciMethodData org/jetbrains/kotlin/com/intellij/util/keyFMap/ArrayBackedFMap get (Lorg/jetbrains/kotlin/com/intellij/openapi/util/Key;)Ljava/lang/Object; 2 8574 orig 80 0 0 0 0 0 0 0 0 0 0 0 0 0 0 0 0 0 0 0 0 0 0 0 0 0 0 0 0 0 0 0 0 0 0 0 0 0 0 0 0 0 0 0 0 0 0 0 0 0 0 0 0 0 0 0 0 0 0 0 0 0 0 0 0 0 0 0 0 0 0 0 0 0 0 0 0 0 0 0 0 data 32 0x10007 0x217f 0x30 0x0 0x60002 0x0 0xb0005 0x217f 0x0 0x0 0x0 0x0 0x0 0xe0002 0x217f 0x130007 0x217f 0x38 0x0 0x170003 0x0 0x18 0x0 0x0 0x0 0x0 0x0 0x0 0x9 0x2 0x0 0x0 oops 0 methods 0
ciMethodData org/jetbrains/kotlin/com/intellij/psi/tree/IElementType getLanguage ()Lorg/jetbrains/kotlin/com/intellij/lang/Language; 2 12779 orig 80 0 0 0 0 0 0 0 0 0 0 0 0 0 0 0 0 0 0 0 0 0 0 0 0 0 0 0 0 0 0 0 0 0 0 0 0 0 0 0 0 0 0 0 0 0 0 0 0 0 0 0 0 0 0 0 0 0 0 0 0 0 0 0 0 0 0 0 0 0 0 0 0 0 0 0 0 0 0 0 0 data 15 0x50007 0x31ec 0x30 0x0 0xa0002 0x0 0x0 0x0 0x0 0x0 0x0 0x0 0x9 0x1 0x0 oops 0 methods 0
ciMethodData org/jetbrains/kotlin/com/intellij/psi/impl/ElementBase <init> ()V 2 10858 orig 80 0 0 0 0 0 0 0 0 0 0 0 0 168 1 0 0 0 0 0 0 0 0 0 0 0 0 0 0 0 0 0 0 0 0 0 0 0 0 0 0 0 0 0 0 0 0 0 0 0 0 0 0 0 0 0 0 0 0 0 0 0 0 0 0 0 0 0 0 0 0 0 0 0 0 0 0 0 0 0 0 data 7 0x10002 0x2a6a 0x0 0x0 0x9 0x1 0x6 oops 0 methods 0
ciMethodData org/jetbrains/kotlin/com/intellij/psi/impl/source/tree/TreeElement <init> (Lorg/jetbrains/kotlin/com/intellij/psi/tree/IElementType;)V 2 9295 orig 80 0 0 0 0 0 0 0 0 0 0 0 0 0 0 0 0 0 0 0 0 0 0 0 0 0 0 0 0 0 0 0 0 0 0 0 0 0 0 0 0 0 0 0 0 0 0 0 0 0 0 0 0 0 0 0 0 0 0 0 0 0 0 0 0 0 0 0 0 0 0 0 0 0 0 0 0 0 0 0 0 data 18 0x10007 0x2450 0x30 0x0 0x50002 0x0 0x90002 0x2450 0x0 0x0 0x0 0x0 0x0 0x0 0x9 0x2 0x16 0x0 oops 0 methods 0
ciMethodData org/jetbrains/kotlin/com/intellij/psi/impl/source/tree/TreeElement getTreeParent ()Lorg/jetbrains/kotlin/com/intellij/lang/ASTNode; 2 9997 orig 80 0 0 0 0 0 0 0 0 0 0 0 0 0 0 0 0 0 0 0 0 0 0 0 0 0 0 0 0 0 0 0 0 0 0 0 0 0 0 0 0 0 0 0 0 0 0 0 0 0 0 0 0 0 0 0 0 0 0 0 0 0 0 0 0 0 0 0 0 0 0 0 0 0 0 0 0 0 0 0 0 data 16 0x10005 0x270e 0x0 0x0 0x0 0x0 0x0 0x0 0x0 0x0 0x0 0x0 0x0 0x9 0x1 0x0 oops 0 methods 0
ciMethodData org/jetbrains/kotlin/com/intellij/psi/impl/source/tree/CompositeElement rawAddChildrenWithoutNotifications (Lorg/jetbrains/kotlin/com/intellij/psi/impl/source/tree/TreeElement;)V 2 9255 orig 80 0 0 0 0 0 0 0 0 0 0 0 0 0 0 0 0 0 0 0 0 0 0 0 0 0 0 0 0 0 0 0 0 0 0 0 0 0 0 0 0 0 0 0 0 0 0 0 0 0 0 0 0 0 0 0 0 0 0 0 0 0 0 0 0 0 0 0 0 0 0 0 0 0 0 0 0 0 0 0 0 data 55 0x10007 0x2428 0x30 0x0 0x60002 0x0 0xa0005 0xde 0x0 0x1a827f56388 0x22f3 0x1a827f56688 0x57 0xf0007 0x1555 0xb8 0xed3 0x140002 0xed3 0x1a0005 0x10 0x0 0x1a827f56388 0xeb6 0x1a827f56688 0xd 0x1f0005 0x10 0x0 0x1a827f56388 0xeb6 0x1a827f56688 0xd 0x220003 0xed3 0x50 0x270005 0x1555 0x0 0x0 0x0 0x0 0x0 0x2b0002 0x2428 0x0 0x0 0x0 0x0 0x0 0x0 0x9 0x2 0x0 0x0 oops 6 9 org/jetbrains/kotlin/com/intellij/psi/impl/source/tree/CompositeElement 11 org/jetbrains/kotlin/com/intellij/psi/impl/source/tree/FileElement 22 org/jetbrains/kotlin/com/intellij/psi/impl/source/tree/CompositeElement 24 org/jetbrains/kotlin/com/intellij/psi/impl/source/tree/FileElement 29 org/jetbrains/kotlin/com/intellij/psi/impl/source/tree/CompositeElement 31 org/jetbrains/kotlin/com/intellij/psi/impl/source/tree/FileElement methods 0
ciMethodData org/jetbrains/kotlin/com/intellij/psi/impl/source/tree/TreeElement rawRemoveUpToWithoutNotifications (Lorg/jetbrains/kotlin/com/intellij/psi/impl/source/tree/TreeElement;Z)V 2 9281 orig 80 0 0 0 0 0 0 0 0 0 0 0 0 0 0 0 0 0 0 0 0 0 0 0 0 0 0 0 0 0 0 0 0 0 0 0 0 0 0 0 0 0 0 0 0 0 0 0 0 0 0 0 0 0 0 0 0 0 0 0 0 0 0 0 0 0 0 0 0 0 0 0 0 0 0 0 0 0 0 0 0 data 246 0x20007 0x2442 0x20 0x0 0x70005 0x2442 0x0 0x0 0x0 0x0 0x0 0xc0005 0x2442 0x0 0x0 0x0 0x0 0x0 0x120007 0x2442 0x70 0x0 0x160005 0x0 0x0 0x0 0x0 0x0 0x0 0x190003 0x0 0x18 0x220007 0x2442 0xa8 0x0 0x260007 0x0 0x88 0x0 0x2a0005 0x0 0x0 0x0 0x0 0x0 0x0 0x2e0007 0x0 0x30 0x0 0x380002 0x0 0x3d0007 0x2442 0x228 0x0 0x460007 0x0 0x90 0x0 0x4b0007 0x0 0x70 0x0 0x500005 0x0 0x0 0x0 0x0 0x0 0x0 0x550003 0x0 0xffffffffffffff88 0x5b0007 0x0 0x178 0x0 0x610007 0x0 0x158 0x0 0x6c0002 0x0 0x700005 0x0 0x0 0x0 0x0 0x0 0x0 0x760005 0x0 0x0 0x0 0x0 0x0 0x0 0x7a0005 0x0 0x0 0x0 0x0 0x0 0x0 0x800005 0x0 0x0 0x0 0x0 0x0 0x0 0x830005 0x0 0x0 0x0 0x0 0x0 0x0 0x860002 0x0 0x8b0007 0x2428 0x108 0x1a 0x8f0005 0x1a 0x0 0x0 0x0 0x0 0x0 0x920007 0x0 0x58 0x1a 0x970005 0x0 0x0 0x1a827f56688 0xe 0x1a8294e0940 0xc 0x9b0007 0x0 0x58 0x1a 0xa10005 0x0 0x0 0x1a827f56688 0xe 0x1a8294e0940 0xc 0xa60007 0x2442 0x58 0x0 0xac0005 0x0 0x0 0x0 0x0 0x0 0x0 0xb00007 0x2442 0x58 0x0 0xb60005 0x0 0x0 0x0 0x0 0x0 0x0 0xbb0005 0x2442 0x0 0x0 0x0 0x0 0x0 0xc00007 0x2442 0x58 0x0 0xc60005 0x0 0x0 0x0 0x0 0x0 0x0 0xca0007 0x2428 0x120 0x1a 0xd20007 0x1a 0x100 0xfc 0xd80005 0xfc 0x0 0x0 0x0 0x0 0x0 0xdc0007 0xfc 0x58 0x0 0xe10005 0x0 0x0 0x0 0x0 0x0 0x0 0xe60005 0xfc 0x0 0x0 0x0 0x0 0x0 0xeb0003 0xfc 0xffffffffffffff18 0xef0002 0x2442 0xf30002 0x2442 0x0 0x0 0x0 0x0 0x0 0x0 0x9 0x3 0x0 0x0 0x0 oops 4 140 org/jetbrains/kotlin/com/intellij/psi/impl/source/tree/FileElement 142 org/jetbrains/kotlin/psi/KtBlockExpression 151 org/jetbrains/kotlin/com/intellij/psi/impl/source/tree/FileElement 153 org/jetbrains/kotlin/psi/KtBlockExpression methods 0
ciMethodData org/jetbrains/kotlin/com/intellij/psi/impl/source/CharTableImpl subSequenceHashCode (Ljava/lang/CharSequence;II)I 2 5367 orig 80 0 0 0 0 0 0 0 0 0 0 0 0 0 0 0 0 0 0 0 0 0 0 0 0 0 0 0 0 0 0 0 0 0 0 0 0 0 0 0 0 0 0 0 0 0 0 0 0 0 0 0 0 0 0 0 0 0 0 0 0 0 0 0 0 0 0 0 0 0 0 0 0 0 0 0 0 0 0 0 0 data 36 0x10007 0x14f8 0x30 0x0 0x60002 0x0 0xa0007 0x14df 0x88 0x19 0xf0005 0x0 0x0 0x1a82822fe20 0xd 0x1a822936578 0xc 0x140007 0x19 0x30 0x0 0x180002 0x0 0x1f0002 0x14f8 0x0 0x0 0x0 0x0 0x0 0x0 0x9 0x3 0x0 0x0 0x0 oops 2 13 org/jetbrains/kotlin/com/intellij/util/text/ImmutableText 15 java/lang/String methods 0
ciMethodData org/jetbrains/kotlin/com/intellij/lang/impl/PsiBuilderImpl insertLeaves (IILorg/jetbrains/kotlin/com/intellij/psi/impl/source/tree/CompositeElement;)I 2 7745 orig 80 0 0 0 0 0 0 0 0 0 0 0 0 0 0 0 0 0 0 0 0 0 0 0 0 0 0 0 0 0 0 0 0 0 0 0 0 0 0 0 0 0 0 0 0 0 0 0 0 0 0 0 0 0 0 0 0 0 0 0 0 0 0 0 0 0 0 0 0 0 0 0 0 0 0 0 0 0 0 0 0 data 52 0x50002 0x1e42 0xb0007 0x1e42 0x130 0x1438 0xe0002 0x1438 0x270007 0x1438 0x78 0x0 0x300004 0x0 0x0 0x0 0x0 0x0 0x0 0x330007 0x0 0x90 0x0 0x450005 0x0 0x0 0x1a827f56160 0x1438 0x0 0x0 0x4d0005 0x97 0x0 0x1a827f56388 0x1377 0x1a827f56688 0x2a 0x530003 0x1438 0xfffffffffffffee8 0x0 0x0 0x0 0x0 0x0 0x0 0x9 0x4 0x0 0x0 0x0 0x0 oops 3 26 org/jetbrains/kotlin/com/intellij/lang/impl/PsiBuilderImpl 33 org/jetbrains/kotlin/com/intellij/psi/impl/source/tree/CompositeElement 35 org/jetbrains/kotlin/com/intellij/psi/impl/source/tree/FileElement methods 0
ciMethodData org/jetbrains/kotlin/com/intellij/lang/ASTFactory factory (Lorg/jetbrains/kotlin/com/intellij/psi/tree/IElementType;)Lorg/jetbrains/kotlin/com/intellij/lang/ASTFactory; 2 7477 orig 80 0 0 0 0 0 0 0 0 0 0 0 0 0 0 0 0 0 0 0 0 0 0 0 0 0 0 0 0 0 0 0 0 0 0 0 0 0 0 0 0 0 0 0 0 0 0 0 0 0 0 0 0 0 0 0 0 0 0 0 0 0 0 0 0 0 0 0 0 0 0 0 0 0 0 0 0 0 0 0 0 data 30 0x40005 0x157c 0x0 0x1a827285f28 0x5d6 0x1a828274200 0x1e4 0x70005 0x0 0x0 0x1a828273a98 0x1d36 0x0 0x0 0xa0004 0x0 0x0 0x1a828270508 0x1d36 0x0 0x0 0x0 0x0 0x0 0x0 0x0 0x0 0x9 0x1 0x0 oops 4 3 org/jetbrains/kotlin/lexer/KtSingleValueToken 5 org/jetbrains/kotlin/psi/stubs/elements/KtPlaceHolderStubElementType 10 org/jetbrains/kotlin/com/intellij/lang/LanguageASTFactory 17 org/jetbrains/kotlin/com/intellij/lang/DefaultASTFactoryImpl methods 0
ciMethodData org/jetbrains/kotlin/com/intellij/lang/impl/PsiBuilderImpl createLeaf (Lorg/jetbrains/kotlin/com/intellij/psi/tree/IElementType;II)Lorg/jetbrains/kotlin/com/intellij/psi/impl/source/tree/TreeElement; 2 5273 orig 80 0 0 0 0 0 0 0 0 0 0 0 0 168 1 0 0 0 0 0 0 0 0 0 0 0 0 0 0 0 0 0 0 0 0 0 0 0 0 0 0 0 0 0 0 0 0 0 0 0 0 0 0 0 0 0 0 0 0 0 0 0 0 0 0 0 0 0 0 0 0 0 0 0 0 0 0 0 0 0 0 data 127 0x10007 0x1499 0x30 0x0 0x60002 0x0 0x130005 0x0 0x0 0x1a827285dc8 0x1499 0x0 0x0 0x1f0005 0x1499 0x0 0x0 0x0 0x0 0x0 0x220007 0xe7f 0x30 0x61a 0x2b0002 0x61a 0x300004 0xfffffffffffff181 0x0 0x1a827285e78 0x2b 0x1a827285f28 0x37 0x330007 0xe7f 0xf8 0x0 0x370004 0x0 0x0 0x0 0x0 0x0 0x0 0x400005 0x0 0x0 0x0 0x0 0x0 0x0 0x450004 0x0 0x0 0x0 0x0 0x0 0x0 0x490007 0x0 0x30 0x0 0x4e0002 0x0 0x530002 0xe7f 0x590004 0xfffffffffffff1d3 0x0 0x1a827285e78 0x2b 0x1a827285f28 0x37 0x5c0007 0xe2d 0x68 0x52 0x600004 0x0 0x0 0x1a827285fd8 0x1a 0x1a827286088 0x33 0x670002 0x52 0x6d0007 0xe2d 0xa8 0x0 0x750005 0x0 0x0 0x0 0x0 0x0 0x0 0x7c0007 0x0 0x50 0x0 0x820007 0x0 0x30 0x0 0x870002 0x0 0x8e0002 0xe2d 0x920007 0xe2d 0x30 0x0 0x970002 0x0 0x0 0x0 0x0 0x0 0x0 0x0 0x9 0x4 0x0 0x0 0x0 0x0 oops 7 9 org/jetbrains/kotlin/com/intellij/psi/impl/source/CharTableImpl 29 org/jetbrains/kotlin/lexer/KtToken 31 org/jetbrains/kotlin/lexer/KtSingleValueToken 69 org/jetbrains/kotlin/lexer/KtToken 71 org/jetbrains/kotlin/lexer/KtSingleValueToken 80 org/jetbrains/kotlin/LambdaExpressionElementType 82 org/jetbrains/kotlin/BlockExpressionElementType methods 0
ciMethodData org/jetbrains/kotlin/com/intellij/psi/impl/source/CharTableImpl$StringHashToCharSequencesMap access$100 (Lorg/jetbrains/kotlin/com/intellij/psi/impl/source/CharTableImpl$StringHashToCharSequencesMap;ILjava/lang/CharSequence;II)Ljava/lang/CharSequence; 2 5177 orig 80 0 0 0 0 0 0 0 0 0 0 0 0 0 0 0 0 0 0 0 0 0 0 0 0 0 0 0 0 0 0 0 0 0 0 0 0 0 0 0 0 0 0 0 0 0 0 0 0 0 0 0 0 0 0 0 0 0 0 0 0 0 0 0 0 0 0 0 0 0 0 0 0 0 0 0 0 0 0 0 0 data 11 0x60002 0x143a 0x0 0x0 0x9 0x5 0x0 0x0 0x0 0x0 0x0 oops 0 methods 0
ciMethodData org/jetbrains/kotlin/com/intellij/psi/impl/source/CharTableImpl intern (Ljava/lang/CharSequence;II)Ljava/lang/CharSequence; 2 5271 orig 80 0 0 0 0 0 0 0 0 0 0 0 0 0 0 0 0 0 0 0 0 0 0 0 0 0 0 0 0 0 0 0 0 0 0 0 0 0 0 0 0 0 0 0 0 0 0 0 0 0 0 0 0 0 0 0 0 0 0 0 0 0 0 0 0 0 0 0 0 0 0 0 0 0 0 0 0 0 0 0 0 data 56 0x10007 0x1498 0x30 0x0 0x60002 0x0 0xd0005 0x0 0x0 0x1a82822fe20 0xee5 0x1a822936578 0x5b3 0x120007 0x1498 0x70 0x0 0x170005 0x0 0x0 0x0 0x0 0x0 0x0 0x1c0003 0x0 0x70 0x240007 0x143a 0x48 0x5e 0x2a0002 0x5e 0x2f0003 0x5e 0x28 0x360002 0x143a 0x3e0007 0x1498 0x30 0x0 0x430002 0x0 0x0 0x0 0x0 0x0 0x0 0x0 0x9 0x4 0x0 0x0 0x0 0x0 oops 2 9 org/jetbrains/kotlin/com/intellij/util/text/ImmutableText 11 java/lang/String methods 0
ciMethodData org/jetbrains/kotlin/com/intellij/psi/impl/source/CharTableImpl doIntern (Ljava/lang/CharSequence;II)Ljava/lang/CharSequence; 2 5177 orig 80 0 0 0 0 0 0 0 0 0 0 0 0 0 0 0 0 0 0 0 0 0 0 0 0 0 0 0 0 0 0 0 0 0 0 0 0 0 0 0 0 0 0 0 0 0 0 0 0 0 0 0 0 0 0 0 0 0 0 0 0 0 0 0 0 0 0 0 0 0 0 0 0 0 0 0 0 0 0 0 0 data 43 0x10007 0x143a 0x30 0x0 0x50002 0x0 0xb0002 0x143a 0x1f0002 0x143a 0x270003 0x143a 0x18 0x340007 0x873 0x50 0xbc7 0x3a0007 0xbc7 0x30 0x0 0x3e0002 0x0 0x530002 0x873 0x5a0007 0x873 0x30 0x0 0x5e0002 0x0 0x0 0x0 0x0 0x0 0x0 0x0 0x9 0x4 0x0 0x0 0x0 0x0 oops 0 methods 0
ciMethodData org/jetbrains/kotlin/com/intellij/openapi/util/text/StringUtil stringHashCode (Ljava/lang/CharSequence;II)I 2 5177 orig 80 0 0 0 0 0 0 0 0 0 0 0 0 0 0 0 0 0 0 0 0 0 0 0 0 0 0 0 0 0 0 0 0 0 0 0 0 0 0 0 0 0 0 0 0 0 0 0 0 0 0 0 0 0 0 0 0 0 0 0 0 0 0 0 0 0 0 0 0 0 0 0 0 0 0 0 0 0 0 0 0 data 19 0x10007 0x143a 0x30 0x0 0x60002 0x0 0xc0002 0x143a 0x0 0x0 0x0 0x0 0x0 0x0 0x9 0x3 0x0 0x0 0x0 oops 0 methods 0
ciMethodData org/jetbrains/kotlin/com/intellij/openapi/util/text/Strings stringHashCode (Ljava/lang/CharSequence;II)I 2 5177 orig 80 0 0 0 0 0 0 0 0 0 0 0 0 0 0 0 0 0 0 0 0 0 0 0 0 0 0 0 0 0 0 0 0 0 0 0 0 0 0 0 0 0 0 0 0 0 0 0 0 0 0 0 0 0 0 0 0 0 0 0 0 0 0 0 0 0 0 0 0 0 0 0 0 0 0 0 0 0 0 0 0 data 19 0x10007 0x143a 0x30 0x0 0x60002 0x0 0xd0002 0x143a 0x0 0x0 0x0 0x0 0x0 0x0 0x9 0x3 0x0 0x0 0x0 oops 0 methods 0
ciMethodData org/jetbrains/kotlin/com/intellij/openapi/util/text/Strings stringHashCode (Ljava/lang/CharSequence;III)I 2 5177 orig 80 0 0 0 0 0 0 0 0 0 0 0 0 0 0 0 0 0 0 0 0 0 0 0 0 0 0 0 0 0 0 0 0 0 0 0 0 0 0 0 0 0 0 0 0 0 0 0 0 0 0 0 0 0 0 0 0 0 0 0 0 0 0 0 0 0 0 0 0 0 0 0 0 0 0 0 0 0 0 0 0 data 32 0x10007 0x143a 0x30 0x0 0x60002 0x0 0x120007 0x143a 0x70 0x51ea 0x1d0005 0x0 0x0 0x1a82822fe20 0x38c5 0x1a822936578 0x1925 0x280003 0x51ea 0xffffffffffffffa8 0x0 0x0 0x0 0x0 0x0 0x0 0x9 0x4 0x0 0x0 0x0 0x0 oops 2 13 org/jetbrains/kotlin/com/intellij/util/text/ImmutableText 15 java/lang/String methods 0
ciMethodData org/jetbrains/kotlin/com/intellij/psi/impl/source/CharTableImpl$StringHashToCharSequencesMap getSubSequenceWithHashCode (ILjava/lang/CharSequence;II)Ljava/lang/CharSequence; 2 5177 orig 80 0 0 0 0 0 0 0 0 0 0 0 0 0 0 0 0 0 0 0 0 0 0 0 0 0 0 0 0 0 0 0 0 0 0 0 0 0 0 0 0 0 0 0 0 0 0 0 0 0 0 0 0 0 0 0 0 0 0 0 0 0 0 0 0 0 0 0 0 0 0 0 0 0 0 0 0 0 0 0 0 data 105 0x10007 0x143a 0x30 0x0 0x50002 0x0 0xa0005 0x0 0x0 0x1a8291b7688 0x143a 0x0 0x0 0x110007 0xbc7 0x20 0x873 0x180004 0xffffffffffffffff 0x0 0x1a822936578 0xbc6 0x0 0x0 0x1b0007 0x1 0xc0 0xbc6 0x200004 0x0 0x0 0x1a822936578 0xbc6 0x0 0x0 0x270002 0xbc6 0x2a0007 0x0 0x58 0xbc6 0x2f0004 0x0 0x0 0x1a822936578 0xbc6 0x0 0x0 0x370004 0x0 0x0 0x1a827042f68 0x1 0x0 0x0 0x3a0007 0x0 0xc0 0x1 0x3f0004 0x0 0x0 0x1a827042f68 0x1 0x0 0x0 0x500007 0x0 0x68 0x2 0x600002 0x2 0x630007 0x1 0x20 0x1 0x6c0003 0x1 0xffffffffffffffb0 0x740007 0x0 0x68 0x0 0x7d0005 0x0 0x0 0x0 0x0 0x0 0x0 0x800002 0x0 0x0 0x0 0x0 0x0 0x0 0x0 0x9 0x5 0x0 0x0 0x0 0x0 0x0 oops 6 9 org/jetbrains/kotlin/com/intellij/psi/impl/source/CharTableImpl$StringHashToCharSequencesMap 20 java/lang/String 31 java/lang/String 44 java/lang/String 51 [Ljava/lang/CharSequence; 62 [Ljava/lang/CharSequence; methods 0
ciMethodData org/jetbrains/kotlin/com/intellij/psi/impl/source/tree/LeafPsiElement <init> (Lorg/jetbrains/kotlin/com/intellij/psi/tree/IElementType;Ljava/lang/CharSequence;)V 2 5189 orig 80 0 0 0 0 0 0 0 0 0 0 0 0 0 0 0 0 0 0 0 0 0 0 0 0 0 0 0 0 0 0 0 0 0 0 0 0 0 0 0 0 0 0 0 0 0 0 0 0 0 0 0 0 0 0 0 0 0 0 0 0 0 0 0 0 0 0 0 0 0 0 0 0 0 0 0 0 0 0 0 0 data 19 0x10007 0x1446 0x30 0x0 0x50002 0x0 0xb0002 0x1446 0x0 0x0 0x0 0x0 0x0 0x0 0x9 0x3 0x0 0x0 0x0 oops 0 methods 0
ciMethodData org/jetbrains/kotlin/com/intellij/psi/impl/source/tree/LeafElement <init> (Lorg/jetbrains/kotlin/com/intellij/psi/tree/IElementType;Ljava/lang/CharSequence;)V 2 5189 orig 80 0 0 0 0 0 0 0 0 0 0 0 0 0 0 0 0 0 0 0 0 0 0 0 0 0 0 0 0 0 0 0 0 0 0 0 0 0 0 0 0 0 0 0 0 0 0 0 0 0 0 0 0 0 0 0 0 0 0 0 0 0 0 0 0 0 0 0 0 0 0 0 0 0 0 0 0 0 0 0 0 data 19 0x10007 0x1446 0x30 0x0 0x50002 0x0 0xa0002 0x1446 0x0 0x0 0x0 0x0 0x0 0x0 0x9 0x3 0x36 0x0 0x0 oops 0 methods 0
ciMethodData org/jetbrains/kotlin/com/intellij/psi/impl/source/tree/TreeElement rawInsertAfterMeWithoutNotifications (Lorg/jetbrains/kotlin/com/intellij/psi/impl/source/tree/TreeElement;)V 2 5245 orig 80 0 0 0 0 0 0 0 0 0 0 0 0 0 0 0 0 0 0 0 0 0 0 0 0 0 0 0 0 0 0 0 0 0 0 0 0 0 0 0 0 0 0 0 0 0 0 0 0 0 0 0 0 0 0 0 0 0 0 0 0 0 0 0 0 0 0 0 0 0 0 0 0 0 0 0 0 0 0 0 0 data 126 0x10007 0x147e 0x30 0x0 0x60002 0x0 0xc0005 0x147e 0x0 0x0 0x0 0x0 0x0 0x100005 0x147e 0x0 0x0 0x0 0x0 0x0 0x150005 0x147e 0x0 0x0 0x0 0x0 0x0 0x1b0005 0x147e 0x0 0x0 0x0 0x0 0x0 0x200005 0x147e 0x0 0x0 0x0 0x0 0x0 0x240005 0x147e 0x0 0x0 0x0 0x0 0x0 0x2c0007 0x147e 0x50 0x0 0x320007 0x0 0x30 0x0 0x3c0002 0x0 0x420005 0x147e 0x0 0x0 0x0 0x0 0x0 0x470007 0x0 0x38 0x147e 0x4a0003 0x147e 0x30 0x500003 0x0 0xffffffffffffff08 0x540007 0x0 0xc8 0x147e 0x580007 0x0 0x118 0x147e 0x5d0005 0x147e 0x0 0x0 0x0 0x0 0x0 0x620005 0xce 0x0 0x1a827f56388 0x1366 0x1a827f56688 0x4a 0x650003 0x147e 0x88 0x6a0005 0x0 0x0 0x0 0x0 0x0 0x0 0x6f0005 0x0 0x0 0x0 0x0 0x0 0x0 0x730002 0x147e 0x0 0x0 0x0 0x0 0x0 0x0 0x9 0x2 0x0 0x0 oops 2 93 org/jetbrains/kotlin/com/intellij/psi/impl/source/tree/CompositeElement 95 org/jetbrains/kotlin/com/intellij/psi/impl/source/tree/FileElement methods 0
ciMethodData org/jetbrains/kotlin/com/intellij/psi/impl/source/tree/TreeElement setTreeNext (Lorg/jetbrains/kotlin/com/intellij/psi/impl/source/tree/TreeElement;)V 2 5245 orig 80 0 0 0 0 0 0 0 0 0 0 0 0 0 0 0 0 0 0 0 0 0 0 0 0 0 0 0 0 0 0 0 0 0 0 0 0 0 0 0 0 0 0 0 0 0 0 0 0 0 0 0 0 0 0 0 0 0 0 0 0 0 0 0 0 0 0 0 0 0 0 0 0 0 0 0 0 0 0 0 0 data 12 0x60002 0x147e 0x0 0x0 0x0 0x0 0x0 0x0 0x9 0x2 0x0 0x0 oops 0 methods 0
ciMethodData org/jetbrains/kotlin/com/intellij/psi/impl/source/tree/CompositeElement rawSetParents (Lorg/jetbrains/kotlin/com/intellij/psi/impl/source/tree/TreeElement;Lorg/jetbrains/kotlin/com/intellij/psi/impl/source/tree/CompositeElement;)Lorg/jetbrains/kotlin/com/intellij/psi/impl/source/tree/TreeElement; 2 3700 orig 80 0 0 0 0 0 0 0 0 0 0 0 0 168 1 0 0 0 0 0 0 0 0 0 0 0 0 0 0 0 0 0 0 0 0 0 0 0 0 0 0 0 0 0 0 0 0 0 0 0 0 0 0 0 0 0 0 0 0 0 0 0 0 0 0 0 0 0 0 0 0 0 0 0 0 0 0 0 0 0 0 data 56 0x10007 0xe74 0x30 0x0 0x60002 0x0 0xa0007 0xe74 0x30 0x0 0xf0002 0x0 0x150005 0xe74 0x0 0x0 0x0 0x0 0x0 0x1a0005 0xf56 0x0 0x0 0x0 0x0 0x0 0x1e0005 0xf56 0x0 0x0 0x0 0x0 0x0 0x230007 0xe2 0x50 0xe74 0x280007 0xe74 0x30 0x0 0x2d0002 0x0 0x330003 0xe2 0xffffffffffffff40 0x0 0x0 0x0 0x0 0x0 0x0 0x9 0x2 0x0 0x0 oops 0 methods 0
ciMethodData org/jetbrains/kotlin/com/intellij/psi/impl/source/CharTableImpl$StringHashToCharSequencesMap charSequenceSubSequenceEquals (Ljava/lang/CharSequence;Ljava/lang/CharSequence;II)Z 2 4154 orig 80 0 0 0 0 0 0 0 0 0 0 0 0 0 0 0 0 0 0 0 0 0 0 0 0 0 0 0 0 0 0 0 0 0 0 0 0 0 0 0 0 0 0 0 0 0 0 0 0 0 0 0 0 0 0 0 0 0 0 0 0 0 0 0 0 0 0 0 0 0 0 0 0 0 0 0 0 0 0 0 0 data 75 0x10007 0x103b 0x30 0x0 0x50002 0x0 0x90007 0x103b 0x30 0x0 0xd0002 0x0 0x110005 0x0 0x0 0x1a822936578 0x103b 0x0 0x0 0x190007 0x103b 0x20 0x0 0x200007 0x103b 0x40 0x0 0x240007 0x0 0x20 0x0 0x2d0005 0x0 0x0 0x1a822936578 0x103b 0x0 0x0 0x380007 0x103a 0xc8 0x3099 0x3e0005 0x0 0x0 0x1a822936578 0x3099 0x0 0x0 0x480005 0x0 0x0 0x1a82822fe20 0x1eea 0x1a822936578 0x11af 0x4d0007 0x3098 0x20 0x1 0x550003 0x3098 0xffffffffffffff50 0x0 0x0 0x0 0x0 0x0 0x0 0x9 0x4 0xffffffffffffffff 0xffffffffffffffff 0x0 0x0 oops 5 15 java/lang/String 34 java/lang/String 45 java/lang/String 52 org/jetbrains/kotlin/com/intellij/util/text/ImmutableText 54 java/lang/String methods 0
ciMethodData org/jetbrains/kotlin/com/intellij/openapi/util/text/StringUtil stringHashCode (Ljava/lang/CharSequence;)I 1 0 orig 80 0 0 0 0 0 0 0 0 0 0 0 0 168 1 0 0 0 0 0 0 0 0 0 0 0 0 0 0 0 0 0 0 0 0 0 0 0 0 0 0 0 0 0 0 0 0 0 0 0 0 0 0 0 0 0 0 0 0 0 0 0 0 0 0 0 0 0 0 0 0 0 0 0 0 0 0 0 0 0 0 data 17 0x10007 0x0 0x30 0x0 0x60002 0x0 0xa0002 0x0 0x0 0x0 0x0 0x0 0x0 0x0 0x9 0x1 0xffffffffffffffff oops 0 methods 0
ciMethodData org/jetbrains/kotlin/com/intellij/openapi/util/text/Strings stringHashCode (Ljava/lang/CharSequence;)I 1 0 orig 80 0 0 0 0 0 0 0 0 0 0 0 0 168 1 0 0 0 0 0 0 0 0 0 0 0 0 0 0 0 0 0 0 0 0 0 0 0 0 0 0 0 0 0 0 0 0 0 0 0 0 0 0 0 0 0 0 0 0 0 0 0 0 0 0 0 0 0 0 0 0 0 0 0 0 0 0 0 0 0 0 data 53 0x10007 0x0 0x30 0x0 0x60002 0x0 0xa0004 0x0 0x0 0x0 0x0 0x0 0x0 0xd0007 0x0 0x78 0x0 0x110004 0x0 0x0 0x0 0x0 0x0 0x0 0x140007 0x0 0x58 0x0 0x180005 0x0 0x0 0x0 0x0 0x0 0x0 0x1f0005 0x0 0x0 0x0 0x0 0x0 0x0 0x240002 0x0 0x0 0x0 0x0 0x0 0x0 0x0 0x9 0x1 0xffffffffffffffff oops 0 methods 0
ciMethodData org/jetbrains/kotlin/com/intellij/psi/impl/source/tree/PsiWhiteSpaceImpl <init> (Ljava/lang/CharSequence;)V 2 1480 orig 80 0 0 0 0 0 0 0 0 0 0 0 0 168 1 0 0 0 0 0 0 0 0 0 0 0 0 0 0 0 0 0 0 0 0 0 0 0 0 0 0 0 0 0 0 0 0 0 0 0 0 0 0 0 0 0 0 0 0 0 0 0 0 0 0 0 0 0 0 0 0 0 0 0 0 0 0 0 0 0 0 data 9 0x50002 0x5c8 0x0 0x0 0x0 0x9 0x2 0x0 0x0 oops 0 methods 0
ciMethodData org/jetbrains/kotlin/com/intellij/lang/impl/PsiBuilderImpl getASTFactory ()Lorg/jetbrains/kotlin/com/intellij/lang/ASTFactory; 2 3622 orig 80 0 0 0 0 0 0 0 0 0 0 0 0 168 1 0 0 0 0 0 0 0 0 0 0 0 0 0 0 0 0 0 0 0 0 0 0 0 0 0 0 0 0 0 0 0 0 0 0 0 0 0 0 0 0 0 0 0 0 0 0 0 0 0 0 0 0 0 0 0 0 0 0 0 0 0 0 0 0 0 0 data 30 0x40004 0xfffffffffffff1da 0x0 0x1a8270b92f0 0x32 0x0 0x0 0x70007 0xe26 0x70 0x0 0xe0004 0x0 0x0 0x0 0x0 0x0 0x0 0x110003 0x0 0x18 0x0 0x0 0x0 0x0 0x0 0x0 0x9 0x1 0x0 oops 1 3 org/jetbrains/kotlin/parsing/KotlinParserDefinition methods 0
ciMethodData org/jetbrains/kotlin/com/intellij/lang/impl/PsiBuilderImpl createLazy (Lorg/jetbrains/kotlin/com/intellij/psi/tree/ILazyParseableElementType;Ljava/lang/CharSequence;Lorg/jetbrains/kotlin/com/intellij/lang/ASTFactory;)Lorg/jetbrains/kotlin/com/intellij/psi/impl/source/tree/LazyParseableElement; 1 93 orig 80 0 0 0 0 0 0 0 0 0 0 0 0 168 1 0 0 0 0 0 0 0 0 0 0 0 0 0 0 0 0 0 0 0 0 0 0 0 0 0 0 0 0 0 0 0 0 0 0 0 0 0 0 0 0 0 0 0 0 0 0 0 0 0 0 0 0 0 0 0 0 0 0 0 0 0 0 0 0 0 0 data 46 0x10007 0x5d 0x30 0x0 0x60002 0x0 0xa0007 0x5d 0xa8 0x0 0x100005 0x0 0x0 0x0 0x0 0x0 0x0 0x150007 0x0 0x50 0x0 0x1a0007 0x0 0x30 0x0 0x1f0002 0x0 0x250002 0x5d 0x290007 0x5d 0x30 0x0 0x2e0002 0x0 0x0 0x0 0x0 0x0 0x0 0x0 0x9 0x3 0xffffffffffffffff 0xffffffffffffffff 0xffffffffffffffff oops 0 methods 0
ciMethodData org/jetbrains/kotlin/com/intellij/lang/ASTFactory leaf (Lorg/jetbrains/kotlin/com/intellij/psi/tree/IElementType;Ljava/lang/CharSequence;)Lorg/jetbrains/kotlin/com/intellij/psi/impl/source/tree/LeafElement; 2 3504 orig 80 0 0 0 0 0 0 0 0 0 0 0 0 168 1 0 0 0 0 0 0 0 0 0 0 0 0 0 0 0 0 0 0 0 0 0 0 0 0 0 0 0 0 0 0 0 0 0 0 0 0 0 0 0 0 0 0 0 0 0 0 0 0 0 0 0 0 0 0 0 0 0 0 0 0 0 0 0 0 0 0 data 95 0x10007 0xdb0 0x30 0x0 0x60002 0x0 0xa0007 0xdb0 0x30 0x0 0xf0002 0x0 0x160007 0xdb0 0x30 0x0 0x1e0002 0x0 0x230004 0xfffffffffffff250 0x0 0x1a8282719c8 0x19 0x1a827285e78 0xb2 0x260007 0xdb0 0xf8 0x0 0x2a0004 0x0 0x0 0x0 0x0 0x0 0x0 0x2e0005 0x0 0x0 0x0 0x0 0x0 0x0 0x330004 0x0 0x0 0x0 0x0 0x0 0x0 0x370007 0x0 0x30 0x0 0x3c0002 0x0 0x410002 0xdb0 0x460005 0x0 0x0 0x1a828270508 0xdb0 0x0 0x0 0x4b0007 0x0 0x38 0xdb0 0x4f0003 0xdb0 0x50 0x570005 0x0 0x0 0x0 0x0 0x0 0x0 0x5b0007 0xdb0 0x30 0x0 0x600002 0x0 0x0 0x0 0x0 0x0 0x0 0x0 0x9 0x2 0x0 0x0 oops 3 21 org/jetbrains/kotlin/lexer/KtModifierKeywordToken 23 org/jetbrains/kotlin/lexer/KtToken 61 org/jetbrains/kotlin/com/intellij/lang/DefaultASTFactoryImpl methods 0
ciMethodData org/jetbrains/kotlin/com/intellij/psi/impl/source/CharTableImpl createSequence (Ljava/lang/CharSequence;II)Ljava/lang/String; 1 972 orig 80 0 0 0 0 0 0 0 0 0 0 0 0 168 1 0 0 0 0 0 0 0 0 0 0 0 0 0 0 0 0 0 0 0 0 0 0 0 0 0 0 0 0 0 0 0 0 0 0 0 0 0 0 0 0 0 0 0 0 0 0 0 0 0 0 0 0 0 0 0 0 0 0 0 0 0 0 0 0 0 0 data 68 0x10007 0x3cc 0x30 0x0 0x60002 0x0 0xa0004 0xfffffffffffffd1b 0x0 0x1a82822fe20 0x10e 0x1a822936578 0xe7 0xd0007 0x2e5 0xc0 0xe7 0x110004 0x0 0x0 0x1a822936578 0xe7 0x0 0x0 0x160005 0xe7 0x0 0x0 0x0 0x0 0x0 0x1a0007 0xe7 0x30 0x0 0x1f0002 0x0 0x260005 0x0 0x0 0x1a82822fe20 0x2e5 0x0 0x0 0x2b0005 0x0 0x0 0x1a8284e4950 0x2e5 0x0 0x0 0x310007 0x2e5 0x30 0x0 0x360002 0x0 0x0 0x0 0x0 0x0 0x0 0x0 0x9 0x3 0xffffffffffffffff 0x0 0x0 oops 5 9 org/jetbrains/kotlin/com/intellij/util/text/ImmutableText 11 java/lang/String 20 java/lang/String 40 org/jetbrains/kotlin/com/intellij/util/text/ImmutableText 47 org/jetbrains/kotlin/com/intellij/util/text/CharSequenceSubSequence methods 0
ciMethodData org/jetbrains/kotlin/com/intellij/psi/impl/source/CharTableImpl$StringHashToCharSequencesMap access$200 (Lorg/jetbrains/kotlin/com/intellij/psi/impl/source/CharTableImpl$StringHashToCharSequencesMap;ILjava/lang/CharSequence;II)Ljava/lang/CharSequence; 2 2079 orig 80 0 0 0 0 0 0 0 0 0 0 0 0 168 1 0 0 0 0 0 0 0 0 0 0 0 0 0 0 0 0 0 0 0 0 0 0 0 0 0 0 0 0 0 0 0 0 0 0 0 0 0 0 0 0 0 0 0 0 0 0 0 0 0 0 0 0 0 0 0 0 0 0 0 0 0 0 0 0 0 0 data 11 0x60002 0x81f 0x0 0x0 0x9 0x5 0x0 0x0 0x0 0x0 0x0 oops 0 methods 0
ciMethodData org/jetbrains/kotlin/com/intellij/psi/impl/source/CharTableImpl$StringHashToCharSequencesMap getOrAddSubSequenceWithHashCode (ILjava/lang/CharSequence;II)Ljava/lang/CharSequence; 2 2070 orig 80 0 0 0 0 0 0 0 0 0 0 0 0 0 0 0 0 0 0 0 0 0 0 0 0 0 0 0 0 0 0 0 0 0 0 0 0 0 0 0 0 0 0 0 0 0 0 0 0 0 0 0 0 0 0 0 0 0 0 0 0 0 0 0 0 0 0 0 0 0 0 0 0 0 0 0 0 0 0 0 0 data 185 0x10007 0x817 0x30 0x0 0x60002 0x0 0xb0005 0x0 0x0 0x1a8291b7688 0x817 0x0 0x0 0x120007 0x496 0x80 0x381 0x190002 0x381 0x220005 0x0 0x0 0x1a8291b7688 0x381 0x0 0x0 0x260003 0x381 0x460 0x2b0004 0x0 0x0 0x1a822936578 0x496 0x0 0x0 0x2e0007 0x0 0x188 0x496 0x330004 0x0 0x0 0x1a822936578 0x496 0x0 0x0 0x3e0002 0x496 0x410007 0x0 0x50 0x496 0x470007 0x496 0x30 0x0 0x4c0002 0x0 0x540002 0x0 0x630004 0x0 0x0 0x0 0x0 0x0 0x0 0x680004 0x0 0x0 0x0 0x0 0x0 0x0 0x690005 0x0 0x0 0x0 0x0 0x0 0x0 0x6d0003 0x0 0x2a0 0x720004 0x0 0x0 0x0 0x0 0x0 0x0 0x750007 0x0 0x1b8 0x0 0x7a0004 0x0 0x0 0x0 0x0 0x0 0x0 0x8f0007 0x0 0x98 0x0 0x9f0002 0x0 0xa20007 0x0 0x50 0x0 0xa80007 0x0 0x30 0x0 0xad0002 0x0 0xb40003 0x0 0xffffffffffffff80 0xbb0002 0x0 0xc4000a 0x0 0x1 0x0 0xc90002 0x0 0xcc0004 0x0 0x0 0x0 0x0 0x0 0x0 0xd50005 0x0 0x0 0x0 0x0 0x0 0x0 0xd90003 0x0 0xb0 0xdf0007 0x0 0x68 0x0 0xe80005 0x0 0x0 0x0 0x0 0x0 0x0 0xeb0002 0x0 0xf10007 0x0 0x30 0x0 0xf60002 0x0 0xfd0007 0x381 0x30 0x0 0x1020002 0x0 0x0 0x0 0x0 0x0 0x0 0x0 0x9 0x5 0x0 0x0 0x0 0x0 0x0 oops 4 9 org/jetbrains/kotlin/com/intellij/psi/impl/source/CharTableImpl$StringHashToCharSequencesMap 22 org/jetbrains/kotlin/com/intellij/psi/impl/source/CharTableImpl$StringHashToCharSequencesMap 32 java/lang/String 43 java/lang/String methods 0
ciMethodData org/jetbrains/kotlin/com/intellij/psi/impl/source/CharTableImpl access$600 (Ljava/lang/CharSequence;II)Ljava/lang/String; 1 895 orig 80 0 0 0 0 0 0 0 0 0 0 0 0 168 1 0 0 0 0 0 0 0 0 0 0 0 0 0 0 0 0 0 0 0 0 0 0 0 0 0 0 0 0 0 0 0 0 0 0 0 0 0 0 0 0 0 0 0 0 0 0 0 0 0 0 0 0 0 0 0 0 0 0 0 0 0 0 0 0 0 0 data 13 0x30002 0x37f 0x0 0x0 0x0 0x0 0x0 0x0 0x9 0x3 0x0 0x0 0x0 oops 0 methods 0
ciMethod org/jetbrains/kotlin/com/intellij/openapi/progress/Cancellation isCancelled ()Z 1024 0 10343 0 0
ciMethod org/jetbrains/kotlin/com/intellij/openapi/progress/Cancellation checkCancelled ()V 1024 0 10343 0 0
ciMethodData org/jetbrains/kotlin/parsing/KotlinParserDefinition getCommentTokens ()Lorg/jetbrains/kotlin/com/intellij/psi/tree/TokenSet; 2 3495 orig 80 0 0 0 0 0 0 0 0 0 0 0 0 0 0 0 0 0 0 0 0 0 0 0 0 0 0 0 0 0 0 0 0 0 0 0 0 0 0 0 0 0 0 0 0 0 0 0 0 0 0 0 0 0 0 0 0 0 0 0 0 0 0 0 0 0 0 0 0 0 0 0 0 0 0 0 0 0 0 0 0 data 11 0x60002 0xda8 0x0 0x0 0x0 0x0 0x0 0x0 0x9 0x1 0x0 oops 0 methods 0
ciMethodData org/jetbrains/kotlin/com/intellij/lang/DefaultASTFactoryImpl createLeaf (Lorg/jetbrains/kotlin/com/intellij/psi/tree/IElementType;Ljava/lang/CharSequence;)Lorg/jetbrains/kotlin/com/intellij/psi/impl/source/tree/LeafElement; 2 3469 orig 80 0 0 0 0 0 0 0 0 0 0 0 0 0 0 0 0 0 0 0 0 0 0 0 0 0 0 0 0 0 0 0 0 0 0 0 0 0 0 0 0 0 0 0 0 0 0 0 0 0 0 0 0 0 0 0 0 0 0 0 0 0 0 0 0 0 0 0 0 0 0 0 0 0 0 0 0 0 0 0 0 data 81 0x10007 0xd8e 0x30 0x0 0x50002 0x0 0x90007 0xd8e 0x30 0x0 0xd0002 0x0 0x110005 0x1da 0x0 0x1a827285e78 0x640 0x1a827285f28 0x574 0x190005 0x0 0x0 0x1a8291d7e10 0xd8e 0x0 0x0 0x1c0004 0x0 0x0 0x1a8270b92f0 0xd8e 0x0 0x0 0x230007 0x0 0x118 0xd8e 0x280005 0x0 0x0 0x1a8270b92f0 0xd8e 0x0 0x0 0x2e0005 0xd8e 0x0 0x0 0x0 0x0 0x0 0x310007 0xd6d 0x88 0x21 0x370005 0x0 0x0 0x1a828270508 0x21 0x0 0x0 0x3b0007 0x21 0x30 0x0 0x3f0002 0x0 0x490002 0xd6d 0x0 0x0 0x0 0x0 0x0 0x0 0x9 0x3 0x0 0x0 0x0 oops 6 15 org/jetbrains/kotlin/lexer/KtToken 17 org/jetbrains/kotlin/lexer/KtSingleValueToken 22 org/jetbrains/kotlin/com/intellij/lang/LanguageParserDefinitions 29 org/jetbrains/kotlin/parsing/KotlinParserDefinition 40 org/jetbrains/kotlin/parsing/KotlinParserDefinition 58 org/jetbrains/kotlin/com/intellij/lang/DefaultASTFactoryImpl methods 0
ciMethodData org/jetbrains/kotlin/com/intellij/openapi/progress/impl/CoreProgressManager isInNonCancelableSection ()Z 2 9857 orig 80 0 0 0 0 0 0 0 0 0 0 0 0 0 0 0 0 0 0 0 0 0 0 0 0 0 0 0 0 0 0 0 0 0 0 0 0 0 0 0 0 0 0 0 0 0 0 0 0 0 0 0 0 0 0 0 0 0 0 0 0 0 0 0 0 0 0 0 0 0 0 0 0 0 0 0 0 0 0 0 0 data 23 0x30005 0x0 0x0 0x1a828626e50 0x2682 0x0 0x0 0x60007 0x2682 0x38 0x0 0xa0003 0x0 0x18 0x0 0x0 0x0 0x0 0x0 0x0 0x9 0x1 0x0 oops 1 3 java/lang/ThreadLocal methods 0
ciMethodData org/jetbrains/kotlin/com/intellij/openapi/progress/Cancellation checkCancelled ()V 2 9831 orig 80 0 0 0 0 0 0 0 0 0 0 0 0 0 0 0 0 0 0 0 0 0 0 0 0 0 0 0 0 0 0 0 0 0 0 0 0 0 0 0 0 0 0 0 0 0 0 0 0 0 0 0 0 0 0 0 0 0 0 0 0 0 0 0 0 0 0 0 0 0 0 0 0 0 0 0 0 0 0 0 0 data 16 0x2 0x2668 0x30007 0x2668 0x30 0x0 0xa0002 0x0 0x0 0x0 0x0 0x0 0x0 0x0 0x9 0x0 oops 0 methods 0
ciMethodData org/jetbrains/kotlin/com/intellij/openapi/progress/Cancellation isCancelled ()Z 2 9831 orig 80 0 0 0 0 0 0 0 0 0 0 0 0 0 0 0 0 0 0 0 0 0 0 0 0 0 0 0 0 0 0 0 0 0 0 0 0 0 0 0 0 0 0 0 0 0 0 0 0 0 0 0 0 0 0 0 0 0 0 0 0 0 0 0 0 0 0 0 0 0 0 0 0 0 0 0 0 0 0 0 0 data 40 0x30005 0x0 0x0 0x1a828626e50 0x2668 0x0 0x0 0x60104 0x0 0x0 0x0 0x0 0x0 0x0 0xb0007 0x2668 0x90 0x0 0xf0005 0x0 0x0 0x0 0x0 0x0 0x0 0x140007 0x0 0x38 0x0 0x180003 0x0 0x18 0x0 0x0 0x0 0x0 0x0 0x0 0x9 0x0 oops 1 3 java/lang/ThreadLocal methods 0
ciMethodData org/jetbrains/kotlin/com/intellij/util/text/ByteArrayCharSequence length ()I 2 1392 orig 80 0 0 0 0 0 0 0 0 0 0 0 0 0 0 0 0 0 0 0 0 0 0 0 0 0 0 0 0 0 0 0 0 0 0 0 0 0 0 0 0 0 0 0 0 0 0 0 0 0 0 0 0 0 0 0 0 0 0 0 0 0 0 0 0 0 0 0 0 0 0 0 0 0 0 0 0 0 0 0 0 data 7 0x0 0x0 0x0 0x0 0x9 0x1 0x0 oops 0 methods 0
ciMethodData org/jetbrains/kotlin/com/intellij/psi/impl/source/tree/CompositeElement setFirstChildNode (Lorg/jetbrains/kotlin/com/intellij/psi/impl/source/tree/TreeElement;)V 2 3550 orig 80 0 0 0 0 0 0 0 0 0 0 0 0 0 0 0 0 0 0 0 0 0 0 0 0 0 0 0 0 0 0 0 0 0 0 0 0 0 0 0 0 0 0 0 0 0 0 0 0 0 0 0 0 0 0 0 0 0 0 0 0 0 0 0 0 0 0 0 0 0 0 0 0 0 0 0 0 0 0 0 0 data 12 0x60002 0xddf 0x0 0x0 0x0 0x0 0x0 0x0 0x9 0x2 0x60 0x0 oops 0 methods 0
ciMethodData org/jetbrains/kotlin/com/intellij/lang/DefaultASTFactoryImpl createComment (Lorg/jetbrains/kotlin/com/intellij/psi/tree/IElementType;Ljava/lang/CharSequence;)Lorg/jetbrains/kotlin/com/intellij/psi/impl/source/tree/LeafElement; 1 29 orig 80 0 0 0 0 0 0 0 0 0 0 0 0 168 1 0 0 0 0 0 0 0 0 0 0 0 0 0 0 0 0 0 0 0 0 0 0 0 0 0 0 0 0 0 0 0 0 0 0 0 0 0 0 0 0 0 0 0 0 0 0 0 0 0 0 0 0 0 0 0 0 0 0 0 0 0 0 0 0 0 0 data 25 0x10007 0x1d 0x30 0x0 0x50002 0x0 0x90007 0x1d 0x30 0x0 0xe0002 0x0 0x170002 0x1d 0x0 0x0 0x0 0x0 0x0 0x0 0x9 0x3 0x0 0x0 0x0 oops 0 methods 0
ciMethodData org/jetbrains/kotlin/com/intellij/psi/impl/source/tree/PsiCommentImpl <init> (Lorg/jetbrains/kotlin/com/intellij/psi/tree/IElementType;Ljava/lang/CharSequence;)V 1 29 orig 80 0 0 0 0 0 0 0 0 0 0 0 0 168 1 0 0 0 0 0 0 0 0 0 0 0 0 0 0 0 0 0 0 0 0 0 0 0 0 0 0 0 0 0 0 0 0 0 0 0 0 0 0 0 0 0 0 0 0 0 0 0 0 0 0 0 0 0 0 0 0 0 0 0 0 0 0 0 0 0 0 data 25 0x10007 0x1d 0x30 0x0 0x50002 0x0 0x90007 0x1d 0x30 0x0 0xd0002 0x0 0x130002 0x1d 0x0 0x0 0x0 0x0 0x0 0x0 0x9 0x3 0x0 0x0 0x0 oops 0 methods 0
ciMethodData org/jetbrains/kotlin/com/intellij/psi/impl/source/tree/LazyParseableElement setLastChildNode (Lorg/jetbrains/kotlin/com/intellij/psi/impl/source/tree/TreeElement;)V 1 75 orig 80 0 0 0 0 0 0 0 0 0 0 0 0 168 1 0 0 0 0 0 0 0 0 0 0 0 0 0 0 0 0 0 0 0 0 0 0 0 0 0 0 0 0 0 0 0 0 0 0 0 0 0 0 0 0 0 0 0 0 0 0 0 0 0 0 0 0 0 0 0 0 0 0 0 0 0 0 0 0 0 0 data 30 0x10005 0x0 0x0 0x1a8294e0940 0x4b 0x0 0x0 0x40007 0x4b 0x58 0x0 0xc0005 0x0 0x0 0x0 0x0 0x0 0x0 0x110002 0x4b 0x0 0x0 0x0 0x0 0x0 0x0 0x9 0x2 0x0 0x0 oops 1 3 org/jetbrains/kotlin/psi/KtBlockExpression methods 0
compile org/jetbrains/kotlin/com/intellij/lang/impl/PsiBuilderImpl insertLeaves (IILorg/jetbrains/kotlin/com/intellij/psi/impl/source/tree/CompositeElement;)I -1 4 inline 214 0 -1 0 org/jetbrains/kotlin/com/intellij/lang/impl/PsiBuilderImpl insertLeaves (IILorg/jetbrains/kotlin/com/intellij/psi/impl/source/tree/CompositeElement;)I 1 14 0 org/jetbrains/kotlin/com/intellij/openapi/progress/ProgressIndicatorProvider checkCanceled ()V 2 0 0 org/jetbrains/kotlin/com/intellij/openapi/progress/ProgressManager checkCanceled ()V 3 9 0 org/jetbrains/kotlin/com/intellij/openapi/progress/impl/CoreProgressManager doCheckCanceled ()V 4 1 0 org/jetbrains/kotlin/com/intellij/openapi/progress/impl/CoreProgressManager isInNonCancelableSection ()Z 5 3 0 java/lang/ThreadLocal get ()Ljava/lang/Object; 6 4 0 java/lang/ThreadLocal get (Ljava/lang/Thread;)Ljava/lang/Object; 7 2 0 java/lang/ThreadLocal getMap (Ljava/lang/Thread;)Ljava/lang/ThreadLocal$ThreadLocalMap; 7 12 0 java/lang/ThreadLocal$ThreadLocalMap getEntry (Ljava/lang/ThreadLocal;)Ljava/lang/ThreadLocal$ThreadLocalMap$Entry; 8 26 0 java/lang/ref/Reference refersTo (Ljava/lang/Object;)Z 9 2 0 java/lang/ref/Reference refersToImpl (Ljava/lang/Object;)Z 4 7 0 org/jetbrains/kotlin/com/intellij/openapi/progress/Cancellation checkCancelled ()V 5 0 0 org/jetbrains/kotlin/com/intellij/openapi/progress/Cancellation isCancelled ()Z 6 3 0 java/lang/ThreadLocal get ()Ljava/lang/Object; 7 4 0 java/lang/ThreadLocal get (Ljava/lang/Thread;)Ljava/lang/Object; 8 2 0 java/lang/ThreadLocal getMap (Ljava/lang/Thread;)Ljava/lang/ThreadLocal$ThreadLocalMap; 8 12 0 java/lang/ThreadLocal$ThreadLocalMap getEntry (Ljava/lang/ThreadLocal;)Ljava/lang/ThreadLocal$ThreadLocalMap$Entry; 9 26 0 java/lang/ref/Reference refersTo (Ljava/lang/Object;)Z 10 2 0 java/lang/ref/Reference refersToImpl (Ljava/lang/Object;)Z 1 69 0 org/jetbrains/kotlin/com/intellij/lang/impl/PsiBuilderImpl createLeaf (Lorg/jetbrains/kotlin/com/intellij/psi/tree/IElementType;II)Lorg/jetbrains/kotlin/com/intellij/psi/impl/source/tree/TreeElement; 2 19 0 org/jetbrains/kotlin/com/intellij/psi/impl/source/CharTableImpl intern (Ljava/lang/CharSequence;II)Ljava/lang/CharSequence; 3 13 0 org/jetbrains/kotlin/com/intellij/util/text/ImmutableText length ()I 4 4 0 org/jetbrains/kotlin/com/intellij/util/text/ByteArrayCharSequence length ()I 4 4 0 java/lang/String length ()I 5 6 0 java/lang/String coder ()B 3 13 0 java/lang/String length ()I 4 6 0 java/lang/String coder ()B 3 54 0 org/jetbrains/kotlin/com/intellij/psi/impl/source/CharTableImpl doIntern (Ljava/lang/CharSequence;II)Ljava/lang/CharSequence; 4 11 0 org/jetbrains/kotlin/com/intellij/psi/impl/source/CharTableImpl subSequenceHashCode (Ljava/lang/CharSequence;II)I 5 31 0 org/jetbrains/kotlin/com/intellij/openapi/util/text/StringUtil stringHashCode (Ljava/lang/CharSequence;II)I 6 12 0 org/jetbrains/kotlin/com/intellij/openapi/util/text/Strings stringHashCode (Ljava/lang/CharSequence;II)I 7 13 0 org/jetbrains/kotlin/com/intellij/openapi/util/text/Strings stringHashCode (Ljava/lang/CharSequence;III)I 8 29 0 org/jetbrains/kotlin/com/intellij/util/text/ImmutableText charAt (I)C 9 46 0 java/lang/String charAt (I)C 10 1 0 java/lang/String isLatin1 ()Z 10 12 0 java/lang/StringLatin1 charAt ([BI)C 11 3 0 java/lang/String checkIndex (II)V 9 46 0 org/jetbrains/kotlin/com/intellij/util/text/ByteArrayCharSequence charAt (I)C 8 29 0 java/lang/String charAt (I)C 9 1 0 java/lang/String isLatin1 ()Z 9 12 0 java/lang/StringLatin1 charAt ([BI)C 10 3 0 java/lang/String checkIndex (II)V 4 31 0 org/jetbrains/kotlin/com/intellij/psi/impl/source/CharTableImpl$StringHashToCharSequencesMap access$100 (Lorg/jetbrains/kotlin/com/intellij/psi/impl/source/CharTableImpl$StringHashToCharSequencesMap;ILjava/lang/CharSequence;II)Ljava/lang/CharSequence; 5 6 0 org/jetbrains/kotlin/com/intellij/psi/impl/source/CharTableImpl$StringHashToCharSequencesMap getSubSequenceWithHashCode (ILjava/lang/CharSequence;II)Ljava/lang/CharSequence; 6 10 0 org/jetbrains/kotlin/it/unimi/dsi/fastutil/ints/Int2ObjectOpenHashMap get (I)Ljava/lang/Object; 7 35 0 org/jetbrains/kotlin/it/unimi/dsi/fastutil/HashCommon mix (I)I 6 39 0 org/jetbrains/kotlin/com/intellij/psi/impl/source/CharTableImpl$StringHashToCharSequencesMap charSequenceSubSequenceEquals (Ljava/lang/CharSequence;Ljava/lang/CharSequence;II)Z 7 17 0 java/lang/String length ()I 8 6 0 java/lang/String coder ()B 7 45 0 java/lang/String length ()I 8 6 0 java/lang/String coder ()B 7 62 0 java/lang/String charAt (I)C 8 1 0 java/lang/String isLatin1 ()Z 8 12 0 java/lang/StringLatin1 charAt ([BI)C 9 3 0 java/lang/String checkIndex (II)V 7 72 0 org/jetbrains/kotlin/com/intellij/util/text/ImmutableText charAt (I)C 8 46 0 java/lang/String charAt (I)C 9 1 0 java/lang/String isLatin1 ()Z 9 12 0 java/lang/StringLatin1 charAt ([BI)C 10 3 0 java/lang/String checkIndex (II)V 8 46 0 org/jetbrains/kotlin/com/intellij/util/text/ByteArrayCharSequence charAt (I)C 7 72 0 java/lang/String charAt (I)C 8 1 0 java/lang/String isLatin1 ()Z 8 12 0 java/lang/StringLatin1 charAt ([BI)C 9 3 0 java/lang/String checkIndex (II)V 4 83 0 org/jetbrains/kotlin/com/intellij/psi/impl/source/CharTableImpl$StringHashToCharSequencesMap access$200 (Lorg/jetbrains/kotlin/com/intellij/psi/impl/source/CharTableImpl$StringHashToCharSequencesMap;ILjava/lang/CharSequence;II)Ljava/lang/CharSequence; 5 6 0 org/jetbrains/kotlin/com/intellij/psi/impl/source/CharTableImpl$StringHashToCharSequencesMap getOrAddSubSequenceWithHashCode (ILjava/lang/CharSequence;II)Ljava/lang/CharSequence; 6 11 0 org/jetbrains/kotlin/it/unimi/dsi/fastutil/ints/Int2ObjectOpenHashMap get (I)Ljava/lang/Object; 7 35 0 org/jetbrains/kotlin/it/unimi/dsi/fastutil/HashCommon mix (I)I 6 25 0 org/jetbrains/kotlin/com/intellij/psi/impl/source/CharTableImpl access$600 (Ljava/lang/CharSequence;II)Ljava/lang/String; 6 34 0 org/jetbrains/kotlin/it/unimi/dsi/fastutil/ints/Int2ObjectOpenHashMap put (ILjava/lang/Object;)Ljava/lang/Object; 7 2 0 org/jetbrains/kotlin/it/unimi/dsi/fastutil/ints/Int2ObjectOpenHashMap find (I)I 8 33 0 org/jetbrains/kotlin/it/unimi/dsi/fastutil/HashCommon mix (I)I 7 17 0 org/jetbrains/kotlin/it/unimi/dsi/fastutil/ints/Int2ObjectOpenHashMap insert (IILjava/lang/Object;)V 6 62 0 org/jetbrains/kotlin/com/intellij/psi/impl/source/CharTableImpl$StringHashToCharSequencesMap charSequenceSubSequenceEquals (Ljava/lang/CharSequence;Ljava/lang/CharSequence;II)Z 7 17 0 java/lang/String length ()I 8 6 0 java/lang/String coder ()B 7 45 0 java/lang/String length ()I 8 6 0 java/lang/String coder ()B 7 62 0 java/lang/String charAt (I)C 8 1 0 java/lang/String isLatin1 ()Z 8 12 0 java/lang/StringLatin1 charAt ([BI)C 9 3 0 java/lang/String checkIndex (II)V 7 72 0 org/jetbrains/kotlin/com/intellij/util/text/ImmutableText charAt (I)C 8 46 0 java/lang/String charAt (I)C 9 1 0 java/lang/String isLatin1 ()Z 9 12 0 java/lang/StringLatin1 charAt ([BI)C 10 3 0 java/lang/String checkIndex (II)V 8 46 0 org/jetbrains/kotlin/com/intellij/util/text/ByteArrayCharSequence charAt (I)C 7 72 0 java/lang/String charAt (I)C 8 1 0 java/lang/String isLatin1 ()Z 8 12 0 java/lang/StringLatin1 charAt ([BI)C 9 3 0 java/lang/String checkIndex (II)V 2 31 0 org/jetbrains/kotlin/com/intellij/psi/tree/TokenSet contains (Lorg/jetbrains/kotlin/com/intellij/psi/tree/IElementType;)Z 3 7 0 org/jetbrains/kotlin/com/intellij/psi/tree/IElementType getIndex ()S 3 26 0 org/jetbrains/kotlin/com/intellij/psi/tree/TokenSet get (I)Z 2 43 0 org/jetbrains/kotlin/com/intellij/psi/impl/source/tree/PsiWhiteSpaceImpl <init> (Ljava/lang/CharSequence;)V 3 5 0 org/jetbrains/kotlin/com/intellij/psi/impl/source/tree/LeafPsiElement <init> (Lorg/jetbrains/kotlin/com/intellij/psi/tree/IElementType;Ljava/lang/CharSequence;)V 4 11 0 org/jetbrains/kotlin/com/intellij/psi/impl/source/tree/LeafElement <init> (Lorg/jetbrains/kotlin/com/intellij/psi/tree/IElementType;Ljava/lang/CharSequence;)V 5 10 0 org/jetbrains/kotlin/com/intellij/psi/impl/source/tree/TreeElement <init> (Lorg/jetbrains/kotlin/com/intellij/psi/tree/IElementType;)V 6 9 0 org/jetbrains/kotlin/com/intellij/psi/impl/ElementBase <init> ()V 7 1 0 org/jetbrains/kotlin/com/intellij/openapi/util/UserDataHolderBase <init> ()V 8 1 0 java/util/concurrent/atomic/AtomicReference <init> ()V 9 1 0 java/lang/Object <init> ()V 8 8 0 java/util/concurrent/atomic/AtomicReference set (Ljava/lang/Object;)V 2 83 0 org/jetbrains/kotlin/com/intellij/lang/impl/PsiBuilderImpl getASTFactory ()Lorg/jetbrains/kotlin/com/intellij/lang/ASTFactory; 2 142 0 org/jetbrains/kotlin/com/intellij/lang/ASTFactory leaf (Lorg/jetbrains/kotlin/com/intellij/psi/tree/IElementType;Ljava/lang/CharSequence;)Lorg/jetbrains/kotlin/com/intellij/psi/impl/source/tree/LeafElement; 3 65 0 org/jetbrains/kotlin/com/intellij/lang/ASTFactory factory (Lorg/jetbrains/kotlin/com/intellij/psi/tree/IElementType;)Lorg/jetbrains/kotlin/com/intellij/lang/ASTFactory; 4 4 0 org/jetbrains/kotlin/com/intellij/psi/tree/IElementType getLanguage ()Lorg/jetbrains/kotlin/com/intellij/lang/Language; 4 7 0 org/jetbrains/kotlin/com/intellij/lang/LanguageExtension forLanguage (Lorg/jetbrains/kotlin/com/intellij/lang/Language;)Ljava/lang/Object; 5 14 0 org/jetbrains/kotlin/com/intellij/openapi/util/UserDataHolderBase getUserData (Lorg/jetbrains/kotlin/com/intellij/openapi/util/Key;)Ljava/lang/Object; 6 9 0 org/jetbrains/kotlin/com/intellij/openapi/util/UserDataHolderBase getUserMap ()Lorg/jetbrains/kotlin/com/intellij/util/keyFMap/KeyFMap; 7 1 0 java/util/concurrent/atomic/AtomicReference get ()Ljava/lang/Object; 6 13 0 org/jetbrains/kotlin/com/intellij/util/keyFMap/ArrayBackedFMap get (Lorg/jetbrains/kotlin/com/intellij/openapi/util/Key;)Ljava/lang/Object; 7 11 0 org/jetbrains/kotlin/com/intellij/openapi/util/Key hashCode ()I 7 14 0 org/jetbrains/kotlin/com/intellij/util/keyFMap/ArrayBackedFMap indexOf (I)I 3 70 0 org/jetbrains/kotlin/com/intellij/lang/DefaultASTFactoryImpl createLeaf (Lorg/jetbrains/kotlin/com/intellij/psi/tree/IElementType;Ljava/lang/CharSequence;)Lorg/jetbrains/kotlin/com/intellij/psi/impl/source/tree/LeafElement; 4 17 0 org/jetbrains/kotlin/com/intellij/psi/tree/IElementType getLanguage ()Lorg/jetbrains/kotlin/com/intellij/lang/Language; 4 25 0 org/jetbrains/kotlin/com/intellij/lang/LanguageExtension forLanguage (Lorg/jetbrains/kotlin/com/intellij/lang/Language;)Ljava/lang/Object; 5 14 0 org/jetbrains/kotlin/com/intellij/openapi/util/UserDataHolderBase getUserData (Lorg/jetbrains/kotlin/com/intellij/openapi/util/Key;)Ljava/lang/Object; 6 9 0 org/jetbrains/kotlin/com/intellij/openapi/util/UserDataHolderBase getUserMap ()Lorg/jetbrains/kotlin/com/intellij/util/keyFMap/KeyFMap; 7 1 0 java/util/concurrent/atomic/AtomicReference get ()Ljava/lang/Object; 6 13 0 org/jetbrains/kotlin/com/intellij/util/keyFMap/ArrayBackedFMap get (Lorg/jetbrains/kotlin/com/intellij/openapi/util/Key;)Ljava/lang/Object; 7 11 0 org/jetbrains/kotlin/com/intellij/openapi/util/Key hashCode ()I 7 14 0 org/jetbrains/kotlin/com/intellij/util/keyFMap/ArrayBackedFMap indexOf (I)I 4 40 0 org/jetbrains/kotlin/parsing/KotlinParserDefinition getCommentTokens ()Lorg/jetbrains/kotlin/com/intellij/psi/tree/TokenSet; 5 6 0 kotlin/jvm/internal/Intrinsics checkNotNullExpressionValue (Ljava/lang/Object;Ljava/lang/String;)V 4 46 0 org/jetbrains/kotlin/com/intellij/psi/tree/TokenSet contains (Lorg/jetbrains/kotlin/com/intellij/psi/tree/IElementType;)Z 5 7 0 org/jetbrains/kotlin/com/intellij/psi/tree/IElementType getIndex ()S 5 26 0 org/jetbrains/kotlin/com/intellij/psi/tree/TokenSet get (I)Z 4 55 0 org/jetbrains/kotlin/com/intellij/lang/DefaultASTFactoryImpl createComment (Lorg/jetbrains/kotlin/com/intellij/psi/tree/IElementType;Ljava/lang/CharSequence;)Lorg/jetbrains/kotlin/com/intellij/psi/impl/source/tree/LeafElement; 5 23 0 org/jetbrains/kotlin/com/intellij/psi/impl/source/tree/PsiCommentImpl <init> (Lorg/jetbrains/kotlin/com/intellij/psi/tree/IElementType;Ljava/lang/CharSequence;)V 6 19 0 org/jetbrains/kotlin/com/intellij/psi/impl/source/tree/LeafPsiElement <init> (Lorg/jetbrains/kotlin/com/intellij/psi/tree/IElementType;Ljava/lang/CharSequence;)V 7 11 0 org/jetbrains/kotlin/com/intellij/psi/impl/source/tree/LeafElement <init> (Lorg/jetbrains/kotlin/com/intellij/psi/tree/IElementType;Ljava/lang/CharSequence;)V 8 10 0 org/jetbrains/kotlin/com/intellij/psi/impl/source/tree/TreeElement <init> (Lorg/jetbrains/kotlin/com/intellij/psi/tree/IElementType;)V 9 9 0 org/jetbrains/kotlin/com/intellij/psi/impl/ElementBase <init> ()V 10 1 0 org/jetbrains/kotlin/com/intellij/openapi/util/UserDataHolderBase <init> ()V 11 1 0 java/util/concurrent/atomic/AtomicReference <init> ()V 12 1 0 java/lang/Object <init> ()V 11 8 0 java/util/concurrent/atomic/AtomicReference set (Ljava/lang/Object;)V 4 73 0 org/jetbrains/kotlin/com/intellij/psi/impl/source/tree/LeafPsiElement <init> (Lorg/jetbrains/kotlin/com/intellij/psi/tree/IElementType;Ljava/lang/CharSequence;)V 5 11 0 org/jetbrains/kotlin/com/intellij/psi/impl/source/tree/LeafElement <init> (Lorg/jetbrains/kotlin/com/intellij/psi/tree/IElementType;Ljava/lang/CharSequence;)V 6 10 0 org/jetbrains/kotlin/com/intellij/psi/impl/source/tree/TreeElement <init> (Lorg/jetbrains/kotlin/com/intellij/psi/tree/IElementType;)V 7 9 0 org/jetbrains/kotlin/com/intellij/psi/impl/ElementBase <init> ()V 8 1 0 org/jetbrains/kotlin/com/intellij/openapi/util/UserDataHolderBase <init> ()V 9 1 0 java/util/concurrent/atomic/AtomicReference <init> ()V 10 1 0 java/lang/Object <init> ()V 9 8 0 java/util/concurrent/atomic/AtomicReference set (Ljava/lang/Object;)V 1 77 0 org/jetbrains/kotlin/com/intellij/psi/impl/source/tree/CompositeElement rawAddChildrenWithoutNotifications (Lorg/jetbrains/kotlin/com/intellij/psi/impl/source/tree/TreeElement;)V 2 10 0 org/jetbrains/kotlin/com/intellij/psi/impl/source/tree/CompositeElement getLastChildNode ()Lorg/jetbrains/kotlin/com/intellij/psi/impl/source/tree/TreeElement; 2 20 0 org/jetbrains/kotlin/com/intellij/psi/impl/source/tree/CompositeElement rawSetParents (Lorg/jetbrains/kotlin/com/intellij/psi/impl/source/tree/TreeElement;Lorg/jetbrains/kotlin/com/intellij/psi/impl/source/tree/CompositeElement;)Lorg/jetbrains/kotlin/com/intellij/psi/impl/source/tree/TreeElement; 3 21 0 org/jetbrains/kotlin/com/intellij/psi/impl/source/tree/TreeElement rawRemoveUpToWithoutNotifications (Lorg/jetbrains/kotlin/com/intellij/psi/impl/source/tree/TreeElement;Z)V 4 7 0 org/jetbrains/kotlin/com/intellij/psi/impl/source/tree/TreeElement getTreeParent ()Lorg/jetbrains/kotlin/com/intellij/psi/impl/source/tree/CompositeElement; 4 12 0 org/jetbrains/kotlin/com/intellij/psi/impl/source/tree/TreeElement getTreePrev ()Lorg/jetbrains/kotlin/com/intellij/psi/impl/source/tree/TreeElement; 4 143 0 org/jetbrains/kotlin/com/intellij/psi/impl/source/tree/TreeElement getTreePrev ()Lorg/jetbrains/kotlin/com/intellij/psi/impl/source/tree/TreeElement; 4 187 0 org/jetbrains/kotlin/com/intellij/psi/impl/source/tree/TreeElement setTreePrev (Lorg/jetbrains/kotlin/com/intellij/psi/impl/source/tree/TreeElement;)V 5 6 0 org/jetbrains/kotlin/com/intellij/psi/impl/source/tree/TreeElement clearRelativeOffsets (Lorg/jetbrains/kotlin/com/intellij/psi/impl/source/tree/TreeElement;)V 4 230 0 org/jetbrains/kotlin/com/intellij/psi/impl/source/tree/TreeElement getTreeNext ()Lorg/jetbrains/kotlin/com/intellij/psi/impl/source/tree/TreeElement; 4 239 0 org/jetbrains/kotlin/com/intellij/psi/impl/DebugUtil checkTreeStructure (Lorg/jetbrains/kotlin/com/intellij/lang/ASTNode;)V 4 243 0 org/jetbrains/kotlin/com/intellij/psi/impl/DebugUtil checkTreeStructure (Lorg/jetbrains/kotlin/com/intellij/lang/ASTNode;)V 3 26 0 org/jetbrains/kotlin/com/intellij/psi/impl/source/tree/TreeElement setTreeParent (Lorg/jetbrains/kotlin/com/intellij/psi/impl/source/tree/CompositeElement;)V 4 10 0 org/jetbrains/kotlin/com/intellij/psi/impl/source/tree/TreeElement getCachedFile (Lorg/jetbrains/kotlin/com/intellij/psi/impl/source/tree/TreeElement;)Lorg/jetbrains/kotlin/com/intellij/psi/impl/source/PsiFileImpl; 5 9 0 org/jetbrains/kotlin/com/intellij/psi/impl/source/tree/SharedImplUtil findFileElement (Lorg/jetbrains/kotlin/com/intellij/lang/ASTNode;)Lorg/jetbrains/kotlin/com/intellij/lang/FileASTNode; 6 9 0 org/jetbrains/kotlin/com/intellij/psi/impl/source/tree/TreeElement getTreeParent ()Lorg/jetbrains/kotlin/com/intellij/lang/ASTNode; 7 1 0 org/jetbrains/kotlin/com/intellij/psi/impl/source/tree/TreeElement getTreeParent ()Lorg/jetbrains/kotlin/com/intellij/psi/impl/source/tree/CompositeElement; 6 22 0 org/jetbrains/kotlin/com/intellij/psi/impl/source/tree/TreeElement getTreeParent ()Lorg/jetbrains/kotlin/com/intellij/lang/ASTNode; 7 1 0 org/jetbrains/kotlin/com/intellij/psi/impl/source/tree/TreeElement getTreeParent ()Lorg/jetbrains/kotlin/com/intellij/psi/impl/source/tree/CompositeElement; 5 25 0 org/jetbrains/kotlin/com/intellij/psi/impl/source/tree/CompositeElement getCachedPsi ()Lorg/jetbrains/kotlin/com/intellij/psi/PsiElement; 4 32 0 org/jetbrains/kotlin/com/intellij/psi/impl/source/tree/TreeElement getElementType ()Lorg/jetbrains/kotlin/com/intellij/psi/tree/IElementType; 4 42 0 org/jetbrains/kotlin/com/intellij/psi/impl/DebugUtil revalidateNode (Lorg/jetbrains/kotlin/com/intellij/lang/ASTNode;)V 3 30 0 org/jetbrains/kotlin/com/intellij/psi/impl/source/tree/TreeElement getTreeNext ()Lorg/jetbrains/kotlin/com/intellij/psi/impl/source/tree/TreeElement; 2 26 0 org/jetbrains/kotlin/com/intellij/psi/impl/source/tree/CompositeElement setFirstChildNode (Lorg/jetbrains/kotlin/com/intellij/psi/impl/source/tree/TreeElement;)V 3 6 0 org/jetbrains/kotlin/com/intellij/psi/impl/source/tree/TreeElement clearRelativeOffsets (Lorg/jetbrains/kotlin/com/intellij/psi/impl/source/tree/TreeElement;)V 2 31 0 org/jetbrains/kotlin/com/intellij/psi/impl/source/tree/CompositeElement setLastChildNode (Lorg/jetbrains/kotlin/com/intellij/psi/impl/source/tree/TreeElement;)V 2 39 0 org/jetbrains/kotlin/com/intellij/psi/impl/source/tree/TreeElement rawInsertAfterMeWithoutNotifications (Lorg/jetbrains/kotlin/com/intellij/psi/impl/source/tree/TreeElement;)V 3 12 0 org/jetbrains/kotlin/com/intellij/psi/impl/source/tree/TreeElement rawRemoveUpToWithoutNotifications (Lorg/jetbrains/kotlin/com/intellij/psi/impl/source/tree/TreeElement;Z)V 4 7 0 org/jetbrains/kotlin/com/intellij/psi/impl/source/tree/TreeElement getTreeParent ()Lorg/jetbrains/kotlin/com/intellij/psi/impl/source/tree/CompositeElement; 4 12 0 org/jetbrains/kotlin/com/intellij/psi/impl/source/tree/TreeElement getTreePrev ()Lorg/jetbrains/kotlin/com/intellij/psi/impl/source/tree/TreeElement; 4 143 0 org/jetbrains/kotlin/com/intellij/psi/impl/source/tree/TreeElement getTreePrev ()Lorg/jetbrains/kotlin/com/intellij/psi/impl/source/tree/TreeElement; 4 187 0 org/jetbrains/kotlin/com/intellij/psi/impl/source/tree/TreeElement setTreePrev (Lorg/jetbrains/kotlin/com/intellij/psi/impl/source/tree/TreeElement;)V 5 6 0 org/jetbrains/kotlin/com/intellij/psi/impl/source/tree/TreeElement clearRelativeOffsets (Lorg/jetbrains/kotlin/com/intellij/psi/impl/source/tree/TreeElement;)V 4 230 0 org/jetbrains/kotlin/com/intellij/psi/impl/source/tree/TreeElement getTreeNext ()Lorg/jetbrains/kotlin/com/intellij/psi/impl/source/tree/TreeElement; 4 239 0 org/jetbrains/kotlin/com/intellij/psi/impl/DebugUtil checkTreeStructure (Lorg/jetbrains/kotlin/com/intellij/lang/ASTNode;)V 4 243 0 org/jetbrains/kotlin/com/intellij/psi/impl/DebugUtil checkTreeStructure (Lorg/jetbrains/kotlin/com/intellij/lang/ASTNode;)V 3 16 0 org/jetbrains/kotlin/com/intellij/psi/impl/source/tree/TreeElement getTreeParent ()Lorg/jetbrains/kotlin/com/intellij/psi/impl/source/tree/CompositeElement; 3 21 0 org/jetbrains/kotlin/com/intellij/psi/impl/source/tree/TreeElement getTreeNext ()Lorg/jetbrains/kotlin/com/intellij/psi/impl/source/tree/TreeElement; 3 27 0 org/jetbrains/kotlin/com/intellij/psi/impl/source/tree/TreeElement setTreePrev (Lorg/jetbrains/kotlin/com/intellij/psi/impl/source/tree/TreeElement;)V 4 6 0 org/jetbrains/kotlin/com/intellij/psi/impl/source/tree/TreeElement clearRelativeOffsets (Lorg/jetbrains/kotlin/com/intellij/psi/impl/source/tree/TreeElement;)V 3 32 0 org/jetbrains/kotlin/com/intellij/psi/impl/source/tree/TreeElement setTreeNext (Lorg/jetbrains/kotlin/com/intellij/psi/impl/source/tree/TreeElement;)V 4 6 0 org/jetbrains/kotlin/com/intellij/psi/impl/source/tree/TreeElement clearRelativeOffsets (Lorg/jetbrains/kotlin/com/intellij/psi/impl/source/tree/TreeElement;)V 3 36 0 org/jetbrains/kotlin/com/intellij/psi/impl/source/tree/TreeElement getTreeNext ()Lorg/jetbrains/kotlin/com/intellij/psi/impl/source/tree/TreeElement; 3 66 0 org/jetbrains/kotlin/com/intellij/psi/impl/source/tree/TreeElement setTreeParent (Lorg/jetbrains/kotlin/com/intellij/psi/impl/source/tree/CompositeElement;)V 4 10 0 org/jetbrains/kotlin/com/intellij/psi/impl/source/tree/TreeElement getCachedFile (Lorg/jetbrains/kotlin/com/intellij/psi/impl/source/tree/TreeElement;)Lorg/jetbrains/kotlin/com/intellij/psi/impl/source/PsiFileImpl; 5 9 0 org/jetbrains/kotlin/com/intellij/psi/impl/source/tree/SharedImplUtil findFileElement (Lorg/jetbrains/kotlin/com/intellij/lang/ASTNode;)Lorg/jetbrains/kotlin/com/intellij/lang/FileASTNode; 6 9 0 org/jetbrains/kotlin/com/intellij/psi/impl/source/tree/TreeElement getTreeParent ()Lorg/jetbrains/kotlin/com/intellij/lang/ASTNode; 7 1 0 org/jetbrains/kotlin/com/intellij/psi/impl/source/tree/TreeElement getTreeParent ()Lorg/jetbrains/kotlin/com/intellij/psi/impl/source/tree/CompositeElement; 6 22 0 org/jetbrains/kotlin/com/intellij/psi/impl/source/tree/TreeElement getTreeParent ()Lorg/jetbrains/kotlin/com/intellij/lang/ASTNode; 7 1 0 org/jetbrains/kotlin/com/intellij/psi/impl/source/tree/TreeElement getTreeParent ()Lorg/jetbrains/kotlin/com/intellij/psi/impl/source/tree/CompositeElement; 5 25 0 org/jetbrains/kotlin/com/intellij/psi/impl/source/tree/CompositeElement getCachedPsi ()Lorg/jetbrains/kotlin/com/intellij/psi/PsiElement; 4 32 0 org/jetbrains/kotlin/com/intellij/psi/impl/source/tree/TreeElement getElementType ()Lorg/jetbrains/kotlin/com/intellij/psi/tree/IElementType; 4 42 0 org/jetbrains/kotlin/com/intellij/psi/impl/DebugUtil revalidateNode (Lorg/jetbrains/kotlin/com/intellij/lang/ASTNode;)V 3 93 0 org/jetbrains/kotlin/com/intellij/psi/impl/source/tree/TreeElement setTreeParent (Lorg/jetbrains/kotlin/com/intellij/psi/impl/source/tree/CompositeElement;)V 4 10 0 org/jetbrains/kotlin/com/intellij/psi/impl/source/tree/TreeElement getCachedFile (Lorg/jetbrains/kotlin/com/intellij/psi/impl/source/tree/TreeElement;)Lorg/jetbrains/kotlin/com/intellij/psi/impl/source/PsiFileImpl; 5 9 0 org/jetbrains/kotlin/com/intellij/psi/impl/source/tree/SharedImplUtil findFileElement (Lorg/jetbrains/kotlin/com/intellij/lang/ASTNode;)Lorg/jetbrains/kotlin/com/intellij/lang/FileASTNode; 6 9 0 org/jetbrains/kotlin/com/intellij/psi/impl/source/tree/TreeElement getTreeParent ()Lorg/jetbrains/kotlin/com/intellij/lang/ASTNode; 7 1 0 org/jetbrains/kotlin/com/intellij/psi/impl/source/tree/TreeElement getTreeParent ()Lorg/jetbrains/kotlin/com/intellij/psi/impl/source/tree/CompositeElement; 6 22 0 org/jetbrains/kotlin/com/intellij/psi/impl/source/tree/TreeElement getTreeParent ()Lorg/jetbrains/kotlin/com/intellij/lang/ASTNode; 7 1 0 org/jetbrains/kotlin/com/intellij/psi/impl/source/tree/TreeElement getTreeParent ()Lorg/jetbrains/kotlin/com/intellij/psi/impl/source/tree/CompositeElement; 5 25 0 org/jetbrains/kotlin/com/intellij/psi/impl/source/tree/CompositeElement getCachedPsi ()Lorg/jetbrains/kotlin/com/intellij/psi/PsiElement; 4 32 0 org/jetbrains/kotlin/com/intellij/psi/impl/source/tree/TreeElement getElementType ()Lorg/jetbrains/kotlin/com/intellij/psi/tree/IElementType; 4 42 0 org/jetbrains/kotlin/com/intellij/psi/impl/DebugUtil revalidateNode (Lorg/jetbrains/kotlin/com/intellij/lang/ASTNode;)V 3 98 0 org/jetbrains/kotlin/com/intellij/psi/impl/source/tree/CompositeElement setLastChildNode (Lorg/jetbrains/kotlin/com/intellij/psi/impl/source/tree/TreeElement;)V 3 115 0 org/jetbrains/kotlin/com/intellij/psi/impl/DebugUtil checkTreeStructure (Lorg/jetbrains/kotlin/com/intellij/lang/ASTNode;)V 2 43 0 org/jetbrains/kotlin/com/intellij/psi/impl/DebugUtil checkTreeStructure (Lorg/jetbrains/kotlin/com/intellij/lang/ASTNode;)V
